hours,episodes,title,author,lang,feed,apple_url,site
23680.67,790,Truyện Audio Sưu Tầm,orchids,vi,https://anchor.fm/s/ccc8a36c/podcast/rss,https://podcasts.apple.com/us/podcast/truy%E1%BB%87n-audio-s%C6%B0u-t%E1%BA%A7m/id1654719659?uo=4,https://anchor.fm/orchids5
6129.41,1568,Trạm Audio Truyện,RadioXua.com,vi,https://anchor.fm/s/651465d0/podcast/rss,https://podcasts.apple.com/us/podcast/tr%E1%BA%A1m-audio-truy%E1%BB%87n/id1578013761?uo=4,https://radioxua.com
2387.68,2008,A Di Đà Phật (Podcast Thiện Nguyện Pháp Thí) by Nguyễn Đăng Huy Zalo: 070 24 24 224,Nguyễn Đăng Huy,vi,https://anchor.fm/s/ee4c0a60/podcast/rss,https://podcasts.apple.com/us/podcast/a-di-%C4%91%C3%A0-ph%E1%BA%ADt-podcast-thi%E1%BB%87n-nguy%E1%BB%87n-ph%C3%A1p-th%C3%AD-by/id1719465015?uo=4,https://podcasters.spotify.com/pod/show/dhuydng
2144.3,669,Tổ Chức Đào Tạo WIT,Wit Podcast,vi,https://anchor.fm/s/bc5a40a8/podcast/rss,https://podcasts.apple.com/vn/podcast/t%E1%BB%95-ch%E1%BB%A9c-%C4%91%C3%A0o-t%E1%BA%A1o-wit/id1649025877?uo=4,http://link.wit.edu.vn/telegram
2139.12,1096,CHÙA LONG HƯƠNG - TT. THÍCH TUỆ HẢI,CHÙA LONG HƯƠNG,vi,https://anchor.fm/s/15ffbf58/podcast/rss,https://podcasts.apple.com/us/podcast/ch%C3%B9a-long-h%C6%B0%C6%A1ng-tt-th%C3%ADch-tu%E1%BB%87-h%E1%BA%A3i/id1502538897?uo=4,https://chualonghuong.org
1851.53,9474,Vina Technology at AI time - Công nghệ Việt Nam thời AI,Lê Quang Văn,vi,https://anchor.fm/s/56decb4/podcast/rss,https://podcasts.apple.com/us/podcast/vina-technology-at-ai-time-c%C3%B4ng-ngh%E1%BB%87-vi%E1%BB%87t-nam-th%E1%BB%9Di-ai/id1417984424?uo=4,https://podcasters.spotify.com/pod/show/vina-technology
1497.11,7536,VOV - Sự kiện Bàn luận,Đài Tiếng nói Việt Nam,vi,https://anchor.fm/s/8535a2c/podcast/rss,https://podcasts.apple.com/us/podcast/vov-s%E1%BB%B1-ki%E1%BB%87n-b%C3%A0n-lu%E1%BA%ADn/id1447959801?uo=4,http://vov1.vn
1193.42,2272,HANOI Radio FM 90MHz,HANOI Radio FM 90MHz,vi,https://anchor.fm/s/6445fb3c/podcast/rss,https://podcasts.apple.com/vn/podcast/hanoi-radio-fm-90mhz/id1578206278?uo=4,https://hanoitv.vn
1160.59,56,Truyện Audio Ngôn Tình,Trang,vi,https://anchor.fm/s/642d7db4/podcast/rss,https://podcasts.apple.com/us/podcast/truy%E1%BB%87n-audio-ng%C3%B4n-t%C3%ACnh/id1580343606?uo=4,https://podcasters.spotify.com/pod/show/trang43
1117.84,3992,"Phát thanh Thanh Hóa 92,3MHz","Phát thanh Thanh Hóa 92,3MHz",vi,https://anchor.fm/s/69e6d638/podcast/rss,https://podcasts.apple.com/vn/podcast/ph%C3%A1t-thanh-thanh-h%C3%B3a-92-3mhz/id1584959343?uo=4,http://truyenhinhthanhhoa.vn
1111.15,323,Sách nói tuổi đôi mươi!,tuoidoimuoi,vi,https://anchor.fm/s/f717e81c/podcast/rss,https://podcasts.apple.com/vn/podcast/s%C3%A1ch-n%C3%B3i-tu%E1%BB%95i-%C4%91%C3%B4i-m%C6%B0%C6%A1i/id1886640709?uo=4,https://podcasters.spotify.com/pod/show/tuoidoimuoi
1108.64,2136,Chương trình hằng ngày - Vatican News Tiếng Việt,Vatican News Tiếng Việt,vi,https://anchor.fm/s/4ac71d80/podcast/rss,https://podcasts.apple.com/us/podcast/ch%C6%B0%C6%A1ng-tr%C3%ACnh-h%E1%BA%B1ng-ng%C3%A0y-vatican-news-ti%E1%BA%BFng-vi%E1%BB%87t/id1551917143?uo=4,https://www.vaticannews.va/vi
1066.8,792,Pháp Thoại Thích Pháp Hòa,Thầy Thích Pháp Hòa,vi,https://anchor.fm/s/105a11d04/podcast/rss,https://podcasts.apple.com/us/podcast/ph%C3%A1p-tho%E1%BA%A1i-th%C3%ADch-ph%C3%A1p-h%C3%B2a/id1836383439?uo=4,https://www.facebook.com/truclam.monastery
1053.71,647,Tịnh Độ Đại Kinh Giải Diễn Nghĩa,Niệm Phật Thành Phật,vi,https://anchor.fm/s/d2c529fc/podcast/rss,https://podcasts.apple.com/us/podcast/t%E1%BB%8Bnh-%C4%91%E1%BB%99-%C4%91%E1%BA%A1i-kinh-gi%E1%BA%A3i-di%E1%BB%85n-ngh%C4%A9a/id1657849024?uo=4,https://podcasters.spotify.com/pod/show/tinhdokinh
1005.18,1248,Truyện Dài - Truyện Ngắn,Lộc Lá,vi,https://anchor.fm/s/dae7ab14/podcast/rss,https://podcasts.apple.com/us/podcast/truy%E1%BB%87n-d%C3%A0i-truy%E1%BB%87n-ng%E1%BA%AFn/id1672174278?uo=4,https://podcasters.spotify.com/pod/show/lc-l8
995.22,3753,Truyền Thông Dòng Tên,Truyền Thông Dòng Tên,vi,https://anchor.fm/s/68ccffd4/podcast/rss,https://podcasts.apple.com/us/podcast/truy%E1%BB%81n-th%C3%B4ng-d%C3%B2ng-t%C3%AAn/id1584487075?uo=4,https://dongten.net
960.12,110,Sách Nói Lịch Sử,Quang Khanh,vi,https://anchor.fm/s/112560fb4/podcast/rss,https://podcasts.apple.com/us/podcast/s%C3%A1ch-n%C3%B3i-l%E1%BB%8Bch-s%E1%BB%AD/id1896427266?uo=4,https://podcasters.spotify.com/pod/show/quang-hng-nguyn8
894.54,803,Chuyện Ma ST | Chuyện Tâm Linh Sưu Tầm,Chuyện Ma ST,vi,https://anchor.fm/s/d86506ac/podcast/rss,https://podcasts.apple.com/us/podcast/chuy%E1%BB%87n-ma-st-chuy%E1%BB%87n-t%C3%A2m-linh-s%C6%B0u-t%E1%BA%A7m/id1678026259?uo=4,https://podcasters.spotify.com/pod/show/chuyen-ma-st
871.54,230,SÁCH TÂM LINH,Trung Thành Đinh,vi,https://anchor.fm/s/a745a2ac/podcast/rss,https://podcasts.apple.com/us/podcast/s%C3%A1ch-t%C3%A2m-linh/id1634407238?uo=4,https://podcasters.spotify.com/pod/show/sachtamlinh
795.62,4936,SBS Vietnamese - SBS Việt ngữ,SBS,vi,https://sbs-ondemand.streamguys1.com/sbs-Vietnamese/,https://podcasts.apple.com/us/podcast/sbs-vietnamese-sbs-vi%E1%BB%87t-ng%E1%BB%AF/id161320292?uo=4,https://www.sbs.com.au/language/vietnamese/vi/podcast/sbs-vietnamese
760.65,4426,VOV - Kinh tế Tài chính,Đài Tiếng nói Việt Nam,vi,https://anchor.fm/s/84e912c/podcast/rss,https://podcasts.apple.com/us/podcast/vov-kinh-t%E1%BA%BF-t%C3%A0i-ch%C3%ADnh/id1447843388?uo=4,http://vov1.vn
718.77,1084,NIỆM PHẬT TÂM AN,A Di Đà Phật,vi,https://anchor.fm/s/78a9b1b8/podcast/rss,https://podcasts.apple.com/vn/podcast/ni%E1%BB%87m-ph%E1%BA%ADt-t%C3%A2m-an/id1607682553?uo=4,https://podcasters.spotify.com/pod/show/do-van-thong
682.82,460,SƯ TOẠI KHANH,Người Phương Ngoại,vi,https://anchor.fm/s/f05b5edc/podcast/rss,https://podcasts.apple.com/us/podcast/s%C6%B0-to%E1%BA%A1i-khanh/id1725827334?uo=4,https://podcasters.spotify.com/pod/show/nguoi-phuong-ngoai
668.83,1160,Sách Nói Chất Lượng Cao,Voiz FM,vi,https://anchor.fm/s/4fc2edb4/podcast/rss,https://podcasts.apple.com/us/podcast/s%C3%A1ch-n%C3%B3i-ch%E1%BA%A5t-l%C6%B0%E1%BB%A3ng-cao/id1557045854?uo=4,https://voiz.vn
656.63,1298,Radio Dap Loi Song Nui,Radio Đáp Lời Sông Núi,vi,https://anchor.fm/s/da80b8c8/podcast/rss,https://podcasts.apple.com/us/podcast/radio-dap-loi-song-nui/id1670541798?uo=4,https://podcasters.spotify.com/pod/show/daploisongnui
642.72,1159,Tám Sài Gòn,Kim Thanh Duong,vi,https://anchor.fm/s/256fcf78/podcast/rss,https://podcasts.apple.com/us/podcast/t%C3%A1m-s%C3%A0i-g%C3%B2n/id1517647111?uo=4,https://podcasters.spotify.com/pod/show/kim-thanh-duong
641.71,849,Thư Viện Sách Nói Có Bản Quyền,Fonos,vi,https://feeds.transistor.fm/th-vi-n-sach-noi,https://podcasts.apple.com/us/podcast/th%C6%B0-vi%E1%BB%87n-s%C3%A1ch-n%C3%B3i-c%C3%B3-b%E1%BA%A3n-quy%E1%BB%81n/id1571282770?uo=4,https://fonos.vn
614.52,984,Thai Pham,Thai Pham,vi,https://anchor.fm/s/cb8ce94/podcast/rss,https://podcasts.apple.com/us/podcast/thai-pham/id1476373751?uo=4,https://thaipham.live/
600.66,1852,NHI LE,Nhi Le,vi,https://anchor.fm/s/69ead030/podcast/rss,https://podcasts.apple.com/us/podcast/nhi-le/id1595088466?uo=4,https://podcasters.spotify.com/pod/show/nhilepodcast
579.16,533,Xóm Truyện Ma (Podcast),TruyenMa.Vn,vi,https://anchor.fm/s/d2d37d2c/podcast/rss,https://podcasts.apple.com/us/podcast/x%C3%B3m-truy%E1%BB%87n-ma-podcast/id1675997465?uo=4,https://truyenma.vn
531.47,61,Mao Sơn Tróc Quỷ Nhân Audio,Truyện Audio,vi,https://anchor.fm/s/7785fa08/podcast/rss,https://podcasts.apple.com/us/podcast/mao-s%C6%A1n-tr%C3%B3c-qu%E1%BB%B7-nh%C3%A2n-audio/id1598787278?uo=4,https://podcasters.spotify.com/pod/show/anh-tin-trn
497.5,72,OneMinuteRecap - Nghe truyện,OneMinuteRecap,vi,https://anchor.fm/s/fb74cde4/podcast/rss,https://podcasts.apple.com/us/podcast/oneminuterecap-nghe-truy%E1%BB%87n/id1780535764?uo=4,https://patreon.com/oneminuterecap
491.91,970,Mật ngọt Murli (Nghe murli mỗi ngày),Mật ngọt Murli,vi,https://anchor.fm/s/f69a27ec/podcast/rss,https://podcasts.apple.com/us/podcast/m%E1%BA%ADt-ng%E1%BB%8Dt-murli-nghe-murli-m%E1%BB%97i-ng%C3%A0y/id1747649836?uo=4,https://murlivn.com
489.29,1980,VOV - Nội chính,Đài Tiếng nói Việt Nam,vi,https://anchor.fm/s/87b8d30/podcast/rss,https://podcasts.apple.com/us/podcast/vov-n%E1%BB%99i-chi-nh/id1448840452?uo=4,http://vov1.vn
477.59,120,Tu Chân Liêu Thiên Quần Audio,Truyện Audio,vi,https://anchor.fm/s/10a3d48d8/podcast/rss,https://podcasts.apple.com/vn/podcast/tu-ch%C3%A2n-li%C3%AAu-thi%C3%AAn-qu%E1%BA%A7n-audio/id1844933484?uo=4,https://podcasters.spotify.com/pod/show/trn-anh-tin2
455.8,54,Chia Sẻ Phật Pháp,Chia Sẻ Phật Pháp,vi,https://anchor.fm/s/6c4d15e0/podcast/rss,https://podcasts.apple.com/vn/podcast/chia-s%E1%BA%BB-ph%E1%BA%ADt-ph%C3%A1p/id1712804717?uo=4,https://podcasters.spotify.com/pod/show/chiasephatphap
455.76,135,Lê Pi Audiobooks,@lepiaudiobooks27,vi,https://anchor.fm/s/10fe3dd10/podcast/rss,https://podcasts.apple.com/us/podcast/l%C3%AA-pi-audiobooks/id1885093664?uo=4,https://podcasters.spotify.com/pod/show/l-pi6
448.08,63,Toàn Chức Pháp Sư Audio,Truyện Audio,vi,https://anchor.fm/s/eee18ef0/podcast/rss,https://podcasts.apple.com/us/podcast/to%C3%A0n-ch%E1%BB%A9c-ph%C3%A1p-s%C6%B0-audio/id1844821712?uo=4,https://podcasters.spotify.com/pod/show/trn-anh-tin
446.56,114,Trùng Sinh Chi Tối Cường Kiếm Thần Audio,Truyện Audio,vi,https://anchor.fm/s/10a3d8884/podcast/rss,https://podcasts.apple.com/vn/podcast/tr%C3%B9ng-sinh-chi-t%E1%BB%91i-c%C6%B0%E1%BB%9Dng-ki%E1%BA%BFm-th%E1%BA%A7n-audio/id1844924715?uo=4,https://podcasters.spotify.com/pod/show/trn-anh-tin4
445.88,419,Phật Pháp Nguyên Thủy,DT,vi,https://anchor.fm/s/10d50df80/podcast/rss,https://podcasts.apple.com/us/podcast/ph%C3%A2-t-ph%C3%A1p-nguy%C3%AAn-thu-y/id1865845288?uo=4,https://podcasters.spotify.com/pod/show/dieu-tue
442.97,600,Vô Vi Podcast - Vấn Đạo,Lương Sĩ Hằng - Vĩ Kiên,vi,https://feeds.simplecast.com/fKmuHoHJ,https://podcasts.apple.com/vn/podcast/v%C3%B4-vi-podcast-v%E1%BA%A5n-%C4%91%E1%BA%A1o/id1435202999?uo=4,https://vovipodcast.simplecast.fm
431.75,1954,Nghien cuu Quoc te,Lê Hồng Hiệp,vi,https://anchor.fm/s/62eab4e4/podcast/rss,https://podcasts.apple.com/us/podcast/nghien-cuu-quoc-te/id1574959769?uo=4,https://nghiencuuquocte.org/
422.55,989,Độc Thám TV - Hành trình khám phá những vụ án kinh điển và bí ẩn,Độc Thám TV,vi,https://anchor.fm/s/4dce3acc/podcast/rss,https://podcasts.apple.com/us/podcast/%C4%91%E1%BB%99c-th%C3%A1m-tv-h%C3%A0nh-tr%C3%ACnh-kh%C3%A1m-ph%C3%A1-nh%E1%BB%AFng-v%E1%BB%A5-%C3%A1n-kinh-%C4%91i%E1%BB%83n-v%C3%A0-b%C3%AD-%E1%BA%A9n/id1554821706?uo=4,https://podcasters.spotify.com/pod/show/docthamtv
418.95,1362,Spiderum Official,Spiderum,vi,https://anchor.fm/s/13c13550/podcast/rss,https://podcasts.apple.com/us/podcast/spiderum-official/id1498937274?uo=4,https://podcasters.spotify.com/pod/show/spiderum
416.97,600,Vô Vi Podcast - Bài Giảng,Lương Sĩ Hằng - Vĩ Kiên,vi,https://feeds.simplecast.com/ImFaN7rE,https://podcasts.apple.com/vn/podcast/v%C3%B4-vi-podcast-b%C3%A0i-gi%E1%BA%A3ng/id1456219351?uo=4,https://vo-vi-podcast-ban-giang.simplecast.com
397.29,574,Khám phá Đài Loan,"Tố Kim, Hải Ly, Tường Vy, Khiết Nhi, Thu Trang, Đức Mạnh, Minh Hà, Kim Dung,Rti",vi_vn,https://www.rti.org.tw/vn/CombinedProgramPodcastUrl?id=21,https://podcasts.apple.com/vn/podcast/kha-m-pha-%C4%91a-i-loan/id1703932755?uo=4,https://www.rti.org.tw/vn/CombinedProgramPodcastUrl?id=21
394.29,525,Giảng Luận Kinh Thánh,Giảng luận Kinh thánh,vi,https://anchor.fm/s/5e7c26cc/podcast/rss,https://podcasts.apple.com/us/podcast/gi%E1%BA%A3ng-lu%E1%BA%ADn-kinh-th%C3%A1nh/id1571458972?uo=4,https://giangluankinhthanh.net
363.8,179,Phúc Hưng,Phúc Hưng,vi,https://anchor.fm/s/67857ffc/podcast/rss,https://podcasts.apple.com/us/podcast/ph%C3%BAc-h%C6%B0ng/id1582771589?uo=4,https://podcasters.spotify.com/pod/show/phucnhapho
358.99,402,PIB EM PILARES,PIB EM PILARES,pt-br,https://anchor.fm/s/676a76e4/podcast/rss,https://podcasts.apple.com/vn/podcast/pib-em-pilares/id1580940114?uo=4,https://podcasters.spotify.com/pod/show/comunica347343-pilares
344.5,468,MYSU - Thy Thanh Pham (Official),MYSU Thy Thanh Pham,vi,https://anchor.fm/s/1082d0100/podcast/rss,https://podcasts.apple.com/us/podcast/mysu-thy-thanh-pham-official/id1836384001?uo=4,https://podcasters.spotify.com/pod/show/thich-phap-hoa9
343.81,272,Thích Trí Huệ,Thich Tri Hue Official,vi,https://anchor.fm/s/50cc64b0/podcast/rss,https://podcasts.apple.com/vn/podcast/th%C3%ADch-tr%C3%AD-hu%E1%BB%87/id1558209952?uo=4,https://podcasters.spotify.com/pod/show/thichtrihue
341.89,598,Trợ Lý Đầu Tư Chứng Khoán,Trolydautu.com,vi,https://anchor.fm/s/65fad538/podcast/rss,https://podcasts.apple.com/us/podcast/tr%E1%BB%A3-l%C3%BD-%C4%91%E1%BA%A7u-t%C6%B0-ch%E1%BB%A9ng-kho%C3%A1n/id1579689690?uo=4,https://trolydautu.com
339.94,1343,Radio Tôi Chia Sẻ,Radio Tôi Chia Sẻ,vi,https://anchor.fm/s/b9b96004/podcast/rss,https://podcasts.apple.com/us/podcast/radio-t%C3%B4i-chia-s%E1%BA%BB/id1646172901?uo=4,https://podcasters.spotify.com/pod/show/radio-toi-chia-se
330.57,255,Have A Sip,Vietcetera,vi,https://anchor.fm/s/103273a04/podcast/rss,https://podcasts.apple.com/us/podcast/have-a-sip/id1540283905?uo=4,http://vietcetera.com
329.84,389,Cuộc sống Đài Loan,"Tố Kim, Hải Ly, Khiết Nhi, Thúy Anh, Thu Trang, Đức Mạnh,Rti",vi_vn,https://www.rti.org.tw/vn/CombinedProgramPodcastUrl?id=19,https://podcasts.apple.com/vn/podcast/cu%C3%B4-c-s%C3%B4-ng-%C4%91a-i-loan/id1701767008?uo=4,https://www.rti.org.tw/vn/CombinedProgramPodcastUrl?id=19
328.88,996,Jiddu Krishnamurti Tiếng Việt,Jiddu Krishnamurti Audio,vi,https://www.jiddukrishnamurti.io.vn/feed.xml,https://podcasts.apple.com/us/podcast/jiddu-krishnamurti-ti%E1%BA%BFng-vi%E1%BB%87t/id1660520503?uo=4,https://www.jiddukrishnamurti.io.vn
323.11,8375,VOV - Tin nhanh 24h,Đài Tiếng nói Việt Nam,vi,https://anchor.fm/s/86f0c04/podcast/rss,https://podcasts.apple.com/us/podcast/vov-tin-nhanh-24h/id1448603366?uo=4,http://vov1.vn
322.36,480,Shalom Production,Shalom Production,vi,https://anchor.fm/s/5e9f7f3c/podcast/rss,https://podcasts.apple.com/us/podcast/shalom-production/id1571465015?uo=4,https://podcasters.spotify.com/pod/show/shalom-production
319.66,36,Sách nói hay,Quang Nguyễn,vi,https://anchor.fm/s/ef2e23a0/podcast/rss,https://podcasts.apple.com/us/podcast/s%C3%A1ch-n%C3%B3i-hay/id1721551083?uo=4,https://podcasters.spotify.com/pod/show/quang-nguyn6
317.49,1910,Sự việc & Góc nhìn,Kênh VOV Giao thông (VOVGT),vi,https://anchor.fm/s/23ae4638/podcast/rss,https://podcasts.apple.com/us/podcast/s%E1%BB%B1-vi%E1%BB%87c-g%C3%B3c-nh%C3%ACn/id1516044947?uo=4,https://podcasters.spotify.com/pod/show/phongnoidungso
301.71,1674,Oneway Radio - Tĩnh Nguyện Hằng Ngày,Oneway Media,vi,https://anchor.fm/s/6b1eebf8/podcast/rss,https://podcasts.apple.com/us/podcast/oneway-radio-t%C4%A9nh-nguy%E1%BB%87n-h%E1%BA%B1ng-ng%C3%A0y/id1585472329?uo=4,https://www.oneway.vn
300.21,174,Thích Nghe Truyện,Thích Nghe Truyện,vi,https://anchor.fm/s/75c7e910/podcast/rss,https://podcasts.apple.com/us/podcast/th%C3%ADch-nghe-truy%E1%BB%87n/id1597045791?uo=4,https://thichnghetruyen.com
300.07,433,Alo Song Ngữ - Giải pháp học ngoại ngữ trực tuyến,Alo Song Ngữ,fr,https://feeds.hubhopper.com/9bc58b6cf7675f4168244977765e1147.rss,https://podcasts.apple.com/vn/podcast/alo-song-ng%E1%BB%AF-gi%E1%BA%A3i-ph%C3%A1p-h%E1%BB%8Dc-ngo%E1%BA%A1i-ng%E1%BB%AF-tr%E1%BB%B1c-tuy%E1%BA%BFn/id1821813134?uo=4,https://hubhopper.com/podcast/alo-song-ngu-giai-phap-hoc-ngoai-ngu-truc-tuyen/449089
298.98,36,Toàn Chức Cao Thủ Audio,Truyện Audio,vi,https://anchor.fm/s/10a3d7f88/podcast/rss,https://podcasts.apple.com/us/podcast/to%C3%A0n-ch%E1%BB%A9c-cao-th%E1%BB%A7-audio/id1844929138?uo=4,https://podcasters.spotify.com/pod/show/trn-anh-tin25
298.13,270,Trò Chuyện Đêm Khuya,King AudioBooks,en,https://anchor.fm/s/245cf1d8/podcast/rss,https://podcasts.apple.com/us/podcast/tr%C3%B2-chuy%E1%BB%87n-%C4%91%C3%AAm-khuya/id1516340139?uo=4,https://trochuyendemkhuya.com
288.63,199,Yêu K T H,Podcast Yêu,vi,https://anchor.fm/s/620f1ce0/podcast/rss,https://podcasts.apple.com/us/podcast/y%C3%AAu-k-t-h/id1576624321?uo=4,https://podcasters.spotify.com/pod/show/podcastkth
288.56,1000,Trò chuyện với người ngoại tinh Taygeta - Pleiades,Trung Thanh Dinh,vi,https://anchor.fm/s/a81b4fd8/podcast/rss,https://podcasts.apple.com/us/podcast/tr%C3%B2-chuy%E1%BB%87n-v%E1%BB%9Bi-ng%C6%B0%E1%BB%9Di-ngo%E1%BA%A1i-tinh-taygeta-pleiades/id1634812588?uo=4,https://podcasters.spotify.com/pod/show/nguoingoaitinh
288.33,1040,Hôm nay tôi tập đọc,Thanh niên tập đọc,vi,https://anchor.fm/s/b47d82f0/podcast/rss,https://podcasts.apple.com/us/podcast/h%C3%B4m-nay-t%C3%B4i-t%E1%BA%ADp-%C4%91%E1%BB%8Dc/id1643923410?uo=4,https://podcasters.spotify.com/pod/show/hu1ea3i-thanh
276.0,416,Minh Niệm,Minh Niệm,vi,https://anchor.fm/s/19d07410/podcast/rss,https://podcasts.apple.com/us/podcast/minh-ni%E1%BB%87m/id1868287524?uo=4,https://mientinhthuc.vn/
275.41,50,Trở Lại 1982 Làng Chài Nhỏ Audio,Truyện Audio,vi,https://anchor.fm/s/10a47bfc0/podcast/rss,https://podcasts.apple.com/vn/podcast/tr%E1%BB%9F-l%E1%BA%A1i-1982-l%C3%A0ng-ch%C3%A0i-nh%E1%BB%8F-audio/id1845146634?uo=4,https://podcasters.spotify.com/pod/show/trn-anh-tin6
274.49,2284,SỐNG ++,Kênh VOV Giao thông (VOVGT),vi,https://anchor.fm/s/3022a5a8/podcast/rss,https://podcasts.apple.com/us/podcast/s%E1%BB%91ng/id1574026189?uo=4,https://podcasters.spotify.com/pod/show/vovgt-sng
272.0,53,Phượng Tím Podcast - Sách Nói Phật Giáo,Phượng Tím Podcast - Sách Nói Phật Giáo,vi,https://anchor.fm/s/31f8c40c/podcast/rss,https://podcasts.apple.com/us/podcast/ph%C6%B0%E1%BB%A3ng-t%C3%ADm-podcast-s%C3%A1ch-n%C3%B3i-ph%E1%BA%ADt-gi%C3%A1o/id1528796050?uo=4,https://shorten.asia/g2Pm6Pav
270.13,334,Phap Thoai,Thien Tri,vi,https://anchor.fm/s/10dfc8100/podcast/rss,https://podcasts.apple.com/vn/podcast/phap-thoai/id1869811123?uo=4,https://podcasters.spotify.com/pod/show/thientrithera
262.86,903,Người Thành Công,Người Thành Công,vi,https://anchor.fm/s/da72a47c/podcast/rss,https://podcasts.apple.com/us/podcast/ng%C6%B0%E1%BB%9Di-th%C3%A0nh-c%C3%B4ng/id1670294911?uo=4,https://www.sachtinhgon.com/
259.73,166,Sư Thanh Minh và các bài giảng Phật Pháp thuộc Kinh Nikaya,Chùa Phúc Minh Theravada Thái Bình,vi,https://anchor.fm/s/7923908c/podcast/rss,https://podcasts.apple.com/us/podcast/s%C6%B0-thanh-minh-v%C3%A0-c%C3%A1c-b%C3%A0i-gi%E1%BA%A3ng-ph%E1%BA%ADt-ph%C3%A1p-thu%E1%BB%99c-kinh-nikaya/id1602246184?uo=4,https://chuaphucminh.com
258.89,49,Legendary Moonlight Sculptor: Con Đường Đế Vương Audio,Truyện Audio,vi,https://anchor.fm/s/10a3d01c0/podcast/rss,https://podcasts.apple.com/us/podcast/legendary-moonlight-sculptor-con-%C4%91%C6%B0%E1%BB%9Dng-%C4%91%E1%BA%BF-v%C6%B0%C6%A1ng-audio/id1844890313?uo=4,https://podcasters.spotify.com/pod/show/trn-anh-tin1
257.39,50,Cổ Chân Nhân Audio,Truyện Audio,vi,https://anchor.fm/s/10a478c30/podcast/rss,https://podcasts.apple.com/us/podcast/c%E1%BB%95-ch%C3%A2n-nh%C3%A2n-audio/id1845141589?uo=4,https://podcasters.spotify.com/pod/show/trn-anh-tin7
252.54,270,Ba Chấm,Nam LB,vi,https://anchor.fm/s/5ee12838/podcast/rss,https://podcasts.apple.com/vn/podcast/ba-ch%E1%BA%A5m/id1572184149?uo=4,https://lovebookslovelife.vn/
252.03,3929,Gia Lai Online,Gia Lai Online,vi,https://feeds.acast.com/public/shows/5ec38cd736d6206cc46e0b3c,https://podcasts.apple.com/vn/podcast/gia-lai-online/id1586792511?uo=4,https://baogialai.com.vn
248.37,377,Sách Và Bạn,Sách &amp; Bạn,vi,https://anchor.fm/s/5127a028/podcast/rss,https://podcasts.apple.com/us/podcast/s%C3%A1ch-v%C3%A0-b%E1%BA%A1n/id1558480061?uo=4,http://bit.ly/397uFpR
247.66,86,Taosins,sưu tầm,vi,https://anchor.fm/s/cc7f0b30/podcast/rss,https://podcasts.apple.com/us/podcast/taosins/id1654655188?uo=4,https://podcasters.spotify.com/pod/show/taosins
239.49,319,Hội Thánh Tin Lành Lời Sự Sống Việt Nam,Hội Thánh Tin Lành Lời Sự Sống Việt Nam,vi,https://anchor.fm/s/616f7758/podcast/rss,https://podcasts.apple.com/vn/podcast/h%E1%BB%99i-th%C3%A1nh-tin-l%C3%A0nh-l%E1%BB%9Di-s%E1%BB%B1-s%E1%BB%91ng-vi%E1%BB%87t-nam/id1574123852?uo=4,https://loisusong.net
238.48,3617,Nhật ký Đô thị,Kênh VOV Giao thông (VOVGT),vi,https://anchor.fm/s/255dc83c/podcast/rss,https://podcasts.apple.com/us/podcast/nh%E1%BA%ADt-k%C3%BD-%C4%91%C3%B4-th%E1%BB%8B/id1574026022?uo=4,https://podcasters.spotify.com/pod/show/nhatkydothi
237.51,191,Hôm nay mình đi đâu thế? (RtiFM),"Thu Trang, Đức Mạnh,Rti",vi_vn,https://www.rti.org.tw/vn/programpodcasturl?id=2070,https://podcasts.apple.com/vn/podcast/h%C3%B4m-nay-mi-nh-%C4%91i-%C4%91%C3%A2u-th%C3%AA-rtifm/id1750615049?uo=4,https://www.rti.org.tw/vn/program?uid=4&pid=2070
237.33,753,Phát triển Kinh doanh - Phát triển con người - Phạm Thành Long Radio,Phạm Thành Long,vi,https://radio.long.vn/feed.xml,https://podcasts.apple.com/us/podcast/ph%C3%A1t-tri%E1%BB%83n-kinh-doanh-ph%C3%A1t-tri%E1%BB%83n-con-ng%C6%B0%E1%BB%9Di-ph%E1%BA%A1m-th%C3%A0nh/id1450702749?uo=4,https://radio.long.vn
236.19,136,Truyện Full Audio,Truyen Full Audio,vi,https://anchor.fm/s/10f7bc888/podcast/rss,https://podcasts.apple.com/us/podcast/truy%E1%BB%87n-full-audio/id1880030347?uo=4,https://truyenfullaudio.net/
234.65,975,Đài Hà Nội | Lưu Hường Blog chiều | Podcast,Đài Hà Nội,vi,https://anchor.fm/s/e74e8dc8/podcast/rss,https://podcasts.apple.com/us/podcast/%C4%91%C3%A0i-h%C3%A0-n%E1%BB%99i-l%C6%B0u-h%C6%B0%E1%BB%9Dng-blog-chi%E1%BB%81u-podcast/id1702488845?uo=4,https://hanoionline.vn
234.09,259,TU VIỆN PHÁP VÂN - DHARMA CLOUD MONASTERY,Pháp Vân,en,https://anchor.fm/s/42422754/podcast/rss,https://podcasts.apple.com/us/podcast/tu-vi%E1%BB%87n-ph%C3%A1p-v%C3%A2n-dharma-cloud-monastery/id1542664025?uo=4,https://podcasters.spotify.com/pod/show/tu-vien-phap-van
227.67,92,Raven Collections,Raven,vi,https://anchor.fm/s/2fcedf90/podcast/rss,https://podcasts.apple.com/us/podcast/raven-collections/id1566928761?uo=4,https://podcasters.spotify.com/pod/show/ravencollections
227.03,216,The Quoc Khanh Show,VIETSUCCESS,vi,https://anchor.fm/s/1081bb15c/podcast/rss,https://podcasts.apple.com/us/podcast/the-quoc-khanh-show/id1419543831?uo=4,https://thequockhanhshow.podbean.com
225.5,517,Ngoại ngữ và Du học Đài Loan,"Lệ Phương, Khiết Nhi, Thúy Anh, Thu Hương,Rti",vi_vn,https://www.rti.org.tw/vn/CombinedProgramPodcastUrl?id=20,https://podcasts.apple.com/vn/podcast/ngoa-i-ng%C6%B0-va-du-ho-c-%C4%91a-i-loan/id1703533115?uo=4,https://www.rti.org.tw/vn/CombinedProgramPodcastUrl?id=20
224.46,111,Tổ Chức Đào Tạo Ní Ngon,Tổ chức đào tạo Ní Ngon,vi,https://anchor.fm/s/cccb10e8/podcast/rss,https://podcasts.apple.com/vn/podcast/t%E1%BB%95-ch%E1%BB%A9c-%C4%91%C3%A0o-t%E1%BA%A1o-n%C3%AD-ngon/id1654885396?uo=4,https://ningon.net
220.9,1424,Chuyện Mekong,MeKong FM90 (VOVGT),vi,https://anchor.fm/s/4ae853d8/podcast/rss,https://podcasts.apple.com/vn/podcast/chuy%E1%BB%87n-mekong/id1552048174?uo=4,https://vovgiaothong.vn/
220.61,877,Đảo Khảo Cổ,Dương,vi,https://anchor.fm/s/deaad500/podcast/rss,https://podcasts.apple.com/us/podcast/%C4%91%E1%BA%A3o-kh%E1%BA%A3o-c%E1%BB%95/id1681455757?uo=4,https://podcasters.spotify.com/pod/show/daokhaoco
216.48,282,Ha Thanh Tu,Ha Thanh Tu,vi,https://anchor.fm/s/5a3efecc/podcast/rss,https://podcasts.apple.com/vn/podcast/ha-thanh-tu/id1571475363?uo=4,https://podcasters.spotify.com/pod/show/ha-thanh-tu
216.2,213,Kinh nghiệm Amway,All about Amway stories and experiences,vi,https://anchor.fm/s/3dae4560/podcast/rss,https://podcasts.apple.com/vn/podcast/kinh-nghi%E1%BB%87m-amway/id1572176017?uo=4,https://thiabo.com/
215.49,171,Nguyễn Ngọc Ngạn,Nguyễn Ngọc Ngạn,vi,https://anchor.fm/s/f3303704/podcast/rss,https://podcasts.apple.com/us/podcast/nguy%E1%BB%85n-ng%E1%BB%8Dc-ng%E1%BA%A1n/id1734826819?uo=4,https://paypal.me/nguyenngocnganus
215.13,883,VOV2 Cuộc sống muôn màu,VOV2,vi,https://anchor.fm/s/5e7d9020/podcast/rss,https://podcasts.apple.com/vn/podcast/vov2-cu%E1%BB%99c-s%E1%BB%91ng-mu%C3%B4n-m%C3%A0u/id1572245931?uo=4,https://www.vov2.vn
213.14,895,THBT TIN TỨC,Đài Phát Thanh & Truyền Hình Bến Tre,vi,https://anchor.fm/s/1037361b8/podcast/rss,https://podcasts.apple.com/us/podcast/thbt-tin-t%E1%BB%A9c/id1691028133?uo=4,https://podcasters.spotify.com/pod/show/t-60
209.16,25,Licorp - Sách nói,Quoc.Nguyen,vi,https://anchor.fm/s/10c1299c4/podcast/rss,https://podcasts.apple.com/us/podcast/licorp-s%C3%A1ch-n%C3%B3i/id1855801251?uo=4,https://podcasters.spotify.com/pod/show/nt-q
207.4,283,Su Ben Bi Cua Luat Lao Dong - Vietnamese (EOLL),Freesia Brindisi,vn,https://www.podserve.fm/series/rss/5261/su-ben-bi-cua-luat-lao-ong-vietnamese.rss,https://podcasts.apple.com/vn/podcast/su-ben-bi-cua-luat-lao-dong-vietnamese-eoll/id1638655261?uo=4,"https://www.podserve.fm/series/website/su-ben-bi-cua-luat-lao-dong-vietnamese-eoll,5261/"
207.34,39,Ta Có Một Ngọn Núi Audio,Truyện Audio,vi,https://anchor.fm/s/10a47e734/podcast/rss,https://podcasts.apple.com/vn/podcast/ta-c%C3%B3-m%E1%BB%99t-ng%E1%BB%8Dn-n%C3%BAi-audio/id1845148765?uo=4,https://podcasters.spotify.com/pod/show/trn-anh-tin21
204.88,78,Truyen Full Audio,Truyen Full Audio,vi,https://anchor.fm/s/112aa7914/podcast/rss,https://podcasts.apple.com/us/podcast/truyen-full-audio/id1896745220?uo=4,https://podcasters.spotify.com/pod/show/truyen-full-audio9
202.25,165,Nihogo,Nihogo.net,vi,https://anchor.fm/s/5565ee4c/podcast/rss,https://podcasts.apple.com/us/podcast/nihogo/id1561524643?uo=4,https://nihogo.net
202.24,150,Sổ Tay Học Phật,sotayhocphat.com,vi,https://anchor.fm/s/f7df86d8/podcast/rss,https://podcasts.apple.com/vn/podcast/s%E1%BB%95-tay-h%E1%BB%8Dc-ph%E1%BA%ADt/id1758370357?uo=4,https://sotayhocphat.com
201.2,766,Ông Già Đầu Tư's Podcast,Ông Già Đầu Tư,vi,https://rss.buzzsprout.com/2177458.rss,https://podcasts.apple.com/us/podcast/%C3%B4ng-gi%C3%A0-%C4%91%E1%BA%A7u-t%C6%B0s-podcast/id1702121025?uo=4,http://www.forex.vn
200.13,230,Thích nữ Nguyên Chủng,NGUYÊN CHỦNG,vi,https://feed.podbean.com/chuaadidacuchi/feed.xml,https://podcasts.apple.com/us/podcast/th%C3%ADch-n%E1%BB%AF-nguy%C3%AAn-ch%E1%BB%A7ng/id1543512377?uo=4,https://chuaadidacuchi.podbean.com
199.38,264,Bác sĩ Nguyễn Phương Thảo,Bác sĩ Nguyễn Phương Thảo,vi,https://anchor.fm/s/5b5b7128/podcast/rss,https://podcasts.apple.com/vn/podcast/b%C3%A1c-s%C4%A9-nguy%E1%BB%85n-ph%C6%B0%C6%A1ng-th%E1%BA%A3o/id1567865157?uo=4,https://www.pensilia.com
197.51,242,Trạm Sách Audio,tramsach.com,vi,https://anchor.fm/s/54959468/podcast/rss,https://podcasts.apple.com/us/podcast/tr%E1%BA%A1m-s%C3%A1ch-audio/id1640670148?uo=4,http://tramsach.com
190.49,57,BỒ ĐỀ TÂM,BỒ ĐỀ TÂM,vi,https://anchor.fm/s/68925c1c/podcast/rss,https://podcasts.apple.com/us/podcast/b%E1%BB%93-%C4%91%E1%BB%81-t%C3%A2m/id1584061148?uo=4,https://bodetam.com.vn/
189.82,305,Sách hôm nay,Sách Hôm Nay,vi,https://anchor.fm/s/f30dbda0/podcast/rss,https://podcasts.apple.com/us/podcast/s%C3%A1ch-h%C3%B4m-nay/id1773652500?uo=4,https://podcasters.spotify.com/pod/show/sachhomnay
189.35,153,KINH Mi Tiên vấn đáp,THẦY THÍCH TRÚC THÁI MINH,vi,https://anchor.fm/s/ee988930/podcast/rss,https://podcasts.apple.com/us/podcast/kinh-mi-ti%C3%AAn-v%E1%BA%A5n-%C4%91%C3%A1p/id1811920677?uo=4,https://thaythichtructhaiminh.com/
179.17,213,Business Insights,VIETSUCCESS,vi,https://anchor.fm/s/e828cf38/podcast/rss,https://podcasts.apple.com/us/podcast/business-insights/id1569229068?uo=4,https://podcasters.spotify.com/pod/show/businessinsights-podcast
176.78,176,Vinaya - Luật Tập Yếu,Vinaya - Luật Tập Yếu,vi,https://anchor.fm/s/71873cac/podcast/rss,https://podcasts.apple.com/us/podcast/vinaya-lu%E1%BA%ADt-t%E1%BA%ADp-y%E1%BA%BFu/id1592423734?uo=4,https://padtvn.org/
170.43,17,Ác mộng kinh tập,PPcv,vi,https://anchor.fm/s/11370a83c/podcast/rss,https://podcasts.apple.com/vn/podcast/%C3%A1c-m%E1%BB%99ng-kinh-t%E1%BA%ADp/id1896890996?uo=4,https://podcasters.spotify.com/pod/show/fbi-united-states7
170.04,2330,thoibao.de,thoibao,vi,https://anchor.fm/s/fd048668/podcast/rss,https://podcasts.apple.com/us/podcast/thoibao-de/id1806968518?uo=4,https://thoibao.de
169.16,14,Sách Nói Cho Học Sinh,Quang Hưng Nguyễn,vi,https://anchor.fm/s/111ff3428/podcast/rss,https://podcasts.apple.com/us/podcast/s%C3%A1ch-n%C3%B3i-cho-h%E1%BB%8Dc-sinh/id1895702029?uo=4,https://podcasters.spotify.com/pod/show/quang-hng-nguyn1
167.06,700,Nhà cố vấn già (NCVG),Phan Lê Thanh Toàn,vi,https://anchor.fm/s/55d741a0/podcast/rss,https://podcasts.apple.com/us/podcast/nh%C3%A0-c%E1%BB%91-v%E1%BA%A5n-gi%C3%A0-ncvg/id1567147512?uo=4,https://nhacovangia.com
166.86,558,Hạnh Phúc Đây Này!,Howen Sangha,vi,https://anchor.fm/s/f35b65b4/podcast/rss,https://podcasts.apple.com/us/podcast/ha-nh-phu-c-%C4%91%C3%A2y-na-y/id1736364328?uo=4,https://annhientam.blogspot.com
165.31,344,AWR Vietnamese - tiếng Việt,AWR,th-th,http://feeds.feedburner.com/VIEHC_VOH,https://podcasts.apple.com/vn/podcast/awr-vietnamese-ti%E1%BA%BFng-vi%E1%BB%87t/id1447044419?uo=4,https://www.awr.org/program/VIEHCaVOH
165.31,344,AWR Vietnamese - tiếng Việt,AWR,th-th,http://feeds.feedburner.com/VIEHC_VOH?fmt=xml,https://podcasts.apple.com/vn/podcast/awr-vietnamese-ti%E1%BA%BFng-vi%E1%BB%87t/id1099911384?uo=4,https://www.awr.org/program/VIEHCaVOH
164.53,700,VOV - Khoa học Công nghệ,Đài Tiếng nói Việt Nam,vi,https://anchor.fm/s/89fc894/podcast/rss,https://podcasts.apple.com/us/podcast/vov-khoa-h%E1%BB%8Dc-c%C3%B4ng-ngh%E1%BB%87/id1449746571?uo=4,http://vov1.vn
163.82,163,Trường Giang sóng sau xô sóng trước,ZhangWu,vi,https://anchor.fm/s/77283a6c/podcast/rss,https://podcasts.apple.com/vn/podcast/tr%C6%B0%E1%BB%9Dng-giang-s%C3%B3ng-sau-x%C3%B4-s%C3%B3ng-tr%C6%B0%E1%BB%9Bc/id1598297522?uo=4,https://podcasters.spotify.com/pod/show/inh-ng7
161.78,17,Lịch Sử Và Danh Nhân Thế Giới,Nguyễn Quang,vi,https://anchor.fm/s/11304eee4/podcast/rss,https://podcasts.apple.com/us/podcast/l%E1%BB%8Bch-s%E1%BB%AD-v%C3%A0-danh-nh%C3%A2n-th%E1%BA%BF-gi%E1%BB%9Bi/id1896814556?uo=4,https://podcasters.spotify.com/pod/show/quang-hng-nguyn7
161.63,330,Tâm Sự Tài Chính,Trịnh Công Hoà,vi,https://anchor.fm/s/36c11764/podcast/rss,https://podcasts.apple.com/us/podcast/t%C3%A2m-s%E1%BB%B1-t%C3%A0i-ch%C3%ADnh/id1532006862?uo=4,https://tiencuatoi.vn/
161.35,465,Tâm Chiếu Hoàn Quán,Phạm Thị Yến,vi,https://anchor.fm/s/e6e052a4/podcast/rss,https://podcasts.apple.com/us/podcast/t%C3%A2m-chi%E1%BA%BFu-ho%C3%A0n-qu%C3%A1n/id1705552461?uo=4,https://phamthiyen.com
158.56,391,Sư Nguyên Tuệ - Gosinga,Sư Nguyên Tuệ,vi,https://anchor.fm/s/4cd7fedc/podcast/rss,https://podcasts.apple.com/vn/podcast/s%C6%B0-nguy%C3%AAn-tu%E1%BB%87-gosinga/id1553817349?uo=4,https://gosinga.vn
158.37,52,Một Hạt Mầm,Anh Nguyen,vi,https://anchor.fm/s/64a8e2c4/podcast/rss,https://podcasts.apple.com/us/podcast/m%E1%BB%99t-h%E1%BA%A1t-m%E1%BA%A7m/id1577475744?uo=4,https://podcasters.spotify.com/pod/show/nhatky1991
156.46,475,Tỉnh Dòng Chúa Cứu Thế Việt Nam,Tỉnh Dòng Chúa Cứu Thế Việt Nam,vi,https://rss.buzzsprout.com/1828117.rss,https://podcasts.apple.com/us/podcast/t%E1%BB%89nh-d%C3%B2ng-ch%C3%BAa-c%E1%BB%A9u-th%E1%BA%BF-vi%E1%BB%87t-nam/id1579160895?uo=4,https://dcctvn.org
154.55,611,Nguyễn Phi Vân's Podcast,Nguyễn Phi Vân,vi,https://anchor.fm/s/659baab8/podcast/rss,https://podcasts.apple.com/us/podcast/nguy%E1%BB%85n-phi-v%C3%A2ns-podcast/id1579064277?uo=4,https://www.nguyenphivan.com
153.96,379,Empowered Muse Podcast,Maii Vu,en-au,https://rss.buzzsprout.com/1064134.rss,https://podcasts.apple.com/us/podcast/empowered-muse-podcast/id1511866584?uo=4,https://www.maiivucoaching.com/
149.82,36,Sách Nói Kinh Doanh - Business Audiobook,Sách Nói Kinh Doanh,vi,https://anchor.fm/s/67f14638/podcast/rss,https://podcasts.apple.com/us/podcast/s%C3%A1ch-n%C3%B3i-kinh-doanh-business-audiobook/id1583282949?uo=4,https://chuvietuoc.com
149.65,44,Tây Du Đại Giải Trí Gia Audio,Truyện Audio,vi,https://anchor.fm/s/10a32becc/podcast/rss,https://podcasts.apple.com/vn/podcast/t%C3%A2y-du-%C4%91%E1%BA%A1i-gi%E1%BA%A3i-tr%C3%AD-gia-audio/id1844822183?uo=4,https://podcasters.spotify.com/pod/show/trn-anh-tin3
147.39,117,Vấn Đáp Thích Pháp Hòa,Thầy Thích Pháp Hòa,vi,https://anchor.fm/s/106e85114/podcast/rss,https://podcasts.apple.com/us/podcast/v%E1%BA%A5n-%C4%91%C3%A1p-th%C3%ADch-ph%C3%A1p-h%C3%B2a/id1836382628?uo=4,https://podcasters.spotify.com/pod/show/thich-phap-hoa3
147.03,177,Viet Hung - Author | Speaker | A Happiness Pursuer,Viet Hung,vi,https://anchor.fm/s/5de910e4/podcast/rss,https://podcasts.apple.com/us/podcast/viet-hung-author-speaker-a-happiness-pursuer/id1570887426?uo=4,https://www.viethungnguyen.com
145.39,25,Kênh Sách Nói,P.D,vi,https://anchor.fm/s/100c1c57c/podcast/rss,https://podcasts.apple.com/us/podcast/k%C3%AAnh-s%C3%A1ch-n%C3%B3i/id1794127006?uo=4,https://podcasters.spotify.com/pod/show/kenhdocsach
143.14,328,Nguyễn Hữu Trí Podcast,Nguyễn Hữu Trí,vi,https://anchor.fm/s/8efd0398/podcast/rss,https://podcasts.apple.com/us/podcast/nguy%E1%BB%85n-h%E1%BB%AFu-tr%C3%AD-podcast/id1643825951?uo=4,https://ayp.vn/
141.54,28,Sách &amp; Cuộc Sống 80s,QuangQuy80s,vi,https://anchor.fm/s/efd46620/podcast/rss,https://podcasts.apple.com/vn/podcast/s%C3%A1ch-cu%E1%BB%99c-s%E1%BB%91ng-80s/id1724257134?uo=4,https://podcasters.spotify.com/pod/show/quangquy80s
139.78,286,Nằm nghe đọc truyện - Hathaya Audio,Hathaya audio,vi,https://anchor.fm/s/79b5b70/podcast/rss,https://podcasts.apple.com/us/podcast/n%E1%BA%B1m-nghe-%C4%91%E1%BB%8Dc-truy%E1%BB%87n-hathaya-audio/id1721295285?uo=4,https://www.youtube.com/channel/UConXkckotb8B6E1P7ahFsIg/featured?view_as=subscriber
138.4,399,SEBT - SexEdu by Trang,SexEdu by Trang,vi,https://anchor.fm/s/10c3e9b0/podcast/rss,https://podcasts.apple.com/us/podcast/sebt-sexedu-by-trang/id1489082359?uo=4,https://sexedubytrang.com
137.01,170,Nhìn Sâu Hiểu Thấu,Nhìn Sâu Hiểu Thấu,vi,https://anchor.fm/s/102a7562c/podcast/rss,https://podcasts.apple.com/us/podcast/nh%C3%ACn-s%C3%A2u-hi%E1%BB%83u-th%E1%BA%A5u/id1803260373?uo=4,https://podcasters.spotify.com/pod/show/nhin-sau-hieu-thau
134.55,1126,Ngọc Dung Radio,"TSM Media Co.,Ltd",vi,https://anchor.fm/s/ef293200/podcast/rss,https://podcasts.apple.com/us/podcast/ng%E1%BB%8Dc-dung-radio/id1723292905?uo=4,https://podcasters.spotify.com/pod/show/ngocdungradio
134.51,164,CEO LAB,Lê Diệp Kiều Trang,vi,https://anchor.fm/s/e26b6f74/podcast/rss,https://podcasts.apple.com/us/podcast/ceo-lab/id1689344819?uo=4,https://ceolab.vn
133.21,630,Radio - Sức khỏe trên hết,Radio - Sức khỏe trên hết,vi,https://anchor.fm/s/65848b94/podcast/rss,https://podcasts.apple.com/vn/podcast/radio-s%E1%BB%A9c-kh%E1%BB%8Fe-tr%C3%AAn-h%E1%BA%BFt/id1578294391?uo=4,https://hanoitv.vn
132.28,63,Phúc Hưng 27,Phúc Hưng 27,vi,https://anchor.fm/s/6b023788/podcast/rss,https://podcasts.apple.com/us/podcast/ph%C3%BAc-h%C6%B0ng-27/id1586239281?uo=4,https://podcasters.spotify.com/pod/show/phuchung27
129.6,195,5 TinhCachGoc,Lượng Đức,vi,https://anchor.fm/s/a92c0840/podcast/rss,https://podcasts.apple.com/us/podcast/5-tinhcachgoc/id1646748679?uo=4,https://tinhcach.edu.vn/
128.36,37,Bui Dieu Linh,Bui Dieu Linh,en,https://anchor.fm/s/5fe175e4/podcast/rss,https://podcasts.apple.com/us/podcast/bui-dieu-linh/id1572768871?uo=4,https://podcasters.spotify.com/pod/show/bui-dieu-linh
128.13,104,XOÁ MÙ TÀI CHÍNH,THB,vi,https://anchor.fm/s/4f09f0ac/podcast/rss,https://podcasts.apple.com/vn/podcast/xo%C3%A1-m%C3%B9-t%C3%A0i-ch%C3%ADnh/id1581105486?uo=4,https://podcasters.spotify.com/pod/show/hai-bang-tran
128.1,112,Chăm Sóc Sức Khoẻ Cùng Dược Sĩ Lan,Dược Sĩ Lan,vi,https://anchor.fm/s/11058adc0/podcast/rss,https://podcasts.apple.com/us/podcast/ch%C4%83m-s%C3%B3c-s%E1%BB%A9c-kho%E1%BA%BB-c%C3%B9ng-d%C6%B0%E1%BB%A3c-s%C4%A9-lan/id1887572458?uo=4,https://podcasters.spotify.com/pod/show/dc-s-lan
126.25,78,Top Tiên Hiệp Channel,Ha Hoang,vi,https://anchor.fm/s/e0d16d58/podcast/rss,https://podcasts.apple.com/us/podcast/top-ti%C3%AAn-hi%E1%BB%87p-channel/id1686560797?uo=4,https://podcasters.spotify.com/pod/show/toptienhiepchannel
126.04,292,Luyện Nghe Tiếng Anh Hàng Ngày - Ms Thuỷ KISS English,Ms Thủy KISS English,vi,https://anchor.fm/s/f8792f90/podcast/rss,https://podcasts.apple.com/us/podcast/luy%E1%BB%87n-nghe-ti%E1%BA%BFng-anh-h%C3%A0ng-ng%C3%A0y-ms-thu%E1%BB%B7-kiss-english/id1708937417?uo=4,https://kissenglishcenter.com/
125.06,875,TRITHUCVN's Podcast,William,vi,https://rss.buzzsprout.com/983386.rss,https://podcasts.apple.com/us/podcast/trithucvns-podcast/id1506371637?uo=4,https://trithucvn.net
124.02,34,Nghe Sách Mỗi Ngày,Phạm Thành Long,vi,https://anchor.fm/s/697189b4/podcast/rss,https://podcasts.apple.com/us/podcast/nghe-s%C3%A1ch-m%E1%BB%97i-ng%C3%A0y/id1584860512?uo=4,https://podcasters.spotify.com/pod/show/ptlong
123.95,191,Nhịp sống Đài Loan,"Lệ Phương,Rti",vi_vn,https://www.rti.org.tw/vn/programpodcasturl?id=451,https://podcasts.apple.com/vn/podcast/nh%E1%BB%8Bp-s%E1%BB%91ng-%C4%91%C3%A0i-loan/id1643105223?uo=4,https://www.rti.org.tw/vn/program?uid=4&pid=451
123.27,254,V RADIO by Huong Nguyen,Huong Nguyen,vi,https://anchor.fm/s/25870418/podcast/rss,https://podcasts.apple.com/us/podcast/v-radio-by-huong-nguyen/id1519818881?uo=4,https://www.facebook.com/nguyenquynhhuong.nguyen
122.32,318,Huyền Không Sơn Thượng,Trụ trì HT. Giới Đức - Minh Đức Triều Tâm Ảnh,vi,https://anchor.fm/s/deab8590/podcast/rss,https://podcasts.apple.com/us/podcast/huy%E1%BB%81n-kh%C3%B4ng-s%C6%A1n-th%C6%B0%E1%BB%A3ng/id1681527890?uo=4,https://huyenkhongsonthuong.web.app
121.89,244,Advertising Vietnam Podcast,Advertising Vietnam,vi,https://anchor.fm/s/54f0dad0/podcast/rss,https://podcasts.apple.com/vn/podcast/advertising-vietnam-podcast/id1561569426?uo=4,https://advertisingvietnam.com
121.87,99,Cùng đọc Kinh Thánh,www.nhatho.org,vi,https://anchor.fm/s/997fef60/podcast/rss,https://podcasts.apple.com/us/podcast/c%C3%B9ng-%C4%91%E1%BB%8Dc-kinh-th%C3%A1nh/id1562780430?uo=4,https://nhatho.org/
121.59,98,THBT-GIẢI TRÍ TỔNG HỢP,Đài Phát Thanh & Truyền Hình Bến Tre,vi,https://anchor.fm/s/102f4fa58/podcast/rss,https://podcasts.apple.com/us/podcast/thbt-gi%E1%BA%A3i-tr%C3%AD-t%E1%BB%95ng-h%E1%BB%A3p/id1712043037?uo=4,https://podcasters.spotify.com/pod/show/t-383
119.99,167,Vietnam Innovators (Tiếng Việt),Vietcetera,vi,https://anchor.fm/s/103279b48/podcast/rss,https://podcasts.apple.com/us/podcast/vietnam-innovators-ti%E1%BA%BFng-vi%E1%BB%87t/id1552132023?uo=4,https://vietcetera.com/
118.7,413,Học Kinh Thánh từng chương,Mật Từ Hòn Đá,vi,https://anchor.fm/s/70fc4f70/podcast/rss,https://podcasts.apple.com/vn/podcast/h%E1%BB%8Dc-kinh-th%C3%A1nh-t%E1%BB%ABng-ch%C6%B0%C6%A1ng/id1610815585?uo=4,https://podcasters.spotify.com/pod/show/mt-t-hn
117.14,116,ShineYouAcademy_Book,Life of Mint,vi,https://anchor.fm/s/64df8964/podcast/rss,https://podcasts.apple.com/us/podcast/shineyouacademy-book/id1577481853?uo=4,https://podcasters.spotify.com/pod/show/shineyouacademy
116.83,19,Cao2309,Cao2309,vi,https://anchor.fm/s/11018ae28/podcast/rss,https://podcasts.apple.com/us/podcast/cao2309/id1884652774?uo=4,https://podcasters.spotify.com/pod/show/cao2309
116.82,414,Huynh Duy Khuong Show,Huỳnh Duy Khương,vi,https://anchor.fm/s/49acb248/podcast/rss,https://podcasts.apple.com/vn/podcast/huynh-duy-khuong-show/id1550839822?uo=4,https://huynhduykhuong.vn/
116.22,88,Thích Đồng Thành - Chùa Thiên An,Vạn Hiển,vi,https://anchor.fm/s/f1722094/podcast/rss,https://podcasts.apple.com/us/podcast/th%C3%ADch-%C4%91%E1%BB%93ng-th%C3%A0nh-ch%C3%B9a-thi%C3%AAn-an/id1727976651?uo=4,https://chuathienan.vn/
116.13,117,Casă pe Piatră,Episoade noi în data de 15 ale lunii,ro,https://anchor.fm/s/433999d0/podcast/rss,https://podcasts.apple.com/us/podcast/cas%C4%83-pe-piatr%C4%83/id1543732327?uo=4,https://casapepiatra.ro/
115.44,316,Suy Niệm Kinh Mân Côi mỗi ngày,CatholicOP,vi,https://anchor.fm/s/10c2968d4/podcast/rss,https://podcasts.apple.com/us/podcast/suy-ni%E1%BB%87m-kinh-m%C3%A2n-c%C3%B4i-m%E1%BB%97i-ng%C3%A0y/id1856817410?uo=4,https://podcasters.spotify.com/pod/show/nicolas-thang
114.74,250,VOV2 Chuyện thầm kín,VOV2 Chuyện thầm kín,vi,https://anchor.fm/s/62cec234/podcast/rss,https://podcasts.apple.com/us/podcast/vov2-chuy%E1%BB%87n-th%E1%BA%A7m-k%C3%ADn/id1575702668?uo=4,https://vov2.vov.vn/chuyen-tham-kin
114.06,289,Thầy Duy Khởi Nghiệp,Nguyen Thai Duy,vi,https://anchor.fm/s/dadb62f0/podcast/rss,https://podcasts.apple.com/us/podcast/th%E1%BA%A7y-duy-kh%E1%BB%9Fi-nghi%E1%BB%87p/id1671996168?uo=4,https://betraining.org/
113.85,293,Bạch Thoại Phật Pháp - Pháp Môn Tâm Linh,Phúc Thanh,vi,https://anchor.fm/s/104f9d530/podcast/rss,https://podcasts.apple.com/us/podcast/b%E1%BA%A1ch-tho%E1%BA%A1i-ph%E1%BA%ADt-ph%C3%A1p-ph%C3%A1p-m%C3%B4n-t%C3%A2m-linh/id1814854935?uo=4,https://phapmontamlinhvi.blogspot.com/
113.47,89,CRADOR AUDIO,TRỊNH THI,vi,https://anchor.fm/s/3d5f8d08/podcast/rss,https://podcasts.apple.com/us/podcast/crador-audio/id1537641448?uo=4,https://podcasters.spotify.com/pod/show/trinh-thi
113.2,273,Bít Tất,Vietcetera,vi,https://anchor.fm/s/103667ee4/podcast/rss,https://podcasts.apple.com/us/podcast/b%C3%ADt-t%E1%BA%A5t/id1551935838?uo=4,https://vietcetera.com/
113.03,481,KHO TRUYỆN CỔ TÍCH - CMDD Audio,CHÚ MÈO ĐI DÉP,vi,https://anchor.fm/s/b0e954c/podcast/rss,https://podcasts.apple.com/us/podcast/kho-truy%E1%BB%87n-c%E1%BB%95-t%C3%ADch-cmdd-audio/id1532630528?uo=4,https://www.chumeodidep.com/
112.26,196,Phật Pháp và Giải Thoát (ĐĐ. Thích Toàn Thiện),Thích Toàn Thiện,vi,https://anchor.fm/s/e0f9fe80/podcast/rss,https://podcasts.apple.com/us/podcast/ph%E1%BA%ADt-ph%C3%A1p-v%C3%A0-gi%E1%BA%A3i-tho%C3%A1t-%C4%91%C4%91-th%C3%ADch-to%C3%A0n-thi%E1%BB%87n/id1697597336?uo=4,https://youtube.com/@tykheothichtoanthien
110.26,224,SÁCH HAY MỘT THUỞ,Voice Artist Đông Quân,vi,https://anchor.fm/s/58dda7b8/podcast/rss,https://podcasts.apple.com/us/podcast/s%C3%A1ch-hay-m%E1%BB%99t-thu%E1%BB%9F/id1565466816?uo=4,https://podcasters.spotify.com/pod/show/dong-quan---voice-talent
106.85,240,Brand Talks,Brands Vietnam,vi,https://anchor.fm/s/35a724e0/podcast/rss,https://podcasts.apple.com/us/podcast/brand-talks/id1531072297?uo=4,https://www.brandsvietnam.com
106.21,32,Sudo's Books - Nghe sách nói cùng Sudo,Sudo,vi,https://anchor.fm/s/f679c808/podcast/rss,https://podcasts.apple.com/vn/podcast/sudos-books-nghe-s%C3%A1ch-n%C3%B3i-c%C3%B9ng-sudo/id1747340668?uo=4,https://podcasters.spotify.com/pod/show/sudo-books
105.2,423,Cà Phê Khởi Nghiệp Cùng Tùng Bê Tê - Không kịch bản,Tung BT,vi,https://rss.buzzsprout.com/1712557.rss,https://podcasts.apple.com/us/podcast/c%C3%A0-ph%C3%AA-kh%E1%BB%9Fi-nghi%E1%BB%87p-c%C3%B9ng-t%C3%B9ng-b%C3%AA-t%C3%AA-kh%C3%B4ng-k%E1%BB%8Bch-b%E1%BA%A3n/id1573327979?uo=4,https://tungbtpodcast.buzzsprout.com
104.51,194,Tony,Tony,vi,https://anchor.fm/s/52498b4c/podcast/rss,https://podcasts.apple.com/us/podcast/tony/id1559319943?uo=4,https://podcasters.spotify.com/pod/show/lamthanhtn
104.13,84,Đọc truyện kinh điển đêm khuya,Lan Chi,vi,https://anchor.fm/s/17a0e7ec/podcast/rss,https://podcasts.apple.com/us/podcast/%C4%91%E1%BB%8Dc-truy%E1%BB%87n-kinh-%C4%91i%E1%BB%83n-%C4%91%C3%AAm-khuya/id1504212067?uo=4,https://lanchisbookcafe.blogspot.com/
103.5,256,Chu Công Ước,Chu Công Ước,vi,https://anchor.fm/s/232f00f8/podcast/rss,https://podcasts.apple.com/us/podcast/chu-c%C3%B4ng-%C6%B0%E1%BB%9Bc/id1516363480?uo=4,https://go.zarvis.vn/2days-zaloautomation
102.36,32,Ma Thổi Đèn Audio,Truyện Audio,vi,https://anchor.fm/s/10a480b24/podcast/rss,https://podcasts.apple.com/us/podcast/ma-th%E1%BB%95i-%C4%91%C3%A8n-audio/id1845156141?uo=4,https://podcasters.spotify.com/pod/show/trn-anh-tin8
102.04,180,Tỉnh Thức Ứng Dụng,Minh Tánh Nguyễn Duy Nhiên,vi,https://anchor.fm/s/76996724/podcast/rss,https://podcasts.apple.com/vn/podcast/t%E1%BB%89nh-th%E1%BB%A9c-%E1%BB%A9ng-d%E1%BB%A5ng/id1598216385?uo=4,http://nguyenduynhien.blogspot.com/
101.95,105,Chapter 0,Rising Vietnam,vi,https://anchor.fm/s/ca09a75c/podcast/rss,https://podcasts.apple.com/us/podcast/chapter-0/id1658706990?uo=4,https://podcasters.spotify.com/pod/show/risingvietnam
101.75,248,Mẹ Việt Kênh Âm Thanh Của Ba Mẹ!,Phạm Thuần,vi,https://anchor.fm/s/143be96c/podcast/rss,https://podcasts.apple.com/us/podcast/m%E1%BA%B9-vi%E1%BB%87t-k%C3%AAnh-%C3%A2m-thanh-c%E1%BB%A7a-ba-m%E1%BA%B9/id1502733865?uo=4,https://meviet.vn/
100.97,262,Tri Kỷ Cảm Xúc,Tri Kỷ Cảm Xúc,en,https://feeds.soundcloud.com/users/soundcloud:users:174938737/sounds.rss,https://podcasts.apple.com/us/podcast/tri-k%E1%BB%B7-c%E1%BA%A3m-x%C3%BAc/id1355572154?uo=4,http://tkcx.vn/
100.36,500,Tổng Giáo Phận Sài Gòn,TGPSG,vi,https://feed.podbean.com/TGPSG/feed.xml,https://podcasts.apple.com/us/podcast/t%E1%BB%95ng-gi%C3%A1o-ph%E1%BA%ADn-s%C3%A0i-g%C3%B2n/id1541338376?uo=4,https://tgpsg.podbean.com/
99.18,350,Khám phá thế giới Khoa học,Dr. Son Hoang,vi,https://anchor.fm/s/10862830c/podcast/rss,https://podcasts.apple.com/us/podcast/kh%C3%A1m-ph%C3%A1-th%E1%BA%BF-gi%E1%BB%9Bi-khoa-h%E1%BB%8Dc/id1833813264?uo=4,https://podcasters.spotify.com/pod/show/son-hoang3
95.06,725,TỪ ĐIỂN LỊCH SỬ,Từ điển lịch sử,vi,https://anchor.fm/s/6396df80/podcast/rss,https://podcasts.apple.com/us/podcast/t%E1%BB%AB-%C4%91i%E1%BB%83n-l%E1%BB%8Bch-s%E1%BB%AD/id1576226916?uo=4,https://tgm.com.vn
94.97,26,Quỷ Xá-Ninh Thu Thủy,PPcv,vi,https://anchor.fm/s/105ea3390/podcast/rss,https://podcasts.apple.com/us/podcast/qu%E1%BB%B7-x%C3%A1-ninh-thu-th%E1%BB%A7y/id1819322594?uo=4,https://podcasters.spotify.com/pod/show/fbi-united-states8
94.61,223,TRUYỆN THẦN THOẠI,Dinh Trung Thanh,vi,https://anchor.fm/s/a638fc74/podcast/rss,https://podcasts.apple.com/us/podcast/truy%E1%BB%87n-th%E1%BA%A7n-tho%E1%BA%A1i/id1633862014?uo=4,https://podcasters.spotify.com/pod/show/truyenthanthoai
94.45,202,Chầm Chậm Mà Sống,Nam Phương,vi,https://anchor.fm/s/1eee4df0/podcast/rss,https://podcasts.apple.com/us/podcast/ch%E1%BA%A7m-ch%E1%BA%ADm-m%C3%A0-s%E1%BB%91ng/id1513007629?uo=4,https://www.coachnamphuong.com/
94.24,53,Bánh Xe Luân Hồi,Bánh Xe Luân Hồi,vi,https://anchor.fm/s/426503f0/podcast/rss,https://podcasts.apple.com/us/podcast/b%C3%A1nh-xe-lu%C3%A2n-h%E1%BB%93i/id1542797878?uo=4,https://linktr.ee/banhxeluanhoi
94.2,114,Kinh Thánh 100 Tuần,Trinh Phuc Nha,vi,https://anchor.fm/s/9b6be8b0/podcast/rss,https://podcasts.apple.com/us/podcast/kinh-th%C3%A1nh-100-tu%E1%BA%A7n/id1626981948?uo=4,https://podcasters.spotify.com/pod/show/tphucnha
93.76,113,EMMANUEL,EMMANUEL,vi,https://anchor.fm/s/101276c24/podcast/rss,https://podcasts.apple.com/us/podcast/emmanuel/id1796308442?uo=4,https://podcasters.spotify.com/pod/show/emmanuelchrist
93.7,16,Audio Đam Mỹ,HaClover,vi,https://anchor.fm/s/fd267714/podcast/rss,https://podcasts.apple.com/us/podcast/audio-%C4%91am-m%E1%BB%B9/id1777786766?uo=4,https://podcasters.spotify.com/pod/show/haclover2
91.71,16,Sách nói và Tiểu thuyết Podcast - presented by The Rich Audio (TRA),The Rich Audio (TRA),vi,https://anchor.fm/s/f3d0a428/podcast/rss,https://podcasts.apple.com/us/podcast/s%C3%A1ch-n%C3%B3i-v%C3%A0-ti%E1%BB%83u-thuy%E1%BA%BFt-podcast-presented-by-the-rich/id1757110087?uo=4,https://youtube.com/@therichaudio
91.07,509,Chuyện Xưa KHÔNG CŨ,Thu,vi,https://anchor.fm/s/4e2abe00/podcast/rss,https://podcasts.apple.com/us/podcast/chuy%E1%BB%87n-x%C6%B0a-kh%C3%B4ng-c%C5%A9/id1555108839?uo=4,https://podcasters.spotify.com/pod/show/ngaynaynamay
90.25,153,Sách và Đời,Nguyễn Tiến Đạo,vi,https://anchor.fm/s/f9f486e4/podcast/rss,https://podcasts.apple.com/us/podcast/s%C3%A1ch-v%C3%A0-%C4%91%E1%BB%9Di/id1606666185?uo=4,https://podcasters.spotify.com/pod/show/sachvadoi
89.22,502,Podcast Báo Phú Thọ,Podcast Báo Phú Thọ,vi,https://anchor.fm/s/731c17a4/podcast/rss,https://podcasts.apple.com/us/podcast/podcast-b%C3%A1o-ph%C3%BA-th%E1%BB%8D/id1595304879?uo=4,https://baophutho.vn
89.06,559,RADIO NÔNG DÂN,Báo Điện tử Dân Việt,vi,https://rss.buzzsprout.com/1830918.rss,https://podcasts.apple.com/us/podcast/radio-n%C3%B4ng-d%C3%A2n/id1583925449?uo=4,https://www.buzzsprout.com/1830918
88.1,121,Triệu Hoàng Tình ABO,Triệu Hoàng Tình,vi,https://anchor.fm/s/50190dc0/podcast/rss,https://podcasts.apple.com/us/podcast/tri%E1%BB%87u-ho%C3%A0ng-t%C3%ACnh-abo/id1557585968?uo=4,http://trieuhoangtinh.affimart.com
87.61,887,Thế giới Giao thông,Kênh VOV Giao thông (VOVGT),vi,https://anchor.fm/s/246f98d8/podcast/rss,https://podcasts.apple.com/vn/podcast/th%E1%BA%BF-gi%E1%BB%9Bi-giao-th%C3%B4ng/id1516466100?uo=4,https://podcasters.spotify.com/pod/show/giao-thng-th-gii
87.27,402,SOULFUL MARRIAGE - Hôn Nhân Hòa Hợp Sâu Sắc Tâm Hồn,Phuong Le (Thanh Phương Family Mentor),vi,https://anchor.fm/s/1e23d2c8/podcast/rss,https://podcasts.apple.com/us/podcast/soulful-marriage-h%C3%B4n-nh%C3%A2n-h%C3%B2a-h%E1%BB%A3p-s%C3%A2u-s%E1%BA%AFc-t%C3%A2m-h%E1%BB%93n/id1510249303?uo=4,https://podcasters.spotify.com/pod/show/vuongphuichtu
86.23,248,Báo Thanh Niên,Báo Thanh Niên,vi,https://anchor.fm/s/dbfc18b4/podcast/rss,https://podcasts.apple.com/vn/podcast/b%C3%A1o-thanh-ni%C3%AAn/id1676196636?uo=4,https://thanhnien.vn/
86.02,66,Kinh Thánh Tiếng Việt 1925,Bible Society Vietnam,vi,https://anchor.fm/s/dca2510c/podcast/rss,https://podcasts.apple.com/vn/podcast/kinh-th%C3%A1nh-ti%E1%BA%BFng-vi%E1%BB%87t-1925/id1682865554?uo=4,https://biblevietnam.org
85.19,290,SynapseLingo Học tiếng Anh,SynapseLingo,vi,https://synapselingo-hoc-tieng-anh.podigee.io/feed/mp3,https://podcasts.apple.com/vn/podcast/synapselingo-h%E1%BB%8Dc-ti%E1%BA%BFng-anh/id1808134699?uo=4,https://www.synapse-lingo.de/
84.89,500,Radio TGP Hà Nội,TGP Hà Nội,en,https://feeds.soundcloud.com/users/soundcloud:users:681248687/sounds.rss,https://podcasts.apple.com/vn/podcast/radio-tgp-h%C3%A0-n%E1%BB%99i/id1486076129?uo=4,https://www.tonggiaophanhanoi.org/
84.85,500,Tài chính,Thời báo Tài chính Việt Nam,vi,https://anchor.fm/s/dcbe37a0/podcast/rss,https://podcasts.apple.com/vn/podcast/t%C3%A0i-ch%C3%ADnh/id1677739003?uo=4,https://thoibaotaichinhvietnam.vn/
84.38,106,The Tri Way,Tri Lecao,vi,https://anchor.fm/s/2d31e944/podcast/rss,https://podcasts.apple.com/us/podcast/the-tri-way/id1525490118?uo=4,https://tri.lecao.rocks
83.6,253,Doanh Nhân Kể,Doanh Nhân Kể,vi,https://anchor.fm/s/d0472ef0/podcast/rss,https://podcasts.apple.com/vn/podcast/doanh-nh%C3%A2n-k%E1%BB%83/id1708859058?uo=4,https://podcasters.spotify.com/pod/show/doanh-nhn-k
83.46,193,CÙNG HỌC LỜI CHÚA,Huỳnh Minh Hưng,vi,https://anchor.fm/s/e543278c/podcast/rss,https://podcasts.apple.com/us/podcast/c%C3%B9ng-h%E1%BB%8Dc-l%E1%BB%9Di-ch%C3%BAa/id1698628162?uo=4,https://podcasters.spotify.com/pod/show/huynh-minh-hung
83.02,914,GIÁ HEO HƠI,giaheohoi,en-us,https://anchor.fm/s/5a9f4d18/podcast/rss,https://podcasts.apple.com/us/podcast/gi%C3%A1-heo-h%C6%A1i/id1567008530?uo=4,https://www.giaheoup.date
82.94,386,Phân Tích Kinh Tế,phantichkinhte123.com,vi,https://feeds.acast.com/public/shows/63e37924f1226f0011da9a14,https://podcasts.apple.com/us/podcast/ph%C3%A2n-t%C3%ADch-kinh-t%E1%BA%BF/id1727864483?uo=4,https://shows.acast.com/phantichkinhte123com
82.94,178,Hải Dương Radio-Tin tức,Đài PTTH Hải Dương,vi,https://anchor.fm/s/d9df396c/podcast/rss,https://podcasts.apple.com/vn/podcast/h%E1%BA%A3i-d%C6%B0%C6%A1ng-radio-tin-t%E1%BB%A9c/id1671480839?uo=4,http://www.haiduongtv.com.vn
82.31,252,SynapseLingo Học tiếng Đức,SynapseLingo,vi,https://synapselingo-hoc-tieng-duc.podigee.io/feed/mp3,https://podcasts.apple.com/vn/podcast/synapselingo-h%E1%BB%8Dc-ti%E1%BA%BFng-%C4%91%E1%BB%A9c/id1809984439?uo=4,https://www.synapse-lingo.de/
81.82,81,Clb Đọc Sách 5h Sáng,Clb Đọc Sách 5h Sáng,vi,https://anchor.fm/s/629553dc/podcast/rss,https://podcasts.apple.com/vn/podcast/clb-%C4%91%E1%BB%8Dc-s%C3%A1ch-5h-s%C3%A1ng/id1577607468?uo=4,https://clbdocsach.affimart.com
81.63,253,Chuyện đời Sales,Chuyện đời Sales,vi,https://anchor.fm/s/6cae7600/podcast/rss,https://podcasts.apple.com/us/podcast/chuy%E1%BB%87n-%C4%91%E1%BB%9Di-sales/id1590936917?uo=4,https://podcasters.spotify.com/pod/show/tung-luu-tien
80.86,130,Muttant,Đinh Đông,vi,https://anchor.fm/s/5c9b209c/podcast/rss,https://podcasts.apple.com/us/podcast/muttant/id1569122274?uo=4,https://podcasters.spotify.com/pod/show/inh-ng
80.18,327,Learn With Thai Van Linh,Linh Thai / Thái Vân Linh,vi,https://anchor.fm/s/c556fe1c/podcast/rss,https://podcasts.apple.com/us/podcast/learn-with-thai-van-linh/id1651789587?uo=4,https://www.thaivanlinh.com/
79.6,99,Du và Học Podcast,PodcastViet,vi,https://anchor.fm/s/e2263d0/podcast/rss,https://podcasts.apple.com/us/podcast/du-v%C3%A0-h%E1%BB%8Dc-podcast/id1480097680?uo=4,https://www.podcastviet.com/duvahoc
78.96,15,Đọc sách cùng em,Hoang Thi My Ngoc,vi,https://anchor.fm/s/b661b988/podcast/rss,https://podcasts.apple.com/us/podcast/%C4%91%E1%BB%8Dc-s%C3%A1ch-c%C3%B9ng-em/id1645603854?uo=4,https://podcasters.spotify.com/pod/show/hoang-thi-my-ngoc
78.24,23,Triet Do,Triet Do,en-us,https://anchor.fm/s/12192140/podcast/rss,https://podcasts.apple.com/vn/podcast/triet-do/id1493354573?uo=4,https://podcasters.spotify.com/pod/show/triet-do
77.63,86,5W1H Podcast cùng Vũ Kim Hạnh,5W1H Podcast,vi,https://anchor.fm/s/cfe978b4/podcast/rss,https://podcasts.apple.com/us/podcast/5w1h-podcast-c%C3%B9ng-v%C5%A9-kim-h%E1%BA%A1nh/id1656412548?uo=4,https://podcasters.spotify.com/pod/show/5w1h-podcast2
77.58,321,CDTeam - Vũ Trụ Nguyên Thủy,Nguyễn Việt Cường,vi,https://anchor.fm/s/657e0ea4/podcast/rss,https://podcasts.apple.com/us/podcast/cdteam-v%C5%A9-tr%E1%BB%A5-nguy%C3%AAn-th%E1%BB%A7y/id1594879907?uo=4,https://podcasters.spotify.com/pod/show/nguyenvietcuong
76.98,228,Hạnh Phúc Ngay Hiện Tại - Đạo Nhân Quả - Lòng Yêu Thương Thánh Thiện Vô Điều Kiện..!!!💛💗💛,Hạnh Phúc Ngay Hiện Tại - Đạo Nhân Quả - Yêu Thương Thánh Thiện Vô Điều Kiện! 💛,vi,https://anchor.fm/s/65e54f10/podcast/rss,https://podcasts.apple.com/vn/podcast/h%E1%BA%A1nh-ph%C3%BAc-ngay-hi%E1%BB%87n-t%E1%BA%A1i-%C4%91%E1%BA%A1o-nh%C3%A2n-qu%E1%BA%A3-l%C3%B2ng-y%C3%AAu-th%C6%B0%C6%A1ng/id1580067376?uo=4,www.taisinhkhongcon.com
76.58,184,Future Impact Academy,from Vietnam,vi,https://anchor.fm/s/64c80064/podcast/rss,https://podcasts.apple.com/vn/podcast/future-impact-academy/id1578735773?uo=4,https://futureimpactacademy.com/
75.83,55,TÍCH TRUYỆN PHÁP CÚ,THẦY THÍCH TRÚC THÁI MINH,vi,https://anchor.fm/s/ebca1a0c/podcast/rss,https://podcasts.apple.com/us/podcast/t%C3%ADch-truy%E1%BB%87n-ph%C3%A1p-c%C3%BA/id1811929803?uo=4,https://thaythichtructhaiminh.com/
74.78,148,Misstramfitness Podcast,Misstramfitness Podcast,vi,https://anchor.fm/s/e743005c/podcast/rss,https://podcasts.apple.com/us/podcast/misstramfitness-podcast/id1704525161?uo=4,https://instagram.com/misstramfitness?igshid=OGQ5ZDc2ODk2ZA==
74.2,31,DNH - Audio Phát Triển Bản Thân,Hoang,vi,https://anchor.fm/s/42f0b6d4/podcast/rss,https://podcasts.apple.com/vn/podcast/dnh-audio-ph%C3%A1t-tri%E1%BB%83n-b%E1%BA%A3n-th%C3%A2n/id1543503295?uo=4,https://podcasters.spotify.com/pod/show/hoang18
73.53,161,Truyện ngắn chọn lọc,VNPodcast,vi,https://anchor.fm/s/f32d7208/podcast/rss,https://podcasts.apple.com/us/podcast/truy%E1%BB%87n-ng%E1%BA%AFn-ch%E1%BB%8Dn-l%E1%BB%8Dc/id1476515545?uo=4,https://podcasters.spotify.com/pod/show/vnpod03
73.07,72,Q&amp;A về Quản lý Sales và Kỹ năng Sales,Đỗ Xuân Tùng,vi,https://anchor.fm/s/1e1c8f68/podcast/rss,https://podcasts.apple.com/us/podcast/q-a-v%E1%BB%81-qu%E1%BA%A3n-l%C3%BD-sales-v%C3%A0-k%E1%BB%B9-n%C4%83ng-sales/id1510237999?uo=4,https://daotaosales.moma.vn
72.66,85,Sống vui sống khỏe,"Kim Dung,Rti",vi_vn,https://www.rti.org.tw/vn/CombinedProgramPodcastUrl?id=22,https://podcasts.apple.com/vn/podcast/s%C3%B4-ng-vui-s%C3%B4-ng-kho-e/id1703933297?uo=4,https://www.rti.org.tw/vn/CombinedProgramPodcastUrl?id=22
71.86,97,Ta Đi Tây,Ta Di Tay,vi,https://www.spreaker.com/show/3520951/episodes/feed,https://podcasts.apple.com/us/podcast/ta-%C4%91i-t%C3%A2y/id1463143817?uo=4,https://www.spreaker.com/podcast/ta-di-tay--3520951
71.54,57,Forward Vietnam Podcast,Forward Vietnam Podcast,vi,https://anchor.fm/s/ca8ca300/podcast/rss,https://podcasts.apple.com/vn/podcast/forward-vietnam-podcast/id1653799053?uo=4,https://podcasters.spotify.com/pod/show/forward-podcast8
70.26,179,Better Version,Better Version,vi,https://anchor.fm/s/6d0b6694/podcast/rss,https://podcasts.apple.com/us/podcast/better-version/id1588566083?uo=4,https://podcasters.spotify.com/pod/show/better-version
69.54,428,paraMilog,Audio Book,vi,https://anchor.fm/s/69290b1c/podcast/rss,https://podcasts.apple.com/vn/podcast/paramilog/id1584699838?uo=4,https://podcasters.spotify.com/pod/show/mi-thieu
69.47,143,The Present Writer,"Chi Nguyen, PhD.",vi,https://anchor.fm/s/326d676c/podcast/rss,https://podcasts.apple.com/us/podcast/the-present-writer/id1529306349?uo=4,http://thepresentwriter.com/
69.42,7,Khóa Giảng Thiền | Thầy Viên Minh | Giảng tại Tổ Đình Bửu Long,Thầy Viên Minh,vi,https://anchor.fm/s/1076d9770/podcast/rss,https://podcasts.apple.com/us/podcast/kh%C3%B3a-gi%E1%BA%A3ng-thi%E1%BB%81n-th%E1%BA%A7y-vi%C3%AAn-minh-gi%E1%BA%A3ng-t%E1%BA%A1i-t%E1%BB%95-%C4%91%C3%ACnh-b%E1%BB%ADu-long/id1827655515?uo=4,http://trungtamhotong.org/
68.72,628,VietnamPlus's Podcast,VietnamPlus,vi,https://rss.buzzsprout.com/833146.rss,https://podcasts.apple.com/us/podcast/vietnampluss-podcast/id1496162168?uo=4,https://www.vietnamplus.vn/
68.02,915,GIÁ THỦY SẢN,giathuysan,vi,https://anchor.fm/s/5ab1b408/podcast/rss,https://podcasts.apple.com/us/podcast/gi%C3%A1-th%E1%BB%A7y-s%E1%BA%A3n/id1567008767?uo=4,https://www.giathuysan.top
67.44,6,Sách Nói Tiểu Thuyết,Quang Khanh,vi,https://anchor.fm/s/1126f3b10/podcast/rss,https://podcasts.apple.com/us/podcast/s%C3%A1ch-n%C3%B3i-ti%E1%BB%83u-thuy%E1%BA%BFt/id1896526798?uo=4,https://podcasters.spotify.com/pod/show/quang-hng-nguyn4
67.08,284,Truyện cổ tích,VNPodcast,vi,https://anchor.fm/s/f32db7f4/podcast/rss,https://podcasts.apple.com/us/podcast/truy%E1%BB%87n-c%E1%BB%95-t%C3%ADch/id1450698399?uo=4,https://podcasters.spotify.com/pod/show/vnpod139
66.93,6,Đọc Truyện & Ngâm Thơ,Ngamtho.com,vi,https://anchor.fm/s/46cb4d3c/podcast/rss,https://podcasts.apple.com/vn/podcast/%C4%91%E1%BB%8Dc-truy%E1%BB%87n-ng%C3%A2m-th%C6%A1/id1548021873?uo=4,https://ngamtho.com
66.45,43,Chan Audio,Chan Audio,vi,https://anchor.fm/s/f6233a9c/podcast/rss,https://podcasts.apple.com/vn/podcast/chan-audio/id1743067998?uo=4,https://podcasters.spotify.com/pod/show/chan-audio
64.61,362,365 Ngày Cầu Nguyện với lời Chúa và lời Các Giáo Phụ,Truyền Thông Dòng Tên,vi,https://anchor.fm/s/10fc219b4/podcast/rss,https://podcasts.apple.com/us/podcast/365-ng%C3%A0y-c%E1%BA%A7u-nguy%E1%BB%87n-v%E1%BB%9Bi-l%E1%BB%9Di-ch%C3%BAa-v%C3%A0-l%E1%BB%9Di-c%C3%A1c-gi%C3%A1o-ph%E1%BB%A5/id1884241839?uo=4,https://podcasters.spotify.com/pod/show/truyn-thng-dng-tn6
64.08,182,BlogRadio,BlogRadio,vi,https://anchor.fm/s/1388a8c0/podcast/rss,https://podcasts.apple.com/us/podcast/blogradio/id1499612276?uo=4,https://podcasters.spotify.com/pod/show/blogradio
63.92,327,Sanketoan Podcast - Tình huống kế toán,Sanketoan.vn,vi,https://rss.buzzsprout.com/2176164.rss,https://podcasts.apple.com/vn/podcast/sanketoan-podcast-t%C3%ACnh-hu%E1%BB%91ng-k%E1%BA%BF-to%C3%A1n/id1683454052?uo=4,https://sanketoanpodcast.buzzsprout.com
63.78,247,Chánh Kiến Radio,Chanhkien.org,vi,https://anchor.fm/s/6300d300/podcast/rss,https://podcasts.apple.com/us/podcast/ch%C3%A1nh-ki%E1%BA%BFn-radio/id1577095063?uo=4,https://chanhkien.org/
63.58,43,Phật Pháp Căn Bản,Ân Đức Tam Bảo,vi,https://anchor.fm/s/8383c0ec/podcast/rss,https://podcasts.apple.com/us/podcast/ph%E1%BA%ADt-ph%C3%A1p-c%C4%83n-b%E1%BA%A3n/id1667154088?uo=4,https://podcasters.spotify.com/pod/show/phat-giao-theravada
63.46,72,Cởi Mở,Vietcetera,vi,https://anchor.fm/s/1033523bc/podcast/rss,https://podcasts.apple.com/us/podcast/c%E1%BB%9Fi-m%E1%BB%9F/id1567793225?uo=4,https://vietcetera.com
62.63,600,Vô Vi Podcast - Nhạc Thiền,Lương Sĩ Hằng - Vĩ Kiên,vi,https://feeds.simplecast.com/OWLx_UPY,https://podcasts.apple.com/vn/podcast/v%C3%B4-vi-podcast-nh%E1%BA%A1c-thi%E1%BB%81n/id1456220089?uo=4,https://vo-vi-podcast-van-nghe.simplecast.com
62.51,208,Cao niên vui sống,SBS,vi,https://feeds.sbs.com.au/cao-nien-vui-song,https://podcasts.apple.com/vn/podcast/cao-ni%C3%AAn-vui-s%E1%BB%91ng/id1783022461?uo=4,https://www.sbs.com.au/language/vietnamese/vi/podcast/cao-nien-vui-song
61.79,141,RADIO NHÂN DÂN,RADIO - BÁO NHÂN DÂN,vi,https://anchor.fm/s/107c2d0a0/podcast/rss,https://podcasts.apple.com/vn/podcast/radio-nh%C3%A2n-d%C3%A2n/id1583469025?uo=4,https://radio.nhandan.vn
60.98,158,Trang văn nghệ,"Báo và Phát thanh, truyền hình Thanh Hóa",vi,https://anchor.fm/s/7eb90dc4/podcast/rss,https://podcasts.apple.com/us/podcast/trang-v%C4%83n-ngh%E1%BB%87/id1608641455?uo=4,https://truyenhinhthanhhoa.vn/podcast/van-hoc-nghe-thuat-xu-thanh.htm
60.85,72,Vashna Podcast,Vashna Thiên Kim,vi,https://anchor.fm/s/10192f638/podcast/rss,https://podcasts.apple.com/us/podcast/vashna-podcast/id1799400575?uo=4,https://podcasters.spotify.com/pod/show/vashna-thien-kim7
60.7,380,Sách Hay Podcast,Hạt Giống Tâm Hồn,vi,https://rss.buzzsprout.com/1156487.rss,https://podcasts.apple.com/us/podcast/s%C3%A1ch-hay-podcast/id1518922459?uo=4,http://hatgiongtamhon.vn
59.8,269,"Mamibabi - Thai giáo, mang thai, giáo dục sớm, tập nói sớm, ăn dặm, nuôi dạy con, làm cha mẹ",Mamibabi,vi,https://anchor.fm/s/608ed7d4/podcast/rss,https://podcasts.apple.com/us/podcast/mamibabi-thai-gi%C3%A1o-mang-thai-gi%C3%A1o-d%E1%BB%A5c-s%E1%BB%9Bm-t%E1%BA%ADp-n%C3%B3i-s%E1%BB%9Bm/id1630288991?uo=4,https://mamibabi.com.vn
59.3,187,Hạnh phúc - Gia đình,VNPodcast,vi,https://anchor.fm/s/f37be348/podcast/rss,https://podcasts.apple.com/vn/podcast/h%E1%BA%A1nh-ph%C3%BAc-gia-%C4%91%C3%ACnh/id1735868283?uo=4,https://podcasters.spotify.com/pod/show/hpgd
59.08,175,Lien Hong Phuc,Lien Hong Phuc,vi,https://anchor.fm/s/68535b34/podcast/rss,https://podcasts.apple.com/us/podcast/lien-hong-phuc/id1584871876?uo=4,https://podcasters.spotify.com/pod/show/lien-hong-phuc0
58.89,18,Người kể chuyện,Nguyen Phuc Nghiem,vi,https://anchor.fm/s/54daea04/podcast/rss,https://podcasts.apple.com/vn/podcast/ng%C6%B0%E1%BB%9Di-k%E1%BB%83-chuy%E1%BB%87n/id1561577675?uo=4,https://shopee.vn/product/63453857/9134810171?smtt=0.63455300-1617283506.9
58.67,75,Đọc sách cùng An,Đọc sách cùng An,vi,https://anchor.fm/s/3a708b9c/podcast/rss,https://podcasts.apple.com/us/podcast/%C4%91%E1%BB%8Dc-s%C3%A1ch-c%C3%B9ng-an/id1535382989?uo=4,https://podcasters.spotify.com/pod/show/ngu1ecdc-301nh6
58.6,86,Hội Thánh VNextGen | Bài Giảng Sứ Điệp Hàng Tuần,VNextGen Church,vi,https://media.rss.com/vnextgensermons/feed.xml,https://podcasts.apple.com/us/podcast/h%E1%BB%99i-th%C3%A1nh-vnextgen-b%C3%A0i-gi%E1%BA%A3ng-s%E1%BB%A9-%C4%91i%E1%BB%87p-h%C3%A0ng-tu%E1%BA%A7n/id1670439314?uo=4,https://rss.com/podcasts/vnextgensermons
58.35,140,Người Dẫn Đường Cho Hôn Nhân Đúng Cách,LyNa Relationship Coach,vi,https://anchor.fm/s/8161a950/podcast/rss,https://podcasts.apple.com/us/podcast/ng%C6%B0%E1%BB%9Di-d%E1%BA%ABn-%C4%91%C6%B0%E1%BB%9Dng-cho-h%C3%B4n-nh%C3%A2n-%C4%91%C3%BAng-c%C3%A1ch/id1608253644?uo=4,https://hoisinhhanhphuc.com/
58.31,100,Radio Vatican Tiếng Việt,Radio Vaticana - Vatican News,vi,https://www.vaticannews.va/vi/podcast/vietnamese-program.podcast.xml,https://podcasts.apple.com/us/podcast/radio-vatican-ti%E1%BA%BFng-vi%E1%BB%87t/id1676412067?uo=4,https://www.vaticannews.va/vi/podcast/vietnamese-program.html
58.28,213,Kể Cho Tôi Nghe,Radio Người Giữ Kỉ Niệm,vi,https://anchor.fm/s/379ee24c/podcast/rss,https://podcasts.apple.com/us/podcast/k%E1%BB%83-cho-t%C3%B4i-nghe/id1532871723?uo=4,https://podcasters.spotify.com/pod/show/radio-ngi-gi-k-nim
58.26,123,Huy Dao Podcast,Huy Dao,vi,https://anchor.fm/s/3762840/podcast/rss,https://podcasts.apple.com/vn/podcast/huy-dao-podcast/id1617428299?uo=4,https://www.traicreator.com
58.2,12,Solo Leveling,Truyện Audio,vi,https://anchor.fm/s/10a3f0a10/podcast/rss,https://podcasts.apple.com/us/podcast/solo-leveling/id1844941719?uo=4,https://podcasters.spotify.com/pod/show/trn-anh-tin5
57.32,663,SEO Mentor - Cùng học SEO Website qua Podcast,SEO Mentor Việt Nam,vi,https://anchor.fm/s/9d034a88/podcast/rss,https://podcasts.apple.com/us/podcast/seo-mentor-c%C3%B9ng-h%E1%BB%8Dc-seo-website-qua-podcast/id1630905347?uo=4,https://seomentorvietnam.vn/
56.77,48,Pháp âm HT Thích Giác Khang,Thích Tâm Hiếu,vi,https://anchor.fm/s/b5442298/podcast/rss,https://podcasts.apple.com/us/podcast/ph%C3%A1p-%C3%A2m-ht-th%C3%ADch-gi%C3%A1c-khang/id1717375312?uo=4,https://podcasters.spotify.com/pod/show/frank-tran
55.98,213,Girly Việt Nam,Girly Việt Nam,vi,https://anchor.fm/s/7a3c0d3c/podcast/rss,https://podcasts.apple.com/us/podcast/girly-vi%E1%BB%87t-nam/id1601573342?uo=4,https://girly.vn/
55.25,64,CNNer Đi Ngủ Lúc Mấy Giờ,CNNer Đi Ngủ Lúc Mấy Giờ,vi,https://anchor.fm/s/60b19080/podcast/rss,https://podcasts.apple.com/us/podcast/cnner-%C4%91i-ng%E1%BB%A7-l%C3%BAc-m%E1%BA%A5y-gi%E1%BB%9D/id1579867583?uo=4,https://podcasters.spotify.com/pod/show/cnnerdingulucmaygio
55.08,31,14 trò chơi địa ngục,PPcv,vi,https://anchor.fm/s/105772f6c/podcast/rss,https://podcasts.apple.com/vn/podcast/14-tr%C3%B2-ch%C6%A1i-%C4%91%E1%BB%8Ba-ng%E1%BB%A5c/id1817407259?uo=4,https://podcasters.spotify.com/pod/show/fbi-united-states
54.76,113,Sử Sinh Podcast,Sử Sinh Podcast,vi,https://anchor.fm/s/fdfc175c/podcast/rss,https://podcasts.apple.com/us/podcast/s%E1%BB%AD-sinh-podcast/id1603299309?uo=4,https://castbox.fm/ch/4730270
54.4,145,"Tôi đã sống như thế nào, đã thấy gì?",Kênh VOV Giao thông (VOVGT),vi,https://anchor.fm/s/671c38d0/podcast/rss,https://podcasts.apple.com/vn/podcast/t%C3%B4i-%C4%91%C3%A3-s%E1%BB%91ng-nh%C6%B0-th%E1%BA%BF-n%C3%A0o-%C4%91%C3%A3-th%E1%BA%A5y-g%C3%AC/id1581897078?uo=4,https://vovgiaothong.vn/
54.38,184,Á châu Ngày nay,SBS,vi,https://feeds.sbs.com.au/a-chau-ngay-nay,https://podcasts.apple.com/us/podcast/%C3%A1-ch%C3%A2u-ng%C3%A0y-nay/id1818734457?uo=4,https://www.sbs.com.au/language/vietnamese/vi/podcast/a-chau-ngay-nay
54.34,179,HIEU.TV,Hieu Nguyen,vi,https://anchor.fm/s/4cfb55bc/podcast/rss,https://podcasts.apple.com/us/podcast/hieu-tv/id1554576578?uo=4,https://hieu.tv/
54.22,51,Hội thánh Con Đường Sự Sống - Living Way Church,Living Way Church,vi,https://anchor.fm/s/5a4147f4/podcast/rss,https://podcasts.apple.com/vn/podcast/h%E1%BB%99i-th%C3%A1nh-con-%C4%91%C6%B0%E1%BB%9Dng-s%E1%BB%B1-s%E1%BB%91ng-living-way-church/id1566866793?uo=4,https://livingway.vn
54.05,69,An Cư Kiết Hạ,Phạm Thị Yến,vi,https://anchor.fm/s/eea54ad0/podcast/rss,https://podcasts.apple.com/us/podcast/an-c%C6%B0-ki%E1%BA%BFt-h%E1%BA%A1/id1811916151?uo=4,https://phamthiyen.com
54.04,62,Dalai Lama,Phúc Thanh,vi,https://anchor.fm/s/10cec7d74/podcast/rss,https://podcasts.apple.com/us/podcast/dalai-lama/id1862802779?uo=4,https://podcasters.spotify.com/pod/show/dama
53.76,53,NguyVu Radio The King Channel,NguyVu Radio The King Channel,vi,https://anchor.fm/s/c59e3d2c/podcast/rss,https://podcasts.apple.com/vn/podcast/nguyvu-radio-the-king-channel/id1652633290?uo=4,https://www.thekingchannel.com/
53.61,67,Sách Nói Chứng khoán,Gà mờ Chứng khoán,vi,https://anchor.fm/s/78a9b604/podcast/rss,https://podcasts.apple.com/us/podcast/s%C3%A1ch-n%C3%B3i-ch%E1%BB%A9ng-kho%C3%A1n/id1599836284?uo=4,https://podcasters.spotify.com/pod/show/tran-hai-bang
53.37,65,nguyennn.tv,Nguyen,vi,https://anchor.fm/s/619a96cc/podcast/rss,https://podcasts.apple.com/us/podcast/nguyennn-tv/id1574233286?uo=4,https://podcasters.spotify.com/pod/show/nguyen91
53.33,30,"Trở về ""KHÔNG""",Thiên Minh Quang,vi,https://anchor.fm/s/9383df2c/podcast/rss,https://podcasts.apple.com/us/podcast/tr%E1%BB%9F-v%E1%BB%81-kh%C3%B4ng/id1622343186?uo=4,https://trovekhong.wordpress.com
53.18,306,Tiên Hiệp,Tiên Các,vi,https://anchor.fm/s/5a78599c/podcast/rss,https://podcasts.apple.com/vn/podcast/ti%C3%AAn-hi%E1%BB%87p/id1566988110?uo=4,https://podcasters.spotify.com/pod/show/hieu-pham57
52.82,595,5 Phút Chuyện Thị Trường,5 Phút Chuyện Thị Trường cùng Vũ Kim Hạnh,vi,https://anchor.fm/s/b263c470/podcast/rss,https://podcasts.apple.com/us/podcast/5-ph%C3%BAt-chuy%E1%BB%87n-th%E1%BB%8B-tr%C6%B0%E1%BB%9Dng/id1649143152?uo=4,https://podcasters.spotify.com/pod/show/5-phut-chuyen-thi-truong
52.34,48,Dân Trong Ngành,Gia Nghi Béo,vi,https://feeds.redcircle.com/8c1b4eb4-527f-40e4-9b94-347467818b72,https://podcasts.apple.com/vn/podcast/d%C3%A2n-trong-ng%C3%A0nh/id1539261478?uo=4,https://redcircle.com/shows/dan-trong-nganh
52.11,24,Sách Nói Song Ngữ,Bé Sen AI,vi,https://anchor.fm/s/ff418f48/podcast/rss,https://podcasts.apple.com/vn/podcast/s%C3%A1ch-n%C3%B3i-song-ng%E1%BB%AF/id1787514808?uo=4,https://alosongngu.com/be-sen-ai/
52.03,128,Ý Nghĩa Sống,Jessica Thảo Nguyễn,vi,https://anchor.fm/s/ddbf9b08/podcast/rss,https://podcasts.apple.com/vn/podcast/%C3%BD-ngh%C4%A9a-s%E1%BB%91ng/id1556221100?uo=4,https://ynghiasong.vn
52.0,235,Góc khuất Việt Nam,RFA,vi,https://feeds.acast.com/public/shows/66c4c06dc297ce076de5b7ec,https://podcasts.apple.com/us/podcast/g%C3%B3c-khu%E1%BA%A5t-vi%E1%BB%87t-nam/id1571745841?uo=4,https://www.rfa.org/vietnamese/podcasts/
52.0,75,Thư Viện Thiên Văn,Nguyễn Ngọc Lam,vi,https://anchor.fm/s/103359d9c/podcast/rss,https://podcasts.apple.com/us/podcast/th%C6%B0-vi%E1%BB%87n-thi%C3%AAn-v%C4%83n/id1806155104?uo=4,https://podcasters.spotify.com/pod/show/nguyn-ngc-lam
51.58,100,tkp.mediafim - không giới hạn,tkp.mediafim4k - không giới hạn,vi,https://anchor.fm/s/b910f2d4/podcast/rss,https://podcasts.apple.com/vn/podcast/tkp-mediafim-kh%C3%B4ng-gi%E1%BB%9Bi-h%E1%BA%A1n/id1645776617?uo=4,https://youtube.com/@tkpmediafim4k?si=IzDsBpJ1ukgjnUfB
51.55,103,Truyện Ma Bẻ Lái,Ma Truyện,vi,https://anchor.fm/s/77849690/podcast/rss,https://podcasts.apple.com/us/podcast/truy%E1%BB%87n-ma-b%E1%BA%BB-l%C3%A1i/id1598781555?uo=4,https://machuteam.vn/
51.36,64,"KÊNH TỬ VI - kênh truyện tâm linh, tử vi của người Việt",Kênh Tử Vi,vi,https://anchor.fm/s/319a9fa8/podcast/rss,https://podcasts.apple.com/vn/podcast/k%C3%AAnh-t%E1%BB%AD-vi-k%C3%AAnh-truy%E1%BB%87n-t%C3%A2m-linh-t%E1%BB%AD-vi-c%E1%BB%A7a-ng%C6%B0%E1%BB%9Di-vi%E1%BB%87t/id1528591535?uo=4,https://podcasters.spotify.com/pod/show/kenh-tu-vi-podcast
51.34,338,Blog Tiền Số Podcast,Blog Tiền Số,vi,https://anchor.fm/s/7edd4cac/podcast/rss,https://podcasts.apple.com/vn/podcast/blog-ti%E1%BB%81n-s%E1%BB%91-podcast/id1608763120?uo=4,https://blogtienso.net/
50.83,189,Chuyện Việt Nam,SBS,vi,https://feeds.sbs.com.au/viet-nam-tuan-qua,https://podcasts.apple.com/us/podcast/chuy%E1%BB%87n-vi%E1%BB%87t-nam/id1783022634?uo=4,https://www.sbs.com.au/language/vietnamese/vi/podcast/viet-nam-tuan-qua
50.73,163,MCV Network,MCV Network,vi,https://anchor.fm/s/87d6f4ac/podcast/rss,https://podcasts.apple.com/us/podcast/mcv-network/id1613096721?uo=4,https://podcasters.spotify.com/pod/show/mcv-network
50.7,90,Mặt Trời Nhỏ Xíu,Mặt Trời Nhỏ Xíu,vi,https://anchor.fm/s/68c71e5c/podcast/rss,https://podcasts.apple.com/us/podcast/m%E1%BA%B7t-tr%E1%BB%9Di-nh%E1%BB%8F-x%C3%ADu/id1585270736?uo=4,https://podcasters.spotify.com/pod/show/mt-tri-nh-xu
50.51,50,Hội Thánh Tin Lành Logos,Mục Sư: Nguyễn Đăng Thướng,vi,https://anchor.fm/s/e6c8fd98/podcast/rss,https://podcasts.apple.com/vn/podcast/h%E1%BB%99i-th%C3%A1nh-tin-l%C3%A0nh-logos/id1701057005?uo=4,https://podcasters.spotify.com/pod/show/nguyendangthuong
49.84,184,Dễ ngủ,Nguyễn Hồ Ngọc Hân,vi,https://anchor.fm/s/619805c4/podcast/rss,https://podcasts.apple.com/us/podcast/d%E1%BB%85-ng%E1%BB%A7/id1574987286?uo=4,https://dengu690664532.wordpress.com/
49.09,53,Lữ khách vui - Lm.Vui Chứng Nhân,Quy Tran,vi,https://anchor.fm/s/da9b9238/podcast/rss,https://podcasts.apple.com/us/podcast/l%E1%BB%AF-kh%C3%A1ch-vui-lm-vui-ch%E1%BB%A9ng-nh%C3%A2n/id1688914682?uo=4,https://lukhachvui.com
49.04,70,Học Kinh Thánh Từng Chương,MTHĐ,vi,https://anchor.fm/s/718fb6fc/podcast/rss,https://podcasts.apple.com/vn/podcast/h%E1%BB%8Dc-kinh-th%C3%A1nh-t%E1%BB%ABng-ch%C6%B0%C6%A1ng/id1621839431?uo=4,https://podcasters.spotify.com/pod/show/sang-the-ky
48.52,44,Lớp học chuyên đề,Mật ngọt,vi,https://anchor.fm/s/eb5a5460/podcast/rss,https://podcasts.apple.com/us/podcast/l%E1%BB%9Bp-h%E1%BB%8Dc-chuy%C3%AAn-%C4%91%E1%BB%81/id1712429699?uo=4,https://bkwsuvn.com/
47.95,289,Truyện của Bà Ngoại,Truyện của Bà Ngoại,vi,https://anchor.fm/s/101cf84f4/podcast/rss,https://podcasts.apple.com/us/podcast/truy%E1%BB%87n-c%E1%BB%A7a-b%C3%A0-ngo%E1%BA%A1i/id1799354095?uo=4,https://podcasters.spotify.com/pod/show/truyen-cua-ba-ngoai
47.9,13,Nghe để ngủ ngon 💤,UnionStar Records,vi,https://anchor.fm/s/eed22924/podcast/rss,https://podcasts.apple.com/us/podcast/nghe-%C4%91%E1%BB%83-ng%E1%BB%A7-ngon/id1734112712?uo=4,https://podcasters.spotify.com/pod/show/ambientsleep
47.85,46,The Runaways - A Vietnamese Dungeons and Dragons Podcast,Vietnamese Dungeons and Dragons,vi,https://anchor.fm/s/661dbf80/podcast/rss,https://podcasts.apple.com/vn/podcast/the-runaways-a-vietnamese-dungeons-and-dragons-podcast/id1581924569?uo=4,https://podcasters.spotify.com/pod/show/vietnamese-dungeons-and-dragons
47.58,120,THƯ VIỆN NGUYỄN ĐÌNH CHIỂU VĨNH LONG,Thư viện Nguyễn Đình Chiểu Vĩnh Long,vi,https://anchor.fm/s/5ea86ad4/podcast/rss,https://podcasts.apple.com/vn/podcast/th%C6%B0-vi%E1%BB%87n-nguy%E1%BB%85n-%C4%91%C3%ACnh-chi%E1%BB%83u-v%C4%A9nh-long/id1571545623?uo=4,https://thuvientinh.vinhlong.gov.vn/portal/wpthuvientinh/thuvientinh/page/index.cpx
47.52,90,Làn,Duong Thuy Dung,vi,https://anchor.fm/s/6fd62850/podcast/rss,https://podcasts.apple.com/us/podcast/l%C3%A0n/id1661535989?uo=4,https://www.facebook.com/duongthuydung0810?mibextid=LQQJ4d
47.47,96,Đế Chế - Kinh Doanh Tại Châu Á,1UpMedia,vi,https://anchor.fm/s/e4d0093c/podcast/rss,https://podcasts.apple.com/vn/podcast/%C4%91%E1%BA%BF-ch%E1%BA%BF-kinh-doanh-t%E1%BA%A1i-ch%C3%A2u-%C3%A1/id1697424977?uo=4,https://podcasters.spotify.com/pod/show/vnempires
47.35,198,🩵 Diệp Tít Thủ Thỉ Cùng Con 🩵,Diệp Tít,vi,https://anchor.fm/s/ff63e32c/podcast/rss,https://podcasts.apple.com/us/podcast/di%E1%BB%87p-t%C3%ADt-th%E1%BB%A7-th%E1%BB%89-c%C3%B9ng-con/id1794261600?uo=4,https://podcasters.spotify.com/pod/show/dieptitthuthicungcon
47.33,239,Đọc sách cùng Mẹ Bambi,Mẹ Bambi,vi,https://anchor.fm/s/f8baf4ac/podcast/rss,https://podcasts.apple.com/vn/podcast/%C4%91%E1%BB%8Dc-s%C3%A1ch-c%C3%B9ng-m%E1%BA%B9-bambi/id1757094542?uo=4,https://podcasters.spotify.com/pod/show/me-bambi
47.1,57,the finding audio,"Yenly, Duy Tin",vi-vi,https://anchor.fm/s/72b86178/podcast/rss,https://podcasts.apple.com/us/podcast/the-finding-audio/id1552145738?uo=4,https://thefindingaudio.podbean.com
46.13,33,Oddly normal,Van Nguyen,vi,https://feeds.simplecast.com/AfGWUmjw,https://podcasts.apple.com/us/podcast/oddly-normal/id1509630718?uo=4,https://oddly-podcast.com/
46.07,103,Anh Le's Free Talk,Anh Le,vi,https://anchor.fm/s/11e7ff20/podcast/rss,https://podcasts.apple.com/vn/podcast/anh-les-free-talk/id1492876509?uo=4,https://podcasters.spotify.com/pod/show/anhlefreetalk
45.5,512,Hà Nội tin mỗi chiều | Podcast | Đài Hà Nội,Hà Nội tin mỗi chiều | Đài Hà Nội,vi,https://anchor.fm/s/fc5367d4/podcast/rss,https://podcasts.apple.com/us/podcast/h%C3%A0-n%E1%BB%99i-tin-m%E1%BB%97i-chi%E1%BB%81u-podcast-%C4%91%C3%A0i-h%C3%A0-n%E1%BB%99i/id1702661554?uo=4,https://hanoionline.vn
45.46,88,Nu DOP Radio,Nu DOP,vi,https://anchor.fm/s/5c2f554c/podcast/rss,https://podcasts.apple.com/us/podcast/nu-dop-radio/id1568886889?uo=4,https://nudopradio.com
45.39,157,Tài Chính & Kinh Doanh,Tài Chính & Kinh Doanh,vi,https://anchor.fm/s/6a069144/podcast/rss,https://podcasts.apple.com/vn/podcast/t%C3%A0i-ch%C3%ADnh-kinh-doanh/id1584475982?uo=4,https://afacapital.vn/
44.99,28,Sy's Audio Book,SN Robert,vi,https://anchor.fm/s/9ab9ac90/podcast/rss,https://podcasts.apple.com/us/podcast/sys-audio-book/id1635106717?uo=4,https://podcasters.spotify.com/pod/show/sn-robert
44.87,150,ROXound by ROX Group,ROX Group,vi,https://anchor.fm/s/f38ec1c0/podcast/rss,https://podcasts.apple.com/us/podcast/roxound-by-rox-group/id1751463402?uo=4,Https://rox.vn
44.69,274,Đời Sale Logistics,Đời Sale Logistics,vi,https://anchor.fm/s/1054c3e74/podcast/rss,https://podcasts.apple.com/us/podcast/%C4%91%E1%BB%9Di-sale-logistics/id1846011939?uo=4,https://podcasters.spotify.com/pod/show/i-sale-logistics
44.59,197,Tâm Sự Nghề Làm Mẹ,Tâm Miu,vi,https://anchor.fm/s/5fddbb34/podcast/rss,https://podcasts.apple.com/us/podcast/t%C3%A2m-s%E1%BB%B1-ngh%E1%BB%81-l%C3%A0m-m%E1%BA%B9/id1534231674?uo=4,https://www.tammiu.com
44.58,41,EduStation,Vietcetera,vi,https://anchor.fm/s/1035de3c4/podcast/rss,https://podcasts.apple.com/us/podcast/edustation/id1596899375?uo=4,https://vietcetera.com
44.57,60,Phát Triển Bản Thân,Fonos,vi,https://feeds.transistor.fm/phat-tri-n-b-n-than,https://podcasts.apple.com/us/podcast/ph%C3%A1t-tri%E1%BB%83n-b%E1%BA%A3n-th%C3%A2n/id1573353804?uo=4,https://fonos.vn
44.46,76,Wealth-Being,VIETSUCCESS,vi,https://anchor.fm/s/e837c5b0/podcast/rss,https://podcasts.apple.com/us/podcast/wealth-being/id1713507657?uo=4,https://podcasters.spotify.com/pod/show/vietsuccess-podcast9
44.42,60,Gánh Xiếc - Bênh vực tự kỷ,Gánh Xiếc,vi,https://anchor.fm/s/7a3ae77c/podcast/rss,https://podcasts.apple.com/vn/podcast/g%C3%A1nh-xi%E1%BA%BFc-b%C3%AAnh-v%E1%BB%B1c-t%E1%BB%B1-k%E1%BB%B7/id1612224059?uo=4,https://ganhxiecnhaju.org
44.42,66,Spring Weed Podcast | The Gaianus Podcast,一卷 Nhất Quyển,vi,https://feeds.soundon.fm/podcasts/7673dc72-fb49-4b29-92b4-c48fc849595e.xml,https://podcasts.apple.com/vn/podcast/spring-weed-podcast-the-gaianus-podcast/id1619520383?uo=4,https://sites.google.com/view/springweed/
44.34,69,Đời không Đề - life is no title.,reddyonduty,vi,https://anchor.fm/s/825d6e70/podcast/rss,https://podcasts.apple.com/us/podcast/%C4%91%E1%BB%9Di-kh%C3%B4ng-%C4%91%E1%BB%81-life-is-no-title/id1608869790?uo=4,https://beacons.ai/reddyonduty
44.25,12,Góc Sách Nói,Nguyen Thanh Canh,vi,https://anchor.fm/s/f97c4a6c/podcast/rss,https://podcasts.apple.com/us/podcast/g%C3%B3c-s%C3%A1ch-n%C3%B3i/id1760685921?uo=4,https://podcasters.spotify.com/pod/show/thanhcanh
43.8,9,Trạm Chữa Lành - Healing Station,Mỹ Hạnh,vi,https://anchor.fm/s/6978cb20/podcast/rss,https://podcasts.apple.com/us/podcast/tr%E1%BA%A1m-ch%E1%BB%AFa-l%C3%A0nh-healing-station/id1584865580?uo=4,https://open.spotify.com/show/3rE5FaaVBNO4NU1KVPcs0w?si=3b71e6c3bbcd467b
43.72,331,Tinh tế Podcast Daily,Tinh tế,vi,https://anchor.fm/s/216ae00c/podcast/rss,https://podcasts.apple.com/us/podcast/tinh-t%E1%BA%BF-podcast-daily/id1515230764?uo=4,https://tinhte.vn
43.01,52,unlock fm,unlock fm,vi,https://anchor.fm/s/dec5d06c/podcast/rss,https://podcasts.apple.com/us/podcast/unlock-fm/id1492577897?uo=4,https://unlockfm.com
42.83,421,TU THÂN - NỖ LỰC ĐỂ BẢN THÂN TỐT HƠN MỖI NGÀY!,Tu Thân,vi,https://anchor.fm/s/4dcf97a0/podcast/rss,https://podcasts.apple.com/us/podcast/tu-th%C3%A2n-n%E1%BB%97-l%E1%BB%B1c-%C4%91%E1%BB%83-b%E1%BA%A3n-th%C3%A2n-t%E1%BB%91t-h%C6%A1n-m%E1%BB%97i-ng%C3%A0y/id1554823389?uo=4,http://quangcaoytb.com/
42.7,28,Kinh Địa Tạng Huyền Nghĩa,Namo A Di Đà Phật,vi,https://anchor.fm/s/907351dc/podcast/rss,https://podcasts.apple.com/us/podcast/kinh-%C4%91%E1%BB%8Ba-t%E1%BA%A1ng-huy%E1%BB%81n-ngh%C4%A9a/id1675629703?uo=4,https://podcasters.spotify.com/pod/show/namo-a-di--pht
42.54,100,Suối Đạo Vô Vi,Lương Sĩ Hằng - Vĩ Kiên,vi,https://feed.podbean.com/suoidaovovi/feed.xml,https://podcasts.apple.com/us/podcast/su%E1%BB%91i-%C4%91%E1%BA%A1o-v%C3%B4-vi/id1457392174?uo=4,https://suoidaovovi.podbean.com
42.08,216,Phạm Ngọc Anh,Phạm Ngọc Anh,vi,https://anchor.fm/s/224fc870/podcast/rss,https://podcasts.apple.com/vn/podcast/ph%E1%BA%A1m-ng%E1%BB%8Dc-anh/id1514376271?uo=4,https://phamngocanh.com/
41.86,216,Tuan Anh Podcast,Le Tuan Anh,vi,https://anchor.fm/s/1a69d614/podcast/rss,https://podcasts.apple.com/vn/podcast/tuan-anh-podcast/id1505986740?uo=4,https://anhtuanle.com/
41.75,68,Romanista Việt Nam Podcast,Khoa Ho,vi,https://anchor.fm/s/2c453914/podcast/rss,https://podcasts.apple.com/vn/podcast/romanista-vi%E1%BB%87t-nam-podcast/id1528068348?uo=4,https://podcasters.spotify.com/pod/show/romanista-vietnam
41.49,146,"Blog tôi viết, tôi tâm sự",Thanh Lê,vi,https://anchor.fm/s/4da8eba0/podcast/rss,https://podcasts.apple.com/vn/podcast/blog-t%C3%B4i-vi%E1%BA%BFt-t%C3%B4i-t%C3%A2m-s%E1%BB%B1/id1555109301?uo=4,https://blogtoiviettoitamsu.blogspot.com/
41.46,109,"Từ ngữ của Đời sống, Tin tốt và Sách Phúc Âm bài hát／Ngôn ngữ của nhóm chính ở Việt Nam.(Words of Life, Good news and Gospel songs / Languages of the main groups in Vietnam.)",Tze-John Liu,vi,https://vietnamgoodnews.podomatic.com/rss2.xml,https://podcasts.apple.com/vn/podcast/t%E1%BB%AB-ng%E1%BB%AF-c%E1%BB%A7a-%C4%91%E1%BB%9Di-s%E1%BB%91ng-tin-t%E1%BB%91t-v%C3%A0-s%C3%A1ch-ph%C3%BAc-%C3%A2m-b%C3%A0i-h%C3%A1t/id1696481127?uo=4,https://www.podomatic.com/podcasts/vietnamgoodnews
41.4,53,Đây /Không/ Phải là Podcast,Tín Nguyễn,vi,https://anchor.fm/s/4d2d5fe4/podcast/rss,https://podcasts.apple.com/vn/podcast/%C4%91%C3%A2y-kh%C3%B4ng-ph%E1%BA%A3i-l%C3%A0-podcast/id1554239482?uo=4,https://www.facebook.com/Thisisnotafashionpage
41.3,7,Sơn Tùng và kho Audiobook,Phạm Nguyễn Sơn Tùng,vi,https://anchor.fm/s/570e76c4/podcast/rss,https://podcasts.apple.com/us/podcast/s%C6%A1n-t%C3%B9ng-v%C3%A0-kho-audiobook/id1597600841?uo=4,https://www.youtube.com/channel/UC9pL8Nikj3OP1bm2xWix_4w
41.27,107,FYE Radio,FYE Radio,vi,https://anchor.fm/s/5a8909e0/podcast/rss,https://podcasts.apple.com/vn/podcast/fye-radio/id1567014278?uo=4,https://fye.org.vn
41.26,363,RACCON,RACCON,vi,https://anchor.fm/s/1096867f8/podcast/rss,https://podcasts.apple.com/us/podcast/raccon/id1840423190?uo=4,https://codehtht.com/
41.15,121,Cùng Huỳnh Làm Mẹ,Huỳnh Bùi,vi,https://anchor.fm/s/6f6ab8cc/podcast/rss,https://podcasts.apple.com/vn/podcast/c%C3%B9ng-hu%E1%BB%B3nh-l%C3%A0m-m%E1%BA%B9/id1585951863?uo=4,https://www.huynhbuicoaching.com
41.12,510,SEO Agency Việt Nam - SEO Marketing Tổng Thể,SEO Marketing Mentor,vi,https://anchor.fm/s/d6110acc/podcast/rss,https://podcasts.apple.com/us/podcast/seo-agency-vi%E1%BB%87t-nam-seo-marketing-t%E1%BB%95ng-th%E1%BB%83/id1660429185?uo=4,https://seomentorvietnam.vn/
40.89,70,Học Kinh Thánh từng chương,Cac Quan Xet,vi,https://anchor.fm/s/726e81c0/podcast/rss,https://podcasts.apple.com/us/podcast/h%E1%BB%8Dc-kinh-th%C3%A1nh-t%E1%BB%ABng-ch%C6%B0%C6%A1ng/id1621840084?uo=4,https://podcasters.spotify.com/pod/show/cac-quan-xet
40.54,192,Truyện cổ tích cho Bé,An Nguyen,vi,https://anchor.fm/s/10411e568/podcast/rss,https://podcasts.apple.com/us/podcast/truy%E1%BB%87n-c%E1%BB%95-t%C3%ADch-cho-b%C3%A9/id1810422798?uo=4,https://podcasters.spotify.com/pod/show/liam0968
40.39,90,Bình thường hoá,Vanesa,vi,https://anchor.fm/s/80cb4870/podcast/rss,https://podcasts.apple.com/us/podcast/b%C3%ACnh-th%C6%B0%E1%BB%9Dng-ho%C3%A1/id1672776215?uo=4,https://podcasters.spotify.com/pod/show/fleur.dutch
39.9,176,Hằng Hóm Hỉnh,hanghomhinhvlog,vi,https://anchor.fm/s/61464220/podcast/rss,https://podcasts.apple.com/vn/podcast/h%E1%BA%B1ng-h%C3%B3m-h%E1%BB%89nh/id1573964968?uo=4,https://hanghomhinh.com/
39.39,56,Nguy Cơ talkshow,VnExpress X S-World,vi,https://anchor.fm/s/556e6838/podcast/rss,https://podcasts.apple.com/us/podcast/nguy-c%C6%A1-talkshow/id1562417157?uo=4,https://podcasters.spotify.com/pod/show/nguycotalkshow
39.34,47,Small Talk With Nhi,Nhi Nguyễn,vi,https://anchor.fm/s/6351a3ac/podcast/rss,https://podcasts.apple.com/vn/podcast/small-talk-with-nhi/id1562567249?uo=4,https://nhirighthere.com
39.17,114,Cô Hai Podcast,Cô Hai,vi,https://anchor.fm/s/6546d394/podcast/rss,https://podcasts.apple.com/us/podcast/c%C3%B4-hai-podcast/id1802843186?uo=4,https://cohaipodcast.com
39.13,47,Gen Z Stories,Huỳnh Hữu Tài,vi,https://anchor.fm/s/941b210c/podcast/rss,https://podcasts.apple.com/vn/podcast/gen-z-stories/id1623330579?uo=4,https://wetransform.vn
39.07,100,VĂN NGHỆ CUỐI TUẦN,CRI,km,https://feed.kroraina.com.cn/api/channel/rss/63734472048d1b405d13d5d0.xml,https://podcasts.apple.com/us/podcast/v%C4%83n-ngh%C3%AA-cu%C3%B4-i-tu%C3%A2-n/id842342627?uo=4,
38.97,105,Sunhuyn Podcast,Sunhuyn,vi,https://anchor.fm/s/63606950/podcast/rss,https://podcasts.apple.com/us/podcast/sunhuyn-podcast/id1578099847?uo=4,http://sunhuyn.vn
38.82,21,"Những Vụ Án Kỳ Bí --Trinh thám, Kinh dị",PPcv,vi,https://anchor.fm/s/113a7600c/podcast/rss,https://podcasts.apple.com/us/podcast/nh%E1%BB%AFng-v%E1%BB%A5-%C3%A1n-k%E1%BB%B3-b%C3%AD-trinh-th%C3%A1m-kinh-d%E1%BB%8B/id1896937951?uo=4,https://podcasters.spotify.com/pod/show/fbi-united-states86
38.8,45,#kndnmidnight - Pyjama party Podcast,reddyonduty,vi,https://anchor.fm/s/d23447c0/podcast/rss,https://podcasts.apple.com/us/podcast/kndnmidnight-pyjama-party-podcast/id1657904291?uo=4,https://www.instagram.com/weare.inyoursight/
38.68,90,Chanh Mơ Đọc Truyện,LÉMON,vi,https://anchor.fm/s/76e29458/podcast/rss,https://podcasts.apple.com/us/podcast/chanh-m%C6%A1-%C4%91%E1%BB%8Dc-truy%E1%BB%87n/id1642906262?uo=4,https://lemonadeblogger22.wixsite.com/website
38.56,231,Vì sao thế nhỉ!,Vì sao thế nhỉ!,vi,https://anchor.fm/s/8453cddc/podcast/rss,https://podcasts.apple.com/us/podcast/v%C3%AC-sao-th%E1%BA%BF-nh%E1%BB%89/id1611114706?uo=4,https://visaothenhi.wordpress.com/
38.26,43,Pháp Âm Phật Giáo Hòa Hảo,Van Cong Hung,vi,https://anchor.fm/s/68702840/podcast/rss,https://podcasts.apple.com/vn/podcast/ph%C3%A1p-%C3%A2m-ph%E1%BA%ADt-gi%C3%A1o-h%C3%B2a-h%E1%BA%A3o/id1583944510?uo=4,https://vanconghung.com
38.25,192,Da liễu và Sức khoẻ,Nhóm radio podcast - Bệnh viện Da liễu Trung ương,vi,https://anchor.fm/s/48a12f78/podcast/rss,https://podcasts.apple.com/us/podcast/da-li%E1%BB%85u-v%C3%A0-s%E1%BB%A9c-kho%E1%BA%BB/id1552935048?uo=4,Hoivaynen.vn
38.19,36,Nghĩ Gì Nói Đó,Như Thùy,vi,https://anchor.fm/s/1ade1ed4/podcast/rss,https://podcasts.apple.com/vn/podcast/ngh%C4%A9-g%C3%AC-n%C3%B3i-%C4%91%C3%B3/id1520176542?uo=4,https://podcasters.spotify.com/pod/show/nghiginoido
38.18,53,Nhịp sống Sài Gòn - VOH,VOH Radio Online,vi,https://anchor.fm/s/1e4f964c/podcast/rss,https://podcasts.apple.com/us/podcast/nh%E1%BB%8Bp-s%E1%BB%91ng-s%C3%A0i-g%C3%B2n-voh/id1511441695?uo=4,https://podcasters.spotify.com/pod/show/nssg
38.14,133,Sách nói (by K),Kristine Nguyen,vi,https://anchor.fm/s/67c9a740/podcast/rss,https://podcasts.apple.com/vn/podcast/s%C3%A1ch-n%C3%B3i-by-k/id1583088865?uo=4,https://podcasters.spotify.com/pod/show/kristine-nguyen6
37.81,125,Việt Nam Tuần Này,RFA,vi,https://feeds.acast.com/public/shows/66c4e7c44bc29b3432041b80,https://podcasts.apple.com/us/podcast/vi%E1%BB%87t-nam-tu%E1%BA%A7n-n%C3%A0y/id1731182745?uo=4,https://www.rfa.org/vietnamese/podcasts/
37.71,140,Tai chinh quoc te cuoi tuan - Weekly financial analysis,Tran Khac Minh,vi,https://anchor.fm/s/4f662df4/podcast/rss,https://podcasts.apple.com/vn/podcast/tai-chinh-quoc-te-cuoi-tuan-weekly-financial-analysis/id1558862307?uo=4,https://www.youtube.com/trankhacminh
37.47,36,Lục Thư,Lục Thư,vi,https://anchor.fm/s/36bdcc08/podcast/rss,https://podcasts.apple.com/vn/podcast/l%E1%BB%A5c-th%C6%B0/id1675443633?uo=4,https://podcasters.spotify.com/pod/show/lucthu00
37.32,336,"Life in Fukuoka ""Vietnamese""",LOVE FM 76.1MHz,ja,https://lovefm.co.jp/podcasts/xml/352/62.xml,https://podcasts.apple.com/vn/podcast/life-in-fukuoka-vietnamese/id1502942407?uo=4,http://lovefm.co.jp/podcasts
37.13,33,Não Mandas Em Mim,Inês Lopes Gonçalves,pt-pt,https://anchor.fm/s/f789cd88/podcast/rss,https://podcasts.apple.com/us/podcast/n%C3%A3o-mandas-em-mim/id1752470431?uo=4,https://podcasters.spotify.com/pod/show/nao-mandas-em-mim
36.71,192,Truyền Hình Invest TV - Kênh Thông Tin Tài Chính Kinh Tế Bất Động Sản,truyenhinhinvesttv,vi,https://anchor.fm/s/5f0cbffc/podcast/rss,https://podcasts.apple.com/us/podcast/truy%E1%BB%81n-h%C3%ACnh-invest-tv-k%C3%AAnh-th%C3%B4ng-tin-t%C3%A0i-ch%C3%ADnh-kinh/id1571994954?uo=4,https://podcasters.spotify.com/pod/show/truyenhinhinvesttv
36.36,112,Trở Về Chính Mình - by Dao Chi Anh,Dao Chi Anh,vi,https://anchor.fm/s/102cd20/podcast/rss,https://podcasts.apple.com/us/podcast/tr%E1%BB%9F-v%E1%BB%81-ch%C3%ADnh-m%C3%ACnh-by-dao-chi-anh/id1270389632?uo=4,https://her.vn/
36.36,24,Phật Pháp Căn Bản,Làng Mai,vi,https://anchor.fm/s/eb2c6050/podcast/rss,https://podcasts.apple.com/us/podcast/ph%E1%BA%ADt-ph%C3%A1p-c%C4%83n-b%E1%BA%A3n/id1711994636?uo=4,https://langmai.org
36.35,122,Cosmic Writer,Hà Minh,vi,https://anchor.fm/s/63340be4/podcast/rss,https://podcasts.apple.com/us/podcast/cosmic-writer/id1596439377?uo=4,https://www.cosmicwriter.co/
36.33,120,Đọc Truyện Đêm Muộn,Liên Chu,vi,https://anchor.fm/s/643655c4/podcast/rss,https://podcasts.apple.com/us/podcast/%C4%91%E1%BB%8Dc-truy%E1%BB%87n-%C4%91%C3%AAm-mu%E1%BB%99n/id1577249649?uo=4,https://podcasters.spotify.com/pod/show/luu00ean-chu
35.71,326,MH Stories,MỸ HẠNH,vi,https://rss.buzzsprout.com/2312410.rss,https://podcasts.apple.com/us/podcast/mh-stories/id1880164184?uo=4,https://www.facebook.com/myhanhbientapvien
35.7,175,HRVN ACADEMY - Blog Nghề Nhân sự,HRVN ACADEMY,vi,https://anchor.fm/s/59946f20/podcast/rss,https://podcasts.apple.com/vn/podcast/hrvn-academy-blog-ngh%E1%BB%81-nh%C3%A2n-s%E1%BB%B1/id1624210996?uo=4,https://www.hrvnacademy.com/
35.51,216,Café PHÁP (Dharma Espresso),Thầy Hằng Trường,en,http://espresso.compassheart.com/caphe.rss,https://podcasts.apple.com/us/podcast/caf%C3%A9-ph%C3%A1p-dharma-espresso/id1347780741?uo=4,http://espresso.compassheart.com
35.33,30,Thanh Loc Than Tam,Thanh Loc Than Tam,vi,https://anchor.fm/s/35a1969c/podcast/rss,https://podcasts.apple.com/vn/podcast/thanh-loc-than-tam/id1531487839?uo=4,https://songchanhniem.com
35.13,162,Lắng Đọng Đêm Về,Lắng Đọng Đêm Về,vi,https://anchor.fm/s/3db1b31c/podcast/rss,https://podcasts.apple.com/us/podcast/l%E1%BA%AFng-%C4%91%E1%BB%8Dng-%C4%91%C3%AAm-v%E1%BB%81/id1538239656?uo=4,https://podcasters.spotify.com/pod/show/lng-ng-m-v
35.13,148,"Ơi, My đây!",MyMyPodcast,vi,https://anchor.fm/s/5ecd2b6c/podcast/rss,https://podcasts.apple.com/vn/podcast/%C6%A1i-my-%C4%91%C3%A2y/id1572181426?uo=4,https://www.facebook.com/diemmy.lam317
35.05,34,Pháp Hỷ,Pháp Hỷ,vi,https://anchor.fm/s/10287b614/podcast/rss,https://podcasts.apple.com/us/podcast/ph%C3%A1p-h%E1%BB%B7/id1802550376?uo=4,https://podcasters.spotify.com/pod/show/php-h
34.97,100,VnExpress Podcasts: Bạn ổn không,VnExpress,vi-vn,https://vnexpress.net/rss/podcast/ban-on-khong.rss,https://podcasts.apple.com/us/podcast/vnexpress-podcasts-b%E1%BA%A1n-%E1%BB%95n-kh%C3%B4ng/id1751444220?uo=4,https://vnexpress.net/vne-go/podcast/ban-on-khong
34.97,61,Sách nói AI,SÁCH NÓI AI,vi,https://anchor.fm/s/101ed6050/podcast/rss,https://podcasts.apple.com/us/podcast/s%C3%A1ch-n%C3%B3i-ai/id1800230029?uo=4,https://podcasters.spotify.com/pod/show/sachnoiai
34.97,308,GIẢI THƯỞNG GIỌNG THU VÀNG - CÂY BÚT TRẺ AUDIO,Cộng đồng Cây Bút Trẻ Việt Nam,vi,https://anchor.fm/s/6b7c39e8/podcast/rss,https://podcasts.apple.com/vn/podcast/gi%E1%BA%A3i-th%C6%B0%E1%BB%9Fng-gi%E1%BB%8Dng-thu-v%C3%A0ng-c%C3%A2y-b%C3%BAt-tr%E1%BA%BB-audio/id1586695242?uo=4,https://caybuttre.vn
34.6,28,PROUD VIETNAM,VIETSUCCESS,vi,https://anchor.fm/s/f7e72e9c/podcast/rss,https://podcasts.apple.com/vn/podcast/proud-vietnam/id1754074458?uo=4,https://podcasters.spotify.com/pod/show/proudvietnam
34.49,7,Sách Nói Nuôi Dạy Con,Quang Nguyễn,vi,https://anchor.fm/s/111fe0634/podcast/rss,https://podcasts.apple.com/us/podcast/s%C3%A1ch-n%C3%B3i-nu%C3%B4i-d%E1%BA%A1y-con/id1721544185?uo=4,https://podcasters.spotify.com/pod/show/quang-nguyn7
34.3,106,Chiều Sâu Tâm Thức,Chiều Sâu Tâm Thức,vi,https://anchor.fm/s/106903b14/podcast/rss,https://podcasts.apple.com/us/podcast/chi%E1%BB%81u-s%C3%A2u-t%C3%A2m-th%E1%BB%A9c/id1822680956?uo=4,https://podcasters.spotify.com/pod/show/chieu-sau-tam-thuc
34.29,71,Nghe Nói Là,cốm &amp; châu,vi,https://anchor.fm/s/568393b0/podcast/rss,https://podcasts.apple.com/us/podcast/nghe-n%C3%B3i-l%C3%A0/id1562799824?uo=4,https://podcasters.spotify.com/pod/show/nghe-noi-la
34.11,156,TÂM LÝ CƠ ĐỐC,Khám phá tâm lý qua lăng kính Cơ Đốc,vi,https://podcast.tamlycodoc.vn/tamlycodoc.xml,https://podcasts.apple.com/us/podcast/t%C3%A2m-l%C3%BD-c%C6%A1-%C4%91%E1%BB%91c/id1885523679?uo=4,https://youtube.com/channel/UC_UBb-qzN-lXW7oO9CIfofA
34.1,474,Băng và Lửa - Ice Fire Channel Radio,Ice Fire Channel,vi,https://anchor.fm/s/9e2b3bdc/podcast/rss,https://podcasts.apple.com/vn/podcast/b%C4%83ng-v%C3%A0-l%E1%BB%ADa-ice-fire-channel-radio/id1644855843?uo=4,https://icefirechannel.home.blog/
34.07,165,The VNU-IS Counselling Podcast,nguyễn thị như phương,vi,https://anchor.fm/s/5ea719b8/podcast/rss,https://podcasts.apple.com/vn/podcast/the-vnu-is-counselling-podcast/id1572201512?uo=4,https://podcasters.spotify.com/pod/show/nguyn-th-nh-phng
33.88,984,Kiến thức tâm linh và đời sống | Tâm Linh Toàn Thư,Tâm Linh Toàn Thư,vi,https://anchor.fm/s/6ab225e0/podcast/rss,https://podcasts.apple.com/us/podcast/ki%E1%BA%BFn-th%E1%BB%A9c-t%C3%A2m-linh-v%C3%A0-%C4%91%E1%BB%9Di-s%E1%BB%91ng-t%C3%A2m-linh-to%C3%A0n-th%C6%B0/id1585984818?uo=4,https://tamgioitoanthu.com
33.83,268,Dịch vụ hữu ích,SBS,vi,https://feeds.sbs.com.au/dich-vu-huu-ich,https://podcasts.apple.com/us/podcast/d%E1%BB%8Bch-v%E1%BB%A5-h%E1%BB%AFu-%C3%ADch/id1831428249?uo=4,https://www.sbs.com.au/language/vietnamese/vi/podcast/dich-vu-huu-ich
33.38,53,Mai Xuân Đạt VNOKRs,Mai Xuân Đạt,vi,https://anchor.fm/s/5ad53e14/podcast/rss,https://podcasts.apple.com/us/podcast/mai-xu%C3%A2n-%C4%91%E1%BA%A1t-vnokrs/id1567447761?uo=4,https://podcasters.spotify.com/pod/show/maixuandat
33.27,39,People Matter,VIETSUCCESS,vi,https://anchor.fm/s/e828b250/podcast/rss,https://podcasts.apple.com/us/podcast/people-matter/id1707142455?uo=4,https://podcasters.spotify.com/pod/show/people-matter
33.27,27,Từ Tôi,Serein Originals,vi,https://anchor.fm/s/fa424b7c/podcast/rss,https://podcasts.apple.com/vn/podcast/t%E1%BB%AB-t%C3%B4i/id1781131351?uo=4,https://serein.me
33.23,235,"BÁO VÀ PHÁT THANH, TRUYỀN HÌNH TUYÊN QUANG","Báo và phát thanh, truyền hình Tuyên Quang",vi,https://feeds.transistor.fm/bao-va-phat-thanh-truyen-hinh-tuyen-quang-podcast,https://podcasts.apple.com/vn/podcast/b%C3%A1o-v%C3%A0-ph%C3%A1t-thanh-truy%E1%BB%81n-h%C3%ACnh-tuy%C3%AAn-quang/id1896882769?uo=4,
33.14,143,Cao Ngọc Hiệp - Kinh Doanh - Sức Khoẻ.,Cao Ngọc Hiệp,vi,https://anchor.fm/s/5f145e60/podcast/rss,https://podcasts.apple.com/vn/podcast/cao-ng%E1%BB%8Dc-hi%E1%BB%87p-kinh-doanh-s%E1%BB%A9c-kho%E1%BA%BB/id1572205429?uo=4,https://youtube.com/@CaoNgocHiepOffiCial?si=oZfZSyeea5Vm630P
33.08,89,THAY ĐỔI TÂM THỨC,THAY ĐỔI TÂM THỨC,vi,https://anchor.fm/s/113a57c10/podcast/rss,https://podcasts.apple.com/us/podcast/thay-%C4%91%E1%BB%95i-t%C3%A2m-th%E1%BB%A9c/id1896915664?uo=4,https://podcasters.spotify.com/pod/show/thay-doi-tam-thuc2
32.88,91,"===""Lời của cuộc sống"", ""Tin tốt"", ""Bài hát Tin Mừng"" - Ngôn ngữ chính tại Việt Nam // ""Words of Life"", ""Good News"", ""Gospel Song"" / In Major Languages in Vietnam",Tze-John Liu,vi,https://vietnamgospelsongs.podomatic.com/rss2.xml,https://podcasts.apple.com/vn/podcast/l%E1%BB%9Di-c%E1%BB%A7a-cu%E1%BB%99c-s%E1%BB%91ng-tin-t%E1%BB%91t-b%C3%A0i-h%C3%A1t-tin-m%E1%BB%ABng-ng%C3%B4n-ng%E1%BB%AF/id1682143870?uo=4,https://www.podomatic.com/podcasts/vietnamgospelsongs
32.71,107,Quynh Huong Le Do,QHLD & MAYQ TEAM,vi,https://anchor.fm/s/5fdf875c/podcast/rss,https://podcasts.apple.com/us/podcast/quynh-huong-le-do/id1572757777?uo=4,https://podcasters.spotify.com/pod/show/ledoquynhhuong
32.69,66,Khách đến chơi nhà,Khuong Nguyen,vi,https://anchor.fm/s/7fb2c580/podcast/rss,https://podcasts.apple.com/us/podcast/kh%C3%A1ch-%C4%91%E1%BA%BFn-ch%C6%A1i-nh%C3%A0/id1618671421?uo=4,https://podcasters.spotify.com/pod/show/mackg100823
32.66,105,Podcast Nhân Sự,Podcast Nhân Sự,vi,https://anchor.fm/s/78e9f41c/podcast/rss,https://podcasts.apple.com/vn/podcast/podcast-nh%C3%A2n-s%E1%BB%B1/id1603113177?uo=4,https://podcastnhansu.com
32.64,36,Long - Du hoc va Phat trien,Long Vu,vi,https://anchor.fm/s/fd275d8c/podcast/rss,https://podcasts.apple.com/vn/podcast/long-du-hoc-va-phat-trien/id1777494628?uo=4,https://long-duhocphattrien.com.au
32.59,31,CAREER CHECK,VIETSUCCESS,en-us,https://anchor.fm/s/b3e9db54/podcast/rss,https://podcasts.apple.com/us/podcast/career-check/id1776069647?uo=4,https://podcasters.spotify.com/pod/show/peoplepeople2032
32.45,300,Podcast Báo Tuổi Trẻ,Báo Tuổi Trẻ,vi-vn,https://podcast.tuoitre.vn/podcast-feed.rss,https://podcasts.apple.com/us/podcast/podcast-b%C3%A1o-tu%E1%BB%95i-tr%E1%BA%BB/id1627456657?uo=4,https://podcast.tuoitre.vn
32.26,261,Sake'demy,Sake'demy,vi,https://anchor.fm/s/58e405cc/podcast/rss,https://podcasts.apple.com/us/podcast/sakedemy/id1565666787?uo=4,https://podcasters.spotify.com/pod/show/sakedemy
31.97,128,Tâm lý học và Tôi,psyme.org (Fanpage: PsyMe - Tâm lý học và Tôi),vi,https://anchor.fm/s/e6962bd4/podcast/rss,https://podcasts.apple.com/us/podcast/t%C3%A2m-l%C3%BD-h%E1%BB%8Dc-v%C3%A0-t%C3%B4i/id1702467177?uo=4,https://psyme.org/
31.88,90,Kim Ba Yoga,Đặng Kim Ba,vi,https://rss.buzzsprout.com/1879832.rss,https://podcasts.apple.com/us/podcast/kim-ba-yoga/id1592817499?uo=4,http://dangkimba.com/
31.78,90,Vitamin for the Soul,Van Nguyen,vi,https://anchor.fm/s/6f19809c/podcast/rss,https://podcasts.apple.com/us/podcast/vitamin-for-the-soul/id1620216626?uo=4,https://beacons.ai/vannguyen95
31.78,96,Ha Chu works,Ha Chu,vi,https://anchor.fm/s/2d3511dc/podcast/rss,https://podcasts.apple.com/us/podcast/ha-chu-works/id1524668842?uo=4,https://cooked.vn
31.77,93,Bạch Thoại Phật Pháp,www.pmtl.site,vi,https://www.spreaker.com/show/6422189/episodes/feed,https://podcasts.apple.com/vn/podcast/b%E1%BA%A1ch-tho%E1%BA%A1i-ph%E1%BA%ADt-ph%C3%A1p/id1869204075?uo=4,https://www.spreaker.com/podcast/bach-thoai-phat-phap--6422189
31.53,39,The Gen Health Podcast,NATURIQ Vietnam,vi,https://anchor.fm/s/1004e7270/podcast/rss,https://podcasts.apple.com/us/podcast/the-gen-health-podcast/id1807736462?uo=4,https://naturiq.co/
31.48,177,Huỳnh Minh Hiền Radio4U,Huỳnh Minh Hiền,vi,https://anchor.fm/s/43b65e70/podcast/rss,https://podcasts.apple.com/vn/podcast/hu%E1%BB%B3nh-minh-hi%E1%BB%81n-radio4u/id1544295735?uo=4,https://podcasters.spotify.com/pod/show/huynhminhhien-radio4u
31.46,77,Góc dành cho sách Chạm Tim,Bookish Journey,vi,https://anchor.fm/s/1073ca7b4/podcast/rss,https://podcasts.apple.com/us/podcast/g%C3%B3c-d%C3%A0nh-cho-s%C3%A1ch-ch%E1%BA%A1m-tim/id1843758814?uo=4,https://podcasters.spotify.com/pod/show/bookish-journey
31.11,382,Cột đèn Sân Vườn 365,Cột đèn Sân Vườn 365,vi,https://anchor.fm/s/10dd58e4c/podcast/rss,https://podcasts.apple.com/us/podcast/c%E1%BB%99t-%C4%91%C3%A8n-s%C3%A2n-v%C6%B0%E1%BB%9Dn-365/id1868606330?uo=4,https://cotdensanvuon365.com
31.11,129,Hoài Chia Sẻ: Ngành Hospitality & Công Sở,Hoài Chia Sẻ,vi,https://rss.buzzsprout.com/2338406.rss,https://podcasts.apple.com/vn/podcast/ho%C3%A0i-chia-s%E1%BA%BB-ng%C3%A0nh-hospitality-c%C3%B4ng-s%E1%BB%9F/id1737658201?uo=4,https://hoaichiase.buzzsprout.com
31.09,37,Đơn Giản Hoá Chuyện Ngành,Đơn Giản Hoá Chuyện Ngành,vi,https://anchor.fm/s/10405eb00/podcast/rss,https://podcasts.apple.com/vn/podcast/%C4%91%C6%A1n-gi%E1%BA%A3n-ho%C3%A1-chuy%E1%BB%87n-ng%C3%A0nh/id1810848623?uo=4,https://podcasters.spotify.com/pod/show/dongianhoachuyennganh
31.06,68,Nhã Nam Podcast,Nhã Nam Podcast,vi,https://anchor.fm/s/357cecac/podcast/rss,https://podcasts.apple.com/us/podcast/nh%C3%A3-nam-podcast/id1531372000?uo=4,nhanam.vn
31.0,152,MindFit,Minh Nguyen,vi,https://anchor.fm/s/10b1c51b8/podcast/rss,https://podcasts.apple.com/us/podcast/mindfit/id1849951461?uo=4,https://podcasters.spotify.com/pod/show/m81803
30.92,9,Sách Nói Phật Giáo,Quang Khanh,vi,https://anchor.fm/s/11268bbc8/podcast/rss,https://podcasts.apple.com/us/podcast/s%C3%A1ch-n%C3%B3i-ph%E1%BA%ADt-gi%C3%A1o/id1896513768?uo=4,https://podcasters.spotify.com/pod/show/quang-hng-nguyn2
30.9,175,The Ruby Nguyen Podcast,Ruby Nguyen,vi,https://anchor.fm/s/eb003cb4/podcast/rss,https://podcasts.apple.com/us/podcast/the-ruby-nguyen-podcast/id1533874231?uo=4,https://www.rni.institute/
30.88,87,Hà Mạnh,Hà Mạnh,vi,https://anchor.fm/s/b5113a2c/podcast/rss,https://podcasts.apple.com/vn/podcast/h%C3%A0-m%E1%BA%A1nh/id1646658695?uo=4,https://podcasters.spotify.com/pod/show/hamanh
30.86,342,Cố vấn SEO và AI Search - Tối ưu hóa công cụ tìm kiếm thế hệ mới,ALINHSEO MENTOR VIỆT NAM,vi,https://anchor.fm/s/10438b0a8/podcast/rss,https://podcasts.apple.com/us/podcast/c%E1%BB%91-v%E1%BA%A5n-seo-v%C3%A0-ai-search-t%E1%BB%91i-%C6%B0u-h%C3%B3a-c%C3%B4ng-c%E1%BB%A5-t%C3%ACm-ki%E1%BA%BFm-th%E1%BA%BF-h%E1%BB%87-m%E1%BB%9Bi/id1811147385?uo=4,https://seomentorvietnam.vn/
30.75,11,Đọc sách online,Dũng Nguyễn Văn,vi,https://anchor.fm/s/543c01f0/podcast/rss,https://podcasts.apple.com/us/podcast/%C4%91%E1%BB%8Dc-s%C3%A1ch-online/id1560722041?uo=4,https://podcasters.spotify.com/pod/show/quocdung
30.64,65,The Bookshelf Hanoi,The Bookshelf Hanoi,vi,https://anchor.fm/s/66e025e8/podcast/rss,https://podcasts.apple.com/us/podcast/the-bookshelf-hanoi/id1580892855?uo=4,https://thebookshelf.vn
30.57,99,"Từ ngữ của Đời sống, Tin tốt, Sách Phúc Âm bài hát của Nhóm dân tộc ở Việt Nam／(Words of Life, Good News, Gospel Songs of Ethnic Groups in Vietnam)",Tze-John Liu,vi,https://vietnamwordsoflife.podomatic.com/rss2.xml,https://podcasts.apple.com/vn/podcast/t%E1%BB%AB-ng%E1%BB%AF-c%E1%BB%A7a-%C4%91%E1%BB%9Di-s%E1%BB%91ng-tin-t%E1%BB%91t-s%C3%A1ch-ph%C3%BAc-%C3%A2m-b%C3%A0i-h%C3%A1t-c%E1%BB%A7a/id1696481213?uo=4,https://www.podomatic.com/podcasts/vietnamwordsoflife
30.29,40,Anh Hùng Lĩnh Nam,Kẻ Trộm Hương,vi,https://anchor.fm/s/f9443690/podcast/rss,https://podcasts.apple.com/us/podcast/anh-h%C3%B9ng-l%C4%A9nh-nam/id1768002896?uo=4,https://podcasters.spotify.com/pod/show/k-trm-hng9
30.04,31,Walmak Podcast: A Vietnamese-American Podcast,AlwaysWalmak.com,en,https://anchor.fm/s/10ded7b4c/podcast/rss,https://podcasts.apple.com/vn/podcast/walmak-podcast-a-vietnamese-american-podcast/id1838301358?uo=4,https://www.alwayswalmak.com/
29.99,45,VOH Radio Mẹ và Bé,VOH Radio Mẹ và Bé,vi,https://anchor.fm/s/ef4d4dc/podcast/rss,https://podcasts.apple.com/us/podcast/voh-radio-m%E1%BA%B9-v%C3%A0-b%C3%A9/id1494968627?uo=4,https://voh.com.vn/
29.94,300,DAO PHAT KHOA HOC VAT LY THIEN TONG VIET NAM,VIETNAMESE PHYSICAL SCIENTIFIC ZEN BUDDHISM,vi,https://feeds.captivate.fm/thientongmt/,https://podcasts.apple.com/vn/podcast/dao-phat-khoa-hoc-vat-ly-thien-tong-viet-nam/id1630517287?uo=4,https://thientongmt.com
29.8,36,Mèo lười đọc sách,Vân vovan,vi,https://anchor.fm/s/6b223434/podcast/rss,https://podcasts.apple.com/us/podcast/m%C3%A8o-l%C6%B0%E1%BB%9Di-%C4%91%E1%BB%8Dc-s%C3%A1ch/id1586366448?uo=4,https://www.buymeacoffee.com/Vanvovan
29.58,34,Chầm Chậm Chuyện Trò,TravelSig+,vi,https://anchor.fm/s/f7d4f308/podcast/rss,https://podcasts.apple.com/vn/podcast/ch%E1%BA%A7m-ch%E1%BA%ADm-chuy%E1%BB%87n-tr%C3%B2/id1753894117?uo=4,https://travelsig.vn/
29.57,104,Pa Kể Cải Nghe,Pa Cải,vi,https://anchor.fm/s/fca4e654/podcast/rss,https://podcasts.apple.com/us/podcast/pa-k%E1%BB%83-c%E1%BA%A3i-nghe/id1846565079?uo=4,https://www.catappaclass.com
29.52,47,CVN Discovery,CVN Nest,vi,https://anchor.fm/s/5cd29450/podcast/rss,https://podcasts.apple.com/us/podcast/cvn-discovery/id1571428910?uo=4,https://cvndigital.com/
29.45,64,Podcast Tiếng Pháp,Vitirouge,vi,https://anchor.fm/s/5c460968/podcast/rss,https://podcasts.apple.com/us/podcast/podcast-ti%E1%BA%BFng-ph%C3%A1p/id1579620178?uo=4,http://vitirouge.com/
29.28,87,BLV Anh Quân,BLV Anh Quân,vi,https://anchor.fm/s/20dfba2c/podcast/rss,https://podcasts.apple.com/us/podcast/blv-anh-qu%C3%A2n/id1513086857?uo=4,https://podcasters.spotify.com/pod/show/blvanhquan
29.1,50,PGHH,RIU PODCAST,vi,https://anchor.fm/s/dd8483b0/podcast/rss,https://podcasts.apple.com/us/podcast/pghh/id1679268437?uo=4,https://podcasters.spotify.com/pod/show/riuca
29.09,221,Truyện Phật Giáo,Truyện Phật Giáo,vi,https://anchor.fm/s/d9d296a8/podcast/rss,https://podcasts.apple.com/us/podcast/truy%E1%BB%87n-ph%E1%BA%ADt-gi%C3%A1o/id1668734746?uo=4,https://www.tiktok.com/@truyen_phat_giao
28.98,71,Cùng An,An Tran,vi,https://anchor.fm/s/da0b9bec/podcast/rss,https://podcasts.apple.com/us/podcast/c%C3%B9ng-an/id1678548913?uo=4,https://onthecard.me/tranlengocan
28.8,112,Trải nghiệm cùng Adele,Adele Doan,vi,https://anchor.fm/s/460d1a9c/podcast/rss,https://podcasts.apple.com/vn/podcast/tr%E1%BA%A3i-nghi%E1%BB%87m-c%C3%B9ng-adele/id1531670998?uo=4,https://careerlab.asia
28.78,53,Giác Mê Tâm Kệ,Trần Phi Long,vi,https://anchor.fm/s/66cdcd08/podcast/rss,https://podcasts.apple.com/vn/podcast/gi%C3%A1c-m%C3%AA-t%C3%A2m-k%E1%BB%87/id1582006418?uo=4,https://podcasters.spotify.com/pod/show/trn-phi-long
28.75,9,TPN - Kinh Tế Tài Chính Xã Hội,Nha,vi,https://anchor.fm/s/9e3b416c/podcast/rss,https://podcasts.apple.com/vn/podcast/tpn-kinh-t%E1%BA%BF-t%C3%A0i-ch%C3%ADnh-x%C3%A3-h%E1%BB%99i/id1629000411?uo=4,https://podcasters.spotify.com/pod/show/nhadev
28.65,90,"Đọc, Đọc Nữa, Đọc Mãi","Đọc, đọc nữa đọc mãi",vi,https://anchor.fm/s/6ee4d824/podcast/rss,https://podcasts.apple.com/vn/podcast/%C4%91%E1%BB%8Dc-%C4%91%E1%BB%8Dc-n%E1%BB%AFa-%C4%91%E1%BB%8Dc-m%C3%A3i/id1589583152?uo=4,https://podcasters.spotify.com/pod/show/u0110u1ecdc-u0111u1ecdc-nu1eefa-u0111u1ecdc-mu00e3i
28.53,43,021 Station - Nhà ga 021,021 Station - Nhà Ga 021,en,https://media.rss.com/021station/feed.xml,https://podcasts.apple.com/us/podcast/021-station-nh%C3%A0-ga-021/id1546453754?uo=4,https://rss.com/podcasts/021station
28.52,26,Why You Run,TEB - The Early Birds,vi,https://feeds.transistor.fm/why-you-run,https://podcasts.apple.com/us/podcast/why-you-run/id1677258383?uo=4,
28.41,34,On Balance,VIETSUCCESS,vi,https://anchor.fm/s/85480d98/podcast/rss,https://podcasts.apple.com/us/podcast/on-balance/id1612395415?uo=4,https://podcasters.spotify.com/pod/show/on-balance-podcast
28.1,135,Kinh Thánh Trực Tuyến,Chien Lac,vi,https://anchor.fm/s/5e5fe8b8/podcast/rss,https://podcasts.apple.com/us/podcast/kinh-th%C3%A1nh-tr%E1%BB%B1c-tuy%E1%BA%BFn/id1571066464?uo=4,https://kinhthanhtructuyen.com
28.08,337,NOXMAG Podcast - Phiên bản Việt Nam,ANDREA MILANO AI,vi,https://noxmag.com/podcast-vi.xml,https://podcasts.apple.com/vn/podcast/noxmag-podcast-phi%C3%AAn-b%E1%BA%A3n-vi%E1%BB%87t-nam/id6784095286?uo=4,https://noxmag.com/vi/
28.04,171,Tóm tắt nội dung murli,Mật ngọt,vi,https://anchor.fm/s/105124bb0/podcast/rss,https://podcasts.apple.com/vn/podcast/t%C3%B3m-t%E1%BA%AFt-n%E1%BB%99i-dung-murli/id1815186272?uo=4,https://murlivn.com
27.95,30,Thiền & Thương Yêu,Anh Le,vi,https://rss.buzzsprout.com/1824325.rss,https://podcasts.apple.com/us/podcast/thi%E1%BB%81n-th%C6%B0%C6%A1ng-y%C3%AAu/id1807093546?uo=4,http://linktr.ee/zenwithmiu
27.89,20,Kinh Thập Thiện,Thích Trúc Thái Minh,vi,https://anchor.fm/s/e9a9eab8/podcast/rss,https://podcasts.apple.com/vn/podcast/kinh-th%E1%BA%ADp-thi%E1%BB%87n/id1811928572?uo=4,https://thaythichtructhaiminh.com/
27.78,28,Du Học Chữa Lành (C2U Podcast),Hang Tran,vi,https://feeds.zencastr.com/f/p2zyIXFm.rss,https://podcasts.apple.com/vn/podcast/du-h%E1%BB%8Dc-ch%E1%BB%AFa-l%C3%A0nh-c2u-podcast/id1636128306?uo=4,https://connectoyou.com
27.68,283,Lời Chúa Mỗi Ngày – Podcast Công Giáo,Uyen Le,vi,https://anchor.fm/s/10bbadd9c/podcast/rss,https://podcasts.apple.com/us/podcast/l%E1%BB%9Di-ch%C3%BAa-m%E1%BB%97i-ng%C3%A0y-podcast-c%C3%B4ng-gi%C3%A1o/id1853452424?uo=4,https://podcasters.spotify.com/pod/show/uyen-le1
27.48,71,Một tâm hồn đầy Nắng!,Phạm Châu Anh,vi,https://anchor.fm/s/646ae0f0/podcast/rss,https://podcasts.apple.com/us/podcast/m%E1%BB%99t-t%C3%A2m-h%E1%BB%93n-%C4%91%E1%BA%A7y-n%E1%BA%AFng/id1583900300?uo=4,https://podcasters.spotify.com/pod/show/phm-chu-anh
27.42,217,Bóng đá 5Goal,5Goal,vi,https://anchor.fm/s/af325cf8/podcast/rss,https://podcasts.apple.com/us/podcast/b%C3%B3ng-%C4%91%C3%A1-5goal/id1639047347?uo=4,https://5goal.vip/
27.35,94,Cơm áo gạo tiền,SBS,vi,https://feeds.sbs.com.au/money-talks,https://podcasts.apple.com/us/podcast/c%C6%A1m-%C3%A1o-g%E1%BA%A1o-ti%E1%BB%81n/id1781111029?uo=4,https://www.sbs.com.au/language/vietnamese/vi/podcast/money-talks
27.24,40,Chuyện Trò Cùng Phan,Phan Lương,vi,https://anchor.fm/s/cf6cdac/podcast/rss,https://podcasts.apple.com/us/podcast/chuy%E1%BB%87n-tr%C3%B2-c%C3%B9ng-phan/id1571140710?uo=4,https://podcasters.spotify.com/pod/show/phan-luong-chuyen-tro
27.17,43,M.A.D.,"Vietcetera, The Lab Saigon",vi,https://anchor.fm/s/103661634/podcast/rss,https://podcasts.apple.com/us/podcast/m-a-d/id1556066749?uo=4,https://www.buzzsprout.com/1721009
27.08,637,Ngducbang09,Nguyen Duc Bang,vi,https://anchor.fm/s/84fcf9ac/podcast/rss,https://podcasts.apple.com/vn/podcast/ngducbang09/id1610952573?uo=4,https://linktr.ee/ngducbang09
27.07,70,Inner World Podcast,Thina Lê,vi,https://anchor.fm/s/e6958bac/podcast/rss,https://podcasts.apple.com/us/podcast/inner-world-podcast/id1713652747?uo=4,https://podcasters.spotify.com/pod/show/thina-le
26.88,83,Sách và Sống,trambi,vi,https://anchor.fm/s/e9917820/podcast/rss,https://podcasts.apple.com/vn/podcast/s%C3%A1ch-v%C3%A0-s%E1%BB%91ng/id1711312766?uo=4,https://podcasters.spotify.com/pod/show/trambi
26.5,71,Đắp Chăn Nằm Nghe Tun Kể,Tun Cảm Ơn,vi,https://anchor.fm/s/7de8f0d0/podcast/rss,https://podcasts.apple.com/us/podcast/%C4%91%E1%BA%AFp-ch%C4%83n-n%E1%BA%B1m-nghe-tun-k%E1%BB%83/id1613101635?uo=4,https://podcasters.spotify.com/pod/show/tun-pham
26.44,12,Xóm Truyện Cầu Vồng,Ron,vi,https://anchor.fm/s/f259abf8/podcast/rss,https://podcasts.apple.com/us/podcast/x%C3%B3m-truy%E1%BB%87n-c%E1%BA%A7u-v%E1%BB%93ng/id1835259285?uo=4,https://www.youtube.com/@xomtruyencauvonglgbt
26.26,99,Cẩm nang du lịch,SBS,vi,https://feeds.sbs.com.au/travel-stories,https://podcasts.apple.com/us/podcast/c%E1%BA%A9m-nang-du-l%E1%BB%8Bch/id1780723540?uo=4,https://www.sbs.com.au/language/vietnamese/vi/podcast/travel-stories
26.2,133,Trải cùng Ohkhago,Ohkhago,vi,https://anchor.fm/s/c0a4f18/podcast/rss,https://podcasts.apple.com/us/podcast/tr%E1%BA%A3i-c%C3%B9ng-ohkhago/id1468148934?uo=4,https://www.ohkhago.com
26.13,37,Mắc Nói & Dung Dị,Duy Tran,vi,https://rss.buzzsprout.com/1726547.rss,https://podcasts.apple.com/vn/podcast/m%E1%BA%AFc-n%C3%B3i-dung-d%E1%BB%8B/id1557090100?uo=4,https://www.buzzsprout.com/1726547
25.92,28,KNKB Thảo Luận Chủ Nhật Podcast,Không Nói Không Biết,vi,https://anchor.fm/s/532699ec/podcast/rss,https://podcasts.apple.com/vn/podcast/knkb-th%E1%BA%A3o-lu%E1%BA%ADn-ch%E1%BB%A7-nh%E1%BA%ADt-podcast/id1560234547?uo=4,https://podcasters.spotify.com/pod/show/knkb
25.76,61,Có Những Người Như Chúng Ta,Rogers Official,vi,https://anchor.fm/s/45a25374/podcast/rss,https://podcasts.apple.com/us/podcast/c%C3%B3-nh%E1%BB%AFng-ng%C6%B0%E1%BB%9Di-nh%C6%B0-ch%C3%BAng-ta/id1655687035?uo=4,https://youtube.com/rogers.official
25.73,91,Justbangtanvn Podcast,Justbangtanvn Podcast,vi,https://anchor.fm/s/5caca114/podcast/rss,https://podcasts.apple.com/us/podcast/justbangtanvn-podcast/id1569217915?uo=4,https://podcasters.spotify.com/pod/show/justbangtanvn-podcast
25.7,57,Trải nghiệm?!,Nhi Nguyen,vi,https://anchor.fm/s/de6dea78/podcast/rss,https://podcasts.apple.com/us/podcast/tr%E1%BA%A3i-nghi%E1%BB%87m/id1681003622?uo=4,http://trainghiempodcast.com/
25.69,95,ARI,ARI,vi,https://anchor.fm/s/e46f7c0c/podcast/rss,https://podcasts.apple.com/us/podcast/ari/id1693548936?uo=4,https://podcasters.spotify.com/pod/show/duyenari
25.69,132,FuSusu Podcast,FuSuSu.com,vi,https://fususu.com/feed/podcast/,https://podcasts.apple.com/vn/podcast/fususu-podcast/id1501793039?uo=4,https://fususu.com/
25.64,45,Phan Thảo Phương (Mèo),Phan Thao Phuong,vi,https://anchor.fm/s/6b25a63c/podcast/rss,https://podcasts.apple.com/vn/podcast/phan-th%E1%BA%A3o-ph%C6%B0%C6%A1ng-m%C3%A8o/id1586369425?uo=4,https://podcasters.spotify.com/pod/show/phan-thao-phuong
25.54,51,Lươn1311,Lươn1311,vi,https://anchor.fm/s/52f31540/podcast/rss,https://podcasts.apple.com/us/podcast/l%C6%B0%C6%A1n1311/id1559783806?uo=4,https://www.youtube.com/c/L%C6%B0%C6%A1n1311
25.53,22,Đường xưa mây trắng - TS Thích Nhất Hạnh - Giọng đọc Chiếu Thành,udng🌦️,vi,https://anchor.fm/s/107f8c520/podcast/rss,https://podcasts.apple.com/us/podcast/%C4%91%C6%B0%E1%BB%9Dng-x%C6%B0a-m%C3%A2y-tr%E1%BA%AFng-ts-th%C3%ADch-nh%E1%BA%A5t-h%E1%BA%A1nh-gi%E1%BB%8Dng-%C4%91%E1%BB%8Dc-chi%E1%BA%BFu-th%C3%A0nh/id1831022640?uo=4,https://podcasters.spotify.com/pod/show/leo-maccomic
25.52,61,Tiểu thuyết gia On-Air,Kênh VOV Giao thông (VOVGT),vi,https://anchor.fm/s/2758d80c/podcast/rss,https://podcasts.apple.com/us/podcast/ti%E1%BB%83u-thuy%E1%BA%BFt-gia-on-air/id1519554806?uo=4,https://podcasters.spotify.com/pod/show/thuyet-tieu
25.47,42,Học Kinh Thánh từng chương,DanSoKy,de,https://anchor.fm/s/7213a46c/podcast/rss,https://podcasts.apple.com/us/podcast/h%E1%BB%8Dc-kinh-th%C3%A1nh-t%E1%BB%ABng-ch%C6%B0%C6%A1ng/id1621840061?uo=4,https://podcasters.spotify.com/pod/show/dansoky
25.42,21,KINH Địa Tạng,Thầy Thích Trúc Thái Minh,vi,https://anchor.fm/s/eeab059c/podcast/rss,https://podcasts.apple.com/us/podcast/kinh-%C4%91%E1%BB%8Ba-t%E1%BA%A1ng/id1811776256?uo=4,https://thaythichtructhaiminh.com/
25.37,157,Chuyện kể cho bé _ Cô Ủn Ỉn,Cô Ủn Ỉn,vi,https://anchor.fm/s/fcad7684/podcast/rss,https://podcasts.apple.com/us/podcast/chuy%E1%BB%87n-k%E1%BB%83-cho-b%C3%A9-c%C3%B4-%E1%BB%A7n-%E1%BB%89n/id1781011054?uo=4,https://podcasters.spotify.com/pod/show/moe-adal
25.34,27,Bookaholic - Podcast của Kẻ Nghiện Sách,Bookaholic - Podcast Của Kẻ Nghiện Sách,vi,https://anchor.fm/s/37ef3918/podcast/rss,https://podcasts.apple.com/us/podcast/bookaholic-podcast-c%E1%BB%A7a-k%E1%BA%BB-nghi%E1%BB%87n-s%C3%A1ch/id1518379588?uo=4,https://podcasters.spotify.com/pod/show/bookaholic-podcast
25.23,15,Đêm Nghe Chuyện,Đêm Nghe Chuyện,vi,https://anchor.fm/s/1123ce00c/podcast/rss,https://podcasts.apple.com/us/podcast/%C4%91%C3%AAm-nghe-chuy%E1%BB%87n/id1896644861?uo=4,https://podcasters.spotify.com/pod/show/dem-nghe-chuyen
25.21,52,TỨ QUÍ RADIO,TỨ QUÍ RADIO - tuquiradio.com,vi,https://anchor.fm/s/e578eebc/podcast/rss,https://podcasts.apple.com/vn/podcast/t%E1%BB%A9-qu%C3%AD-radio/id1738252099?uo=4,https://podcasters.spotify.com/pod/show/tuqui-radio
24.89,20,Cái Ổ Podcast,Neo,vi,https://anchor.fm/s/69928ce0/podcast/rss,https://podcasts.apple.com/vn/podcast/c%C3%A1i-%E1%BB%95-podcast/id1672216276?uo=4,https://podcasters.spotify.com/pod/show/caiopodcast
24.79,32,Đọc sách cùng Phủ,Đọc sách cùng Phủ,vi,https://anchor.fm/s/9bfe45d4/podcast/rss,https://podcasts.apple.com/us/podcast/%C4%91%E1%BB%8Dc-s%C3%A1ch-c%C3%B9ng-ph%E1%BB%A7/id1627643665?uo=4,https://podcasters.spotify.com/pod/show/doc-sach-cung-phu
24.77,99,Cúc ku - Thành phố đã đi ngủ chưa?,Cuc ku,vi,https://anchor.fm/s/2f795fac/podcast/rss,https://podcasts.apple.com/us/podcast/c%C3%BAc-ku-th%C3%A0nh-ph%E1%BB%91-%C4%91%C3%A3-%C4%91i-ng%E1%BB%A7-ch%C6%B0a/id1526575655?uo=4,https://podcasters.spotify.com/pod/show/cuc-cu
24.77,305,Review sách hay,Review sách hay,vi,https://anchor.fm/s/e670d988/podcast/rss,https://podcasts.apple.com/vn/podcast/review-s%C3%A1ch-hay/id1699915982?uo=4,https://podcasters.spotify.com/pod/show/phan-th-hu
24.68,211,"Tin Nóng Siêu Vắn - Tin tổng hợp siêu nhanh, siêu ngắn phát lúc 7h00 sáng hàng ngày",Tin Nóng Siêu Vắn,vi,https://anchor.fm/s/4ce4d7ec/podcast/rss,https://podcasts.apple.com/vn/podcast/tin-n%C3%B3ng-si%C3%AAu-v%E1%BA%AFn-tin-t%E1%BB%95ng-h%E1%BB%A3p-si%C3%AAu-nhanh-si%C3%AAu-ng%E1%BA%AFn/id1553848685?uo=4,https://about.me/tuanha
24.65,12,"When words fail,",Hải Long Phan Vũ,vi,https://anchor.fm/s/44e14c38/podcast/rss,https://podcasts.apple.com/us/podcast/when-words-fail/id1545808843?uo=4,https://podcasters.spotify.com/pod/show/phanvuhailong
24.63,30,#NTN - Nghề trong Người,reddyonduty,vi,https://anchor.fm/s/da52b1f8/podcast/rss,https://podcasts.apple.com/vn/podcast/ntn-ngh%E1%BB%81-trong-ng%C6%B0%E1%BB%9Di/id1688114067?uo=4,https://linktr.ee/weare.inyoursight
24.6,32,Kênh Đọc Sách Lê Hoàng Hải,Lê Hoàng Hải,vi,https://anchor.fm/s/101554d10/podcast/rss,https://podcasts.apple.com/vn/podcast/k%C3%AAnh-%C4%91%E1%BB%8Dc-s%C3%A1ch-l%C3%AA-ho%C3%A0ng-h%E1%BA%A3i/id1799055075?uo=4,https://podcasters.spotify.com/pod/show/c-nguyn65
24.41,28,Ma quỷ đang thống trị thế giới của chúng ta,9truth,vi,http://rss.castbox.fm/everest/9d141099b7314e7e896a36254df7a617.xml,https://podcasts.apple.com/us/podcast/ma-qu%E1%BB%B7-%C4%91ang-th%E1%BB%91ng-tr%E1%BB%8B-th%E1%BA%BF-gi%E1%BB%9Bi-c%E1%BB%A7a-ch%C3%BAng-ta/id1544691091?uo=4,https://castbox.fm/ch/3616462
24.41,28,Ma quỷ đang thống trị thế giới chúng ta,One Bottle 1,vi,https://anchor.fm/s/1c8264ac/podcast/rss,https://podcasts.apple.com/us/podcast/ma-qu%E1%BB%B7-%C4%91ang-th%E1%BB%91ng-tr%E1%BB%8B-th%E1%BA%BF-gi%E1%BB%9Bi-ch%C3%BAng-ta/id1508156452?uo=4,https://podcasters.spotify.com/pod/show/one-bottle-1
24.41,20,Ma quỷ đang thống trị thế giới của chúng ta,Vi.Clip360,vi,https://anchor.fm/s/438e4fc0/podcast/rss,https://podcasts.apple.com/vn/podcast/ma-qu%E1%BB%B7-%C4%91ang-th%E1%BB%91ng-tr%E1%BB%8B-th%E1%BA%BF-gi%E1%BB%9Bi-c%E1%BB%A7a-ch%C3%BAng-ta/id1544078754?uo=4,https://vi.clip360.top/nhung-cuon-sach-hay-nen-xem/
24.38,25,Marketing Insider,Duc Nguyen,vi,https://anchor.fm/s/d0a368b4/podcast/rss,https://podcasts.apple.com/us/podcast/marketing-insider/id1656582742?uo=4,https://podcasters.spotify.com/pod/show/marketinginsider
24.36,57,Thuần Podcast,Thuần,vi,https://anchor.fm/s/4831476c/podcast/rss,https://podcasts.apple.com/us/podcast/thu%E1%BA%A7n-podcast/id1571496739?uo=4,https://podcasters.spotify.com/pod/show/thuanpodcast
24.23,29,Kinh Thánh 100 tuần,Hoan,vi,https://anchor.fm/s/67c246f8/podcast/rss,https://podcasts.apple.com/us/podcast/kinh-th%C3%A1nh-100-tu%E1%BA%A7n/id1581360177?uo=4,https://podcasters.spotify.com/pod/show/hoandinh
24.18,147,RADIO VÙNG ĐẤT TINH THẦN SUNNYCARE,RADIO VÙNG ĐẤT TINH THẦN SUNNYCARE,vi,https://anchor.fm/s/103ccd680/podcast/rss,https://podcasts.apple.com/us/podcast/radio-v%C3%B9ng-%C4%91%E1%BA%A5t-tinh-th%E1%BA%A7n-sunnycare/id1826063580?uo=4,https://sunnycare.vn/
24.12,49,Nhật Ký Thất Nghiệp,Vi,vi,https://anchor.fm/s/d391fd24/podcast/rss,https://podcasts.apple.com/vn/podcast/nh%E1%BA%ADt-k%C3%BD-th%E1%BA%A5t-nghi%E1%BB%87p/id1658147544?uo=4,https://rainbowvi.org/
23.9,406,On thi DGNL,Ôn thi Đánh Giá Năng Lực,vi,https://anchor.fm/s/dccf61c4/podcast/rss,https://podcasts.apple.com/vn/podcast/on-thi-dgnl/id1694316853?uo=4,https://onthidgnl.com/
23.85,29,Audiobook,https://www.docbangtai.com/,en,https://anchor.fm/s/c03d7a0/podcast/rss,https://podcasts.apple.com/us/podcast/audiobook/id1468304606?uo=4,https://www.docbangtai.com/
23.83,28,Khai Thị,Sư Phụ Khai Thị,vi,https://anchor.fm/s/8f15a7cc/podcast/rss,https://podcasts.apple.com/vn/podcast/khai-th%E1%BB%8B/id1618057190?uo=4,https://podcasters.spotify.com/pod/show/spkt
23.78,67,Sống khoẻ,VN Podcast,vi,https://anchor.fm/s/f482540c/podcast/rss,https://podcasts.apple.com/vn/podcast/s%E1%BB%91ng-kho%E1%BA%BB/id1715241368?uo=4,https://podcasters.spotify.com/pod/show/songkhoe
23.75,55,CHUYỆN DU HỌC PODCAST,College Compass by Everest Education,vi,https://anchor.fm/s/4f83120c/podcast/rss,https://podcasts.apple.com/vn/podcast/chuy%E1%BB%87n-du-h%E1%BB%8Dc-podcast/id1556759326?uo=4,https://bit.ly/E2-college-compass
23.66,62,Tóm tắt sách cùng Tanya,Tóm tắt sách cùng Tanya,vi,https://anchor.fm/s/5c5583e8/podcast/rss,https://podcasts.apple.com/us/podcast/t%C3%B3m-t%E1%BA%AFt-s%C3%A1ch-c%C3%B9ng-tanya/id1568992226?uo=4,https://podcasters.spotify.com/pod/show/tm-tt-sch-cng-tanya
23.65,144,Life Mentor - Cha Mẹ Dẫn Lối,Life Mentor,vi,https://anchor.fm/s/5d8020d4/podcast/rss,https://podcasts.apple.com/vn/podcast/life-mentor-cha-m%E1%BA%B9-d%E1%BA%ABn-l%E1%BB%91i/id1570944029?uo=4,https://lifementor.vn/
23.64,199,Podcast Quốc hội và Cử tri,Báo Đại biểu nhân dân,vi,https://anchor.fm/s/df57413c/podcast/rss,https://podcasts.apple.com/us/podcast/podcast-qu%E1%BB%91c-h%E1%BB%99i-v%C3%A0-c%E1%BB%AD-tri/id1683333046?uo=4,https://daibieunhandan.vn/
23.61,36,The Money Date,Vietcetera,vi,https://anchor.fm/s/1035bc274/podcast/rss,https://podcasts.apple.com/us/podcast/the-money-date/id1605300241?uo=4,https://www.buzzsprout.com/1919838
23.5,48,em chị Trang,Thu Trang,vi,https://anchor.fm/s/2e3e85b8/podcast/rss,https://podcasts.apple.com/vn/podcast/em-ch%E1%BB%8B-trang/id1525571129?uo=4,https://podcasters.spotify.com/pod/show/hunh-thu-trang
23.44,84,Kien Tran,Kien Tran,en,https://anchor.fm/s/3d93de64/podcast/rss,https://podcasts.apple.com/us/podcast/kien-tran/id1538336754?uo=4,https://podcasters.spotify.com/pod/show/dungchaytheosodong
23.44,33,Nó Kìa Podcast,Linh & Lân,vi,https://anchor.fm/s/694d8f28/podcast/rss,https://podcasts.apple.com/vn/podcast/n%C3%B3-k%C3%ACa-podcast/id1583338187?uo=4,https://podcasters.spotify.com/pod/show/nka-podcast
23.39,102,Tieng Viet Oi,Tieng Viet Oi,vi,https://anchor.fm/s/726227a4/podcast/rss,https://podcasts.apple.com/vn/podcast/tieng-viet-oi/id1651060133?uo=4,https://www.tiengvietoi.com/
23.33,192,9 Phút Kinh Doanh Đột Phá,9 Phút Kinh Doanh Đột Phá,vi,https://anchor.fm/s/5ad8db78/podcast/rss,https://podcasts.apple.com/us/podcast/9-ph%C3%BAt-kinh-doanh-%C4%91%E1%BB%99t-ph%C3%A1/id1567228851?uo=4,https://podcasters.spotify.com/pod/show/9pkddp
23.01,37,Lắng by Mindful-Nest,"Phạm Hà, Ceri Lan, Nam Taro, Minh Nhật",vi,https://anchor.fm/s/5335c32c/podcast/rss,https://podcasts.apple.com/us/podcast/l%E1%BA%AFng-by-mindful-nest/id1573150728?uo=4,https://www.mindful-nest.com/
23.01,146,thu anh béo,Thu Anh,vi,https://anchor.fm/s/6a7f573c/podcast/rss,https://podcasts.apple.com/vn/podcast/thu-anh-b%C3%A9o/id1585832204?uo=4,https://podcasters.spotify.com/pod/show/thuanh-chan
22.87,29,CHÙA DƯỢC SƯ - LÂM ĐỒNG,ChuaDuocSu.org,vi,https://anchor.fm/s/3d154e64/podcast/rss,https://podcasts.apple.com/vn/podcast/ch%C3%B9a-d%C6%B0%E1%BB%A3c-s%C6%B0-l%C3%A2m-%C4%91%E1%BB%93ng/id1553660796?uo=4,https://chuaduocsu.org
22.79,77,Love Touch | T R A M Y E U,Pure Coach | BB,vi,https://anchor.fm/s/5faeeb38/podcast/rss,https://podcasts.apple.com/us/podcast/love-touch-t-r-a-m-y-e-u/id1571454002?uo=4,https://bit.ly/3KfWJ9P
22.75,441,"Kinh Thánh – Tiếng Việt (Vietnamese, Tân Ước + Thi Thiên và Châm Ngôn)",International Scripture Ministries,vi,https://feed.pod.co/kinh-thnh-ting-vit-vietnamese,https://podcasts.apple.com/vn/podcast/kinh-th%C3%A1nh-ti%E1%BA%BFng-vi%E1%BB%87t-vietnamese-t%C3%A2n-%C6%B0%E1%BB%9Bc-thi-thi%C3%AAn/id1896875436?uo=4,https://pod.co/kinh-thnh-ting-vit-vietnamese
22.72,66,Chạm Vào Tri Thức - Tâm Trí Rộng Mở,Better Me,vi,https://anchor.fm/s/1082ca4d0/podcast/rss,https://podcasts.apple.com/us/podcast/ch%E1%BA%A1m-v%C3%A0o-tri-th%E1%BB%A9c-t%C3%A2m-tr%C3%AD-r%E1%BB%99ng-m%E1%BB%9F/id1832665889?uo=4,https://podcasters.spotify.com/pod/show/hng-nguyn43
22.6,100,VnExpress Podcasts: Giải mã,VnExpress,vi-vn,https://vnexpress.net/rss/podcast/giai-ma.rss,https://podcasts.apple.com/us/podcast/vnexpress-podcasts-gi%E1%BA%A3i-m%C3%A3/id1751444197?uo=4,https://vnexpress.net/vne-go/podcast/giai-ma
22.6,39,Học Kinh Thánh từng chương,Luật Lệ Ký Phục Truyền,de-de,https://anchor.fm/s/72682154/podcast/rss,https://podcasts.apple.com/us/podcast/h%E1%BB%8Dc-kinh-th%C3%A1nh-t%E1%BB%ABng-ch%C6%B0%C6%A1ng/id1621840177?uo=4,https://podcasters.spotify.com/pod/show/lut-l-k-phc-truyn
22.57,32,The Reader Podcast,Đặng Thị Hồng Vân,vi,https://anchor.fm/s/69d3ff90/podcast/rss,https://podcasts.apple.com/us/podcast/the-reader-podcast/id1585289383?uo=4,https://podcasters.spotify.com/pod/show/the-reader-podcast
22.46,81,Đường Xưa Mây Trắng - Theo Gót Chân Bụt,Kẻ Trộm Hương,vi,https://anchor.fm/s/d8909510/podcast/rss,https://podcasts.apple.com/us/podcast/%C4%91%C6%B0%E1%BB%9Dng-x%C6%B0a-m%C3%A2y-tr%E1%BA%AFng-theo-g%C3%B3t-ch%C3%A2n-b%E1%BB%A5t/id1662747400?uo=4,https://podcasters.spotify.com/pod/show/ke-trom-huong
22.46,92,HIEUSEO,Hiếu Đặng,vi,https://anchor.fm/s/111d775f0/podcast/rss,https://podcasts.apple.com/vn/podcast/hieuseo/id1895332642?uo=4,https://hieuseo.com/
22.38,39,Podcast - Tell a Story - Chung Nhà Với Cậu,Tác Giả: Hinaga - Dịch Giả: Tranh admin thích - Sản Xuất: Ōkami Studio,vi,https://anchor.fm/s/fa2dfbe0/podcast/rss,https://podcasts.apple.com/vn/podcast/podcast-tell-a-story-chung-nh%C3%A0-v%E1%BB%9Bi-c%E1%BA%ADu/id1764754390?uo=4,https://podcasters.spotify.com/pod/show/okamistudio
22.31,30,Hello Y Khoa,Hello Y Khoa Podcast,vi,https://anchor.fm/s/ac220400/podcast/rss,https://podcasts.apple.com/vn/podcast/hello-y-khoa/id1654649877?uo=4,https://helloykhoa.com/
22.29,30,Chhia-pang Hòng-sàng Kio̍k 車幫放送局,Tó-sū ê Tâi-gí Chhia-pang 島嶼ê台語車幫,zh-hant,https://feeds.soundon.fm/podcasts/e8c8ccb0-3bdf-49dd-9e48-7cd781ab8d00.xml,https://podcasts.apple.com/us/podcast/chhia-pang-h%C3%B2ng-s%C3%A0ng-kio-k-%E8%BB%8A%E5%B9%AB%E6%94%BE%E9%80%81%E5%B1%80/id1675105349?uo=4,https://www.youtube.com/@TSTGCP
22.24,28,Tân Ước (The New Testament in Vietnamese),Orthodox Christian Teaching,vi,https://anchor.fm/s/d753262c/podcast/rss,https://podcasts.apple.com/vn/podcast/t%C3%A2n-%C6%B0%E1%BB%9Bc-the-new-testament-in-vietnamese/id1661324749?uo=4,https://www.accsheepfold.com
22.2,33,The Coming Wave Podcast,Daniel Nguyen and Pham Thanh Son,vi,https://anchor.fm/s/f9a76b0c/podcast/rss,https://podcasts.apple.com/us/podcast/the-coming-wave-podcast/id1762376024?uo=4,https://linktr.ee/thecomingwavepodcast
22.13,81,hoangthoughts,Hoang Nguyen,vi,https://anchor.fm/s/6c44d8e4/podcast/rss,https://podcasts.apple.com/us/podcast/hoangthoughts/id1706653907?uo=4,https://www.hoangthoughts.com
22.1,100,Saturday Podcast,Câu hỏi Tại sao,vi,https://anchor.fm/s/f4e43708/podcast/rss,https://podcasts.apple.com/vn/podcast/saturday-podcast/id1745369512?uo=4,https://podcasters.spotify.com/pod/show/7podcast
21.6,57,Góc Tâm Tình,Vu,vi,https://rss.buzzsprout.com/1875627.rss,https://podcasts.apple.com/us/podcast/g%C3%B3c-t%C3%A2m-t%C3%ACnh/id1591682682?uo=4,https://vule.buzzsprout.com
21.56,35,The Blue Expat,Link Phuong Nguyen,vi,https://feeds.acast.com/public/shows/647700fa9aab2f001135cb5f,https://podcasts.apple.com/us/podcast/the-blue-expat/id1519570223?uo=4,https://theblueexpat.com
21.55,38,Diepdaydreaming,"Hoang Ngoc Diep, Nguyen Ha Duong",vi,https://anchor.fm/s/35a59544/podcast/rss,https://podcasts.apple.com/vn/podcast/diepdaydreaming/id1491432793?uo=4,http://www.diepdaydreaming.com/
21.27,43,Dat Huynh,Dat Huynh,vi,https://rss.buzzsprout.com/2019750.rss,https://podcasts.apple.com/us/podcast/dat-huynh/id1634769629?uo=4,http://tiendatguru.com
21.27,22,Nghiền ngẫm và Chia sẻ Murli,Mật ngọt,vi,https://anchor.fm/s/ef3c126c/podcast/rss,https://podcasts.apple.com/vn/podcast/nghi%E1%BB%81n-ng%E1%BA%ABm-v%C3%A0-chia-s%E1%BA%BB-murli/id1721728937?uo=4,https://bkwsuvn.com/
21.25,111,Thanh Hải Radio,THANH HẢI RADIO,en,https://anchor.fm/s/5c6aa034/podcast/rss,https://podcasts.apple.com/vn/podcast/thanh-h%E1%BA%A3i-radio/id1594714248?uo=4,https://podcasters.spotify.com/pod/show/nhabaothanhhai
21.24,70,李講古我來聽・用台語講100個台灣人的故事,用台語講100個台灣人的故事,zh-tw,https://anchor.fm/s/56ebda38/podcast/rss,https://podcasts.apple.com/us/podcast/%E6%9D%8E%E8%AC%9B%E5%8F%A4%E6%88%91%E4%BE%86%E8%81%BD-%E7%94%A8%E5%8F%B0%E8%AA%9E%E8%AC%9B100%E5%80%8B%E5%8F%B0%E7%81%A3%E4%BA%BA%E7%9A%84%E6%95%85%E4%BA%8B/id1576436697?uo=4,https://www.taigistory.com/
21.23,14,#BYBS,Giang Gy,vi,https://anchor.fm/s/1f9aa8fc/podcast/rss,https://podcasts.apple.com/vn/podcast/bybs/id1518470090?uo=4,https://gianggy.com
21.11,215,Top Kinh Doanh,Top Kinh Doanh,vi,https://anchor.fm/s/67194238/podcast/rss,https://podcasts.apple.com/us/podcast/top-kinh-doanh/id1581318689?uo=4,https://topkinhdoanh.com/
21.07,77,Hà Nội FM,Hà Nội Fm,vi,https://anchor.fm/s/49c0abf4/podcast/rss,https://podcasts.apple.com/vn/podcast/h%C3%A0-n%E1%BB%99i-fm/id1550889192?uo=4,https://www.instagram.com/hanoi.fm/
20.97,126,"Mekong MMO - Kênh chia sẻ kiến thức, kinh nghiệm cho anh em MMO Việt Nam",Mekong MMO,vi,https://anchor.fm:443/s/13f95fd4/podcast/rss,https://podcasts.apple.com/vn/podcast/mekong-mmo-k%C3%AAnh-chia-s%E1%BA%BB-ki%E1%BA%BFn-th%E1%BB%A9c-kinh-nghi%E1%BB%87m-cho-anh/id1501338542?uo=4,https://mekongmmo.com/
20.97,126,"Mekong MMO - Kênh chia sẻ kiến thức, kinh nghiệm cho anh em MMO Việt Nam",Mekong MMO,vi,https://anchor.fm/s/13f95fd4/podcast/rss,https://podcasts.apple.com/vn/podcast/mekong-mmo-k%C3%AAnh-chia-s%E1%BA%BB-ki%E1%BA%BFn-th%E1%BB%A9c-kinh-nghi%E1%BB%87m-cho-anh/id1500644184?uo=4,https://mekongmmo.com/
20.96,114,Ngẫm Ký Sự,Ngẫm Ký Sự,vi,https://anchor.fm/s/1026a9444/podcast/rss,https://podcasts.apple.com/us/podcast/ng%E1%BA%ABm-k%C3%BD-s%E1%BB%B1/id1879190736?uo=4,https://www.ganjingworld.com/s/kRVlgorz9V
20.85,31,Bình Sách Dịch,Sử Sinh,vi,https://anchor.fm/s/103f260a8/podcast/rss,https://podcasts.apple.com/us/podcast/b%C3%ACnh-s%C3%A1ch-d%E1%BB%8Bch/id1675371019?uo=4,https://castbox.fm/ch/5335133
20.79,160,An Nhiên đọc truyện,Louis Truong,vi,https://anchor.fm/s/7dcbcb7c/podcast/rss,https://podcasts.apple.com/us/podcast/an-nhi%C3%AAn-%C4%91%E1%BB%8Dc-truy%E1%BB%87n/id1605384032?uo=4,https://podcasters.spotify.com/pod/show/truyendocdingu
20.79,247,Tĩnh nguyện Lời Sống Hằng Ngày,Our Daily Bread Ministries,vi,https://feeds.transistor.fm/tinh-nguyen-loi-song-hang-ngay,https://podcasts.apple.com/us/podcast/t%C4%A9nh-nguy%E1%BB%87n-l%E1%BB%9Di-s%E1%BB%91ng-h%E1%BA%B1ng-ng%C3%A0y/id6798575772?uo=4,
20.78,53,Triệu Nguyễn Huyền Trang,Một người kể chuyện,vi,https://anchor.fm/s/5e2995b0/podcast/rss,https://podcasts.apple.com/us/podcast/tri%E1%BB%87u-nguy%E1%BB%85n-huy%E1%BB%81n-trang/id1584453540?uo=4,https://trieunguyenhuyentrang.com
20.76,24,Yêu Lành,Vietcetera,vi,https://anchor.fm/s/103664578/podcast/rss,https://podcasts.apple.com/us/podcast/y%C3%AAu-l%C3%A0nh/id1653066577?uo=4,https://www.buzzsprout.com/2077419
20.73,99,VnExpress Podcasts: Hộp đen,VnExpress,vi-vn,https://vnexpress.net/rss/podcast/hop-den.rss,https://podcasts.apple.com/us/podcast/vnexpress-podcasts-h%E1%BB%99p-%C4%91en/id1751444260?uo=4,https://vnexpress.net/vne-go/podcast/hop-den
20.69,8,f4rse - Tài Nguyên Ôn Lại Kiến Thức - For Personal Only,NDT,en,https://anchor.fm/s/66f88110/podcast/rss,https://podcasts.apple.com/vn/podcast/f4rse-t%C3%A0i-nguy%C3%AAn-%C3%B4n-l%E1%BA%A1i-ki%E1%BA%BFn-th%E1%BB%A9c-for-personal-only/id1581072602?uo=4,https://podcasters.spotify.com/pod/show/f4rse
20.67,69,Trang In Tech,Trang Nguyen (Tracy),vi,https://anchor.fm/s/c084cc98/podcast/rss,https://podcasts.apple.com/us/podcast/trang-in-tech/id1679956207?uo=4,https://trangintech.com/
20.65,40,Gen Z Truyền,Vietcetera,vi,https://anchor.fm/s/103342c14/podcast/rss,https://podcasts.apple.com/us/podcast/gen-z-truy%E1%BB%81n/id1604776152?uo=4,https://www.buzzsprout.com/1919084
20.55,93,Dương Alex,Dương Alex,vi,https://anchor.fm/s/118c9d60/podcast/rss,https://podcasts.apple.com/vn/podcast/d%C6%B0%C6%A1ng-alex/id1491451278?uo=4,https://www.youtube.com/channel/UCUcx8DrsOUaLlhU6o17npKg/?sub_confirmation=1
20.46,39,Chuyện nhà #NGO,SonTa Foundation,vi,https://anchor.fm/s/5ed21154/podcast/rss,https://podcasts.apple.com/us/podcast/chuy%E1%BB%87n-nh%C3%A0-ngo/id1575847837?uo=4,https://www.sontafoundation.org
20.44,92,ATú Story Podcast,ATú Story podcast,vi,https://anchor.fm/s/96b9fe74/podcast/rss,https://podcasts.apple.com/vn/podcast/at%C3%BA-story-podcast/id1633224538?uo=4,https://podcasters.spotify.com/pod/show/b-t-kute
20.36,10,Warm welcome to K Book,Phan Duy Chinh,vi,https://anchor.fm/s/68ac5eb4/podcast/rss,https://podcasts.apple.com/vn/podcast/warm-welcome-to-k-book/id1584204913?uo=4,https://podcasters.spotify.com/pod/show/phan-duy-chinh
20.31,48,Dám Khác Biệt 🎙,Howard - damkhacbiet.com,en,https://anchor.fm/s/50422354/podcast/rss,https://podcasts.apple.com/us/podcast/d%C3%A1m-kh%C3%A1c-bi%E1%BB%87t/id1557628208?uo=4,https://www.damkhacbiet.com/
20.26,6,"Course Click - Học trọn đời, Đổi tương lai","Course Click - Học trọn đời, Đổi tương lai",vi,https://anchor.fm/s/3e089358/podcast/rss,https://podcasts.apple.com/vn/podcast/course-click-h%E1%BB%8Dc-tr%E1%BB%8Dn-%C4%91%E1%BB%9Di-%C4%91%E1%BB%95i-t%C6%B0%C6%A1ng-lai/id1538505709?uo=4,https://www.courseclick.org/
20.25,28,VietAnhTalk,Nguyễn Việt Anh,vi,https://anchor.fm/s/f30e0904/podcast/rss,https://podcasts.apple.com/us/podcast/vietanhtalk/id1735095603?uo=4,https://buymeacoffee.com/vietanhtalk
20.12,100,Phát triển Kinh doanh - Phát triển con người -Nguyễn Thị Thanh Liêm Radio Kênh Radio online này là để hàng ngày chia sẻ các bài nói chuyện tâm sự về Kinh doanh và Phát triển con người,liem1985ntt,en,https://feed.podbean.com/liem1985ntt/feed.xml,https://podcasts.apple.com/us/podcast/ph%C3%A1t-tri%E1%BB%83n-kinh-doanh-ph%C3%A1t-tri%E1%BB%83n-con-ng%C6%B0%E1%BB%9Di-nguy%E1%BB%85n-th%E1%BB%8B/id1894979325?uo=4,https://liem1985ntt.podbean.com
20.08,100,VnExpress Podcasts: VnExpress Hôm nay,VnExpress,vi-vn,https://vnexpress.net/rss/podcast/vnexpress-hom-nay.rss,https://podcasts.apple.com/us/podcast/vnexpress-podcasts-vnexpress-h%C3%B4m-nay/id1751444063?uo=4,https://vnexpress.net/vne-go/podcast/vnexpress-hom-nay
19.97,34,GEN Z CHẢ BÍT Z,genzchabietgi,vi,https://anchor.fm/s/c723743c/podcast/rss,https://podcasts.apple.com/vn/podcast/gen-z-ch%E1%BA%A3-b%C3%ADt-z/id1653603227?uo=4,https://podcasters.spotify.com/pod/show/genzchabietz
19.94,67,MÂY Podcast,Khánh Vân,vi,https://anchor.fm/s/6fb98254/podcast/rss,https://podcasts.apple.com/us/podcast/m%C3%A2y-podcast/id1607469704?uo=4,https://podcasters.spotify.com/pod/show/ng-khnh-vn
19.91,30,Phần du Phần học,VSAF - Vietnamese Student Association in Finland,vi,https://anchor.fm/s/537959e8/podcast/rss,https://podcasts.apple.com/vn/podcast/ph%E1%BA%A7n-du-ph%E1%BA%A7n-h%E1%BB%8Dc/id1748590744?uo=4,https://www.facebook.com/vsaf.org/
19.73,57,Mysorevietnam sangha,Hieu Tran,vi,https://anchor.fm/s/3c0895d0/podcast/rss,https://podcasts.apple.com/vn/podcast/mysorevietnam-sangha/id1536450485?uo=4,https://www.facebook.com/yoga3h
19.72,39,THIỀN 21 NGÀY,Soul Coach,vi,https://anchor.fm/s/63d654d0/podcast/rss,https://podcasts.apple.com/vn/podcast/thi%E1%BB%81n-21-ng%C3%A0y/id1578135118?uo=4,https://soulcoach.vn/thien-21-ngay/
19.68,152,TẢN MẠN NINH BÌNH,Radio Báo Ninh Bình,vi,https://rss.buzzsprout.com/2221627.rss,https://podcasts.apple.com/us/podcast/t%E1%BA%A3n-m%E1%BA%A1n-ninh-b%C3%ACnh/id1699330366?uo=4,https://baoninhbinh.org.vn
19.64,64,Áudio Excitação [+18],A.E,pt-br,https://anchor.fm/s/2269c590/podcast/rss,https://podcasts.apple.com/us/podcast/%C3%A1udio-excita%C3%A7%C3%A3o-18/id1515805631?uo=4,Instagram.com/audioexcitacao
19.61,17,I See You,Minh Niệm,vi,https://anchor.fm/s/1004f0fdc/podcast/rss,https://podcasts.apple.com/us/podcast/i-see-you/id1868289064?uo=4,https://mientinhthuc.vn/
19.61,104,Amateur Psychology - Tay mơ học đời bằng Tâm lý học,Nguyen Doan Minh Thu,vi,https://anchor.fm/s/31c96068/podcast/rss,https://podcasts.apple.com/us/podcast/amateur-psychology-tay-m%C6%A1-h%E1%BB%8Dc-%C4%91%E1%BB%9Di-b%E1%BA%B1ng-t%C3%A2m-l%C3%BD-h%E1%BB%8Dc/id1528591043?uo=4,https://www.amateurpsychology.com
19.49,40,CHUYỆN THẦM KÍN,VOV Live,vi,https://anchor.fm/s/38243460/podcast/rss,https://podcasts.apple.com/us/podcast/chuy%C3%AA-n-th%C3%A2-m-ki-n/id1533408268?uo=4,https://podcasters.spotify.com/pod/show/vov-live
19.47,17,Confession & Talk Show Cùng Dương FG,Dương FG,en,https://anchor.fm/s/8e9dc2d4/podcast/rss,https://podcasts.apple.com/vn/podcast/confession-talk-show-c%C3%B9ng-d%C6%B0%C6%A1ng-fg/id1620832565?uo=4,https://podcasters.spotify.com/pod/show/nam-khnh-v
19.43,54,bob-up radio | Podcast Tiếng Việt,Bob Tuan Nghia,vi,https://anchor.fm/s/1ea7cf10/podcast/rss,https://podcasts.apple.com/us/podcast/bob-up-radio-podcast-ti%E1%BA%BFng-vi%E1%BB%87t/id1569228293?uo=4,https://podcasters.spotify.com/pod/show/bob-tuan-nghia
19.39,103,Góc nhỏ văn thơ,Phan Luong,vi,https://anchor.fm/s/5e479a74/podcast/rss,https://podcasts.apple.com/us/podcast/g%C3%B3c-nh%E1%BB%8F-v%C4%83n-th%C6%A1/id1571314385?uo=4,Luonghoangphan.com
19.38,52,Born Empath,Han,vi,https://anchor.fm/s/5ad79e48/podcast/rss,https://podcasts.apple.com/vn/podcast/born-empath/id1567421853?uo=4,https://atplink.com/bornempath
19.34,20,INTERVIEW PICK WITH,Mạc Ngọc Anh Minh,vi,https://anchor.fm/s/10cab0eac/podcast/rss,https://podcasts.apple.com/us/podcast/interview-pick-with/id1860815035?uo=4,https://podcasters.spotify.com/pod/show/interview-pick-with-minh
19.34,25,GIẢI THỂ VĂN HOÁ ĐẢNG,Giải Thể Văn Hoá Đảng,vi,https://anchor.fm/s/31996084/podcast/rss,https://podcasts.apple.com/us/podcast/gi%E1%BA%A3i-th%E1%BB%83-v%C4%83n-ho%C3%A1-%C4%91%E1%BA%A3ng/id1528240524?uo=4,https://podcasters.spotify.com/pod/show/giaithevanhoadang
19.34,25,Giải thể văn hoá đảng,9Truth,vi,http://rss.castbox.fm/everest/c13080693fe74ac58671a9a02d6b0712.xml,https://podcasts.apple.com/us/podcast/gi%E1%BA%A3i-th%E1%BB%83-v%C4%83n-ho%C3%A1-%C4%91%E1%BA%A3ng/id1544017601?uo=4,https://castbox.fm/ch/3593155
19.22,86,Đêm Yên Nghe,Tuyền Tuyền,vi,https://anchor.fm/s/363e2bc4/podcast/rss,https://podcasts.apple.com/vn/podcast/%C4%91%C3%AAm-y%C3%AAn-nghe/id1531939041?uo=4,https://podcasters.spotify.com/pod/show/demyennghe
19.07,49,Góc nhỏ của Bảo,MỘT CẬU BÉ LẮM LỜI,vi,https://anchor.fm/s/5df8c1b0/podcast/rss,https://podcasts.apple.com/vn/podcast/g%C3%B3c-nh%E1%BB%8F-c%E1%BB%A7a-b%E1%BA%A3o/id1571082354?uo=4,https://podcasters.spotify.com/pod/show/baogiatalkative
19.0,23,Dear Vietnamese,Tim,vi,https://anchor.fm/s/d32a14c/podcast/rss,https://podcasts.apple.com/vn/podcast/dear-vietnamese/id1477842867?uo=4,https://anchor.fm/dashboard/podcast/edit
18.96,43,Đồng ra đồng vào,Young&Wealthy,vi,https://anchor.fm/s/1035e0a70/podcast/rss,https://podcasts.apple.com/us/podcast/%C4%91%E1%BB%93ng-ra-%C4%91%E1%BB%93ng-v%C3%A0o/id1604494337?uo=4,https://dongradongvao.buzzsprout.com
18.96,19,TESOL TALK - Talkshow dành cho giáo viên Tiếng Anh Việt Nam,TESOL Talk,vi,https://anchor.fm/s/104ac4f18/podcast/rss,https://podcasts.apple.com/us/podcast/tesol-talk-talkshow-d%C3%A0nh-cho-gi%C3%A1o-vi%C3%AAn-ti%E1%BA%BFng-anh-vi%E1%BB%87t-nam/id1813345140?uo=4,https://tse-tesol.edu.vn/tesol-talk-talkshow-danh-cho-giao-vien-tieng-anh-viet-nam/
18.95,39,Chung Cư Tuổi Trẻ,Chung Cư Tuổi Trẻ,vi,https://anchor.fm/s/267912e4/podcast/rss,https://podcasts.apple.com/us/podcast/chung-c%C6%B0-tu%E1%BB%95i-tr%E1%BA%BB/id1522202884?uo=4,chungcutuoitre.com
18.94,51,Đọc Sách cùng Cá,Tổ Cá,vi,https://anchor.fm/s/4efbacb8/podcast/rss,https://podcasts.apple.com/vn/podcast/%C4%91%E1%BB%8Dc-s%C3%A1ch-c%C3%B9ng-c%C3%A1/id1557613623?uo=4,https://podcasters.spotify.com/pod/show/tocacoffee
18.94,79,Kênh Việt Happiness Station,Kenh Viet Happiness Station,vi,https://anchor.fm/s/57ed35d0/podcast/rss,https://podcasts.apple.com/vn/podcast/k%C3%AAnh-vi%E1%BB%87t-happiness-station/id1567374031?uo=4,https://sites.google.com/view/kenh-viet/trang-ch%E1%BB%A7?authuser=0
18.85,66,Noi's Blog Podcast,Noi Nguyen,vi,https://api.substack.com/feed/podcast/1808689.rss,https://podcasts.apple.com/vn/podcast/nois-blog-podcast/id1805401083?uo=4,https://noinguyenvan.substack.com/podcast
18.8,19,Em bé ơi,Tú và Mây,vi,https://anchor.fm/s/fd31da50/podcast/rss,https://podcasts.apple.com/us/podcast/em-b%C3%A9-%C6%A1i/id1777985582?uo=4,https://podcasters.spotify.com/pod/show/my-tr-l
18.76,22,La Bàn,La Bàn,vi,https://anchor.fm/s/e58f182c/podcast/rss,https://podcasts.apple.com/vn/podcast/la-b%C3%A0n/id1696562755?uo=4,https://podcasters.spotify.com/pod/show/labanduhocsaudaihoc
18.62,28,Chưng Cất Tương Lai,ACDT,vi,https://anchor.fm/s/1105a44c8/podcast/rss,https://podcasts.apple.com/vn/podcast/ch%C6%B0ng-c%E1%BA%A5t-t%C6%B0%C6%A1ng-lai/id1886629982?uo=4,https://podcasters.spotify.com/pod/show/acdt-zone
18.61,19,Love And Life,Love &amp; Life,vi,https://anchor.fm/s/66278e70/podcast/rss,https://podcasts.apple.com/us/podcast/love-and-life/id1658574645?uo=4,https://podcasters.spotify.com/pod/show/loveandlife
18.61,24,Cafe Bất Động Sản,VIETSUCCESS,vi,https://anchor.fm/s/6c4387c8/podcast/rss,https://podcasts.apple.com/vn/podcast/cafe-b%E1%BA%A5t-%C4%91%E1%BB%99ng-s%E1%BA%A3n/id1596921671?uo=4,https://podcasters.spotify.com/pod/show/bat-dong-san-cafe
18.56,67,Hello Thu Hà,Hello Thu Hà,vi,https://anchor.fm/s/88a28d60/podcast/rss,https://podcasts.apple.com/us/podcast/hello-thu-h%C3%A0/id1617970091?uo=4,https://podcasters.spotify.com/pod/show/le-thi-thu-ha
18.56,113,Quran Bi Kurdî,@quranbikurdi,tr,https://anchor.fm/s/ff02d3e8/podcast/rss,https://podcasts.apple.com/us/podcast/quran-bi-kurd%C3%AE/id1787288745?uo=4,https://podcasters.spotify.com/pod/show/quranbikurdi
18.51,177,Kinh Doanh | Marketing | Livestream | Hiền Hoài Marketing,Hiền Hoài Marketing,vi,https://anchor.fm/s/68183e64/podcast/rss,https://podcasts.apple.com/vn/podcast/kinh-doanh-marketing-livestream-hi%E1%BB%81n-ho%C3%A0i-marketing/id1583776254?uo=4,https://sites.google.com/view/hienhoaimarketing
18.47,10,VIETSUCCESS TẾT 2026 - TẾT BỀN TẾT KHỞI,Vietsuccess,vi,https://anchor.fm/s/100509938/podcast/rss,https://podcasts.apple.com/vn/podcast/vietsuccess-t%E1%BA%BFt-2026-t%E1%BA%BFt-b%E1%BB%81n-t%E1%BA%BFt-kh%E1%BB%9Fi/id1792382068?uo=4,https://podcasters.spotify.com/pod/show/vietsuccess-podcast-tet
18.43,17,#LifeSoul - Chữa lành Khoa học,reddyonduty,vi,https://anchor.fm/s/e68b0ee8/podcast/rss,https://podcasts.apple.com/us/podcast/lifesoul-ch%E1%BB%AFa-l%C3%A0nh-khoa-h%E1%BB%8Dc/id1700649427?uo=4,https://beacons.ai/weare.inyoursight
18.42,20,CHĂM SÓC SỨC KHOẺ TOÀN DIỆN,CHĂM SÓC SỨC KHOẺ TOÀN DIỆN THEO QUY LUẬT VŨ TRỤ,vi,https://anchor.fm/s/588fced0/podcast/rss,https://podcasts.apple.com/us/podcast/ch%C4%83m-s%C3%B3c-s%E1%BB%A9c-kho%E1%BA%BB-to%C3%A0n-di%E1%BB%87n/id1586863513?uo=4,https://podcasters.spotify.com/pod/show/cssktd
18.4,29,Học Kinh Thánh Từng Chương,Le Vi Ky,vi,https://anchor.fm/s/72100190/podcast/rss,https://podcasts.apple.com/us/podcast/h%E1%BB%8Dc-kinh-th%C3%A1nh-t%E1%BB%ABng-ch%C6%B0%C6%A1ng/id1621839940?uo=4,https://podcasters.spotify.com/pod/show/le-vi-ky
18.38,102,HR Management for Leaders,TalentSite HR Consulting,vi,https://anchor.fm/s/9ab58480/podcast/rss,https://podcasts.apple.com/us/podcast/hr-management-for-leaders/id1627167959?uo=4,https://podcasters.spotify.com/pod/show/talentsite-hr-consulting
18.31,24,Unhappykids,Những đứa trẻ không hạnh phúc,vi,https://anchor.fm/s/86d4c1d8/podcast/rss,https://podcasts.apple.com/vn/podcast/unhappykids/id1614650521?uo=4,https://unhappykids.wordpress.com/
18.27,89,Đông Đông Đây,Dongdongday,vi,https://anchor.fm/s/6d347840/podcast/rss,https://podcasts.apple.com/vn/podcast/%C4%91%C3%B4ng-%C4%91%C3%B4ng-%C4%91%C3%A2y/id1626822325?uo=4,https://podcasters.spotify.com/pod/show/dong-810
18.25,75,Hồ Sơ Vụ Án,Hồ Sơ Vụ Án,vi,https://anchor.fm/s/655beeb4/podcast/rss,https://podcasts.apple.com/us/podcast/h%E1%BB%93-s%C6%A1-v%E1%BB%A5-%C3%A1n/id1578771532?uo=4,https://open.spotify.com/show/2y2kqzbNLdqoPRDpyZKTzG
18.19,24,Luyện nghe tiếng Ý ^^,NGUYỄN DIỆU THẢO,it,https://anchor.fm/s/66adb1e4/podcast/rss,https://podcasts.apple.com/us/podcast/luy%E1%BB%87n-nghe-ti%E1%BA%BFng-%C3%BD/id1580664419?uo=4,https://podcasters.spotify.com/pod/show/ascoltarelitaliano
18.19,178,TRUYỆN PHẬT PHÁP,Trung Thành Đinh,vi,https://anchor.fm/s/a6f25804/podcast/rss,https://podcasts.apple.com/vn/podcast/truy%E1%BB%87n-ph%E1%BA%ADt-ph%C3%A1p/id1634406636?uo=4,https://podcasters.spotify.com/pod/show/truyenphatphap
18.13,13,KINH Hiền Nhân,Thầy Thích Trúc Thái Minh,vi,https://anchor.fm/s/eab7e8b0/podcast/rss,https://podcasts.apple.com/us/podcast/kinh-hi%E1%BB%81n-nh%C3%A2n/id1811919854?uo=4,https://thaythichtructhaiminh.com/
18.13,63,NGUYỄN MINH NGỌC ™ | PODCAST FOR MY SON,Nguyễn Minh Ngọc ™,vi,https://anchor.fm/s/e616cb3c/podcast/rss,https://podcasts.apple.com/us/podcast/nguy%E1%BB%85n-minh-ng%E1%BB%8Dc-podcast-for-my-son/id1700900278?uo=4,https://nguyenminhngoc.vn
18.12,79,Kim Mạnh Quyền,(Kim Mạnh Quyền),vi,https://anchor.fm/s/6991878c/podcast/rss,https://podcasts.apple.com/us/podcast/kim-m%E1%BA%A1nh-quy%E1%BB%81n/id1585718743?uo=4,https://kimmanhquyen.com
18.12,65,Radio Tâm Sự cùng Cô Yến,Phạm Thị Yến,vi,https://anchor.fm/s/e6e025b8/podcast/rss,https://podcasts.apple.com/us/podcast/radio-t%C3%A2m-s%E1%BB%B1-c%C3%B9ng-c%C3%B4-y%E1%BA%BFn/id1705185731?uo=4,https://phamthiyen.com
18.09,124,Soi Sáng,SoiSangSound,vi,https://anchor.fm/s/65e787d0/podcast/rss,https://podcasts.apple.com/us/podcast/soi-s%C3%A1ng/id1579560782?uo=4,https://podcasters.spotify.com/pod/show/thng-phm
17.96,32,Săn việc ở Tây,Lan Dung Vu,vi,https://rss.buzzsprout.com/1240427.rss,https://podcasts.apple.com/vn/podcast/s%C4%83n-vi%E1%BB%87c-%E1%BB%9F-t%C3%A2y/id1525092911?uo=4,https://www.buzzsprout.com/1240427
17.95,87,chuyện Trang kể,Trang Nguyen (Nina),vi,https://anchor.fm/s/43fc78ec/podcast/rss,https://podcasts.apple.com/vn/podcast/chuy%E1%BB%87n-trang-k%E1%BB%83/id1544637143?uo=4,https://talestrangtells.blogspot.com/
17.83,82,Linh Quy Ơi (Sau Giờ Làm),Dành cho những người đang đứng trước quyết định lớn nhưng chưa đủ rõ để chọn.,vi,https://anchor.fm/s/df662490/podcast/rss,https://podcasts.apple.com/vn/podcast/linh-quy-%C6%A1i-sau-gi%E1%BB%9D-l%C3%A0m/id1715224488?uo=4,https://linhquyoi.substack.com/
17.79,25,Review Truyện ST | Review Truyện Tranh,reviewtruyen,vi,https://anchor.fm/s/dcf4289c/podcast/rss,https://podcasts.apple.com/us/podcast/review-truy%E1%BB%87n-st-review-truy%E1%BB%87n-tranh/id1678026155?uo=4,https://podcasters.spotify.com/pod/show/reviewtruyen
17.77,34,Vũ Trụ Trong Đầu,VuTruTrongDau,vi,https://anchor.fm/s/ca2da2b0/podcast/rss,https://podcasts.apple.com/vn/podcast/v%C5%A9-tr%E1%BB%A5-trong-%C4%91%E1%BA%A7u/id1653769278?uo=4,https://podcasters.spotify.com/pod/show/vutrutrongdau
17.77,130,Bảo Trâm's Podcast,Kiều Oanh,vi,https://anchor.fm/s/67d6bcdc/podcast/rss,https://podcasts.apple.com/vn/podcast/b%E1%BA%A3o-tr%C3%A2ms-podcast/id1567398695?uo=4,https://baotramblog.com/
17.76,114,News - Tin Nhanh công nghệ,Tin nhanh công nghệ,vi,https://anchor.fm/s/10afc78fc/podcast/rss,https://podcasts.apple.com/us/podcast/news-tin-nhanh-c%C3%B4ng-ngh%E1%BB%87/id1849817407?uo=4,https://home.taduyduc.vn/
17.7,138,Trạm Đọc,Trạm Đọc,vi,https://anchor.fm/s/5cf0d08c/podcast/rss,https://podcasts.apple.com/us/podcast/tr%E1%BA%A1m-%C4%91%E1%BB%8Dc/id1576287092?uo=4,https://tramdoc.vn
17.7,290,Tiếp cận Thị trường Toàn cầu cho Thiết bị Y tế,Pure Global,vi,https://feeds.captivate.fm/tip-cn-th-trng-ton-cu/,https://podcasts.apple.com/us/podcast/ti%E1%BA%BFp-c%E1%BA%ADn-th%E1%BB%8B-tr%C6%B0%E1%BB%9Dng-to%C3%A0n-c%E1%BA%A7u-cho-thi%E1%BA%BFt-b%E1%BB%8B-y-t%E1%BA%BF/id1836276434?uo=4,https://www.pureglobal.com/
17.67,60,Lalalan,La,vi,https://anchor.fm/s/c9047c60/podcast/rss,https://podcasts.apple.com/vn/podcast/lalalan/id1661572589?uo=4,https://huonglan2016.wordpress.com/
17.62,18,AWR Vietnamese / tiếng Việt / Việt ngữ,Adventist World Radio,vi-us,https://feeds.feedburner.com/VIESD_VOH,https://podcasts.apple.com/vn/podcast/awr-vietnamese-ti%E1%BA%BFng-vi%E1%BB%87t-vi%E1%BB%87t-ng%E1%BB%AF/id378059739?uo=4,https://www.awr.org/program/VIESD_VOH
17.58,100,Danh Tác Văn Học,CRI,en,https://feed.kroraina.com.cn/api/channel/rss/6373445e048d1b405d13d51a.xml,https://podcasts.apple.com/us/podcast/danh-t%C3%A1c-v%C4%83n-ho-c/id1558391664?uo=4,
17.56,16,The Antigravity Show,SHINPHAMM,vi,https://anchor.fm/s/55478718/podcast/rss,https://podcasts.apple.com/us/podcast/the-antigravity-show/id1561458490?uo=4,https://podcasters.spotify.com/pod/show/theantigravityshow
17.54,17,Ngã Thì Thôi,Ngã Thì Thôi,en,https://feeds.acast.com/public/shows/6469ce4a1c5ef40010399f56,https://podcasts.apple.com/vn/podcast/ng%C3%A3-th%C3%AC-th%C3%B4i/id1605464617?uo=4,https://www.ngathithoi.com/
17.52,22,Nghĩ Kỹ Nói Bừa,Đũa Sắt,vi,http://cast.rocks/hosting/21391/feeds/7T0CM.xml,https://podcasts.apple.com/us/podcast/ngh%C4%A9-k%E1%BB%B9-n%C3%B3i-b%E1%BB%ABa/id1502350247?uo=4,https://nghikynoibua.com/
17.51,70,The Lawyers Talk,BLawyers Vietnam,vi,https://anchor.fm/s/e6715a70/podcast/rss,https://podcasts.apple.com/vn/podcast/the-lawyers-talk/id1711171646?uo=4,https://www.blawyersvn.com/
17.47,129,9show,9show,vi,https://anchor.fm/s/5cf843f8/podcast/rss,https://podcasts.apple.com/us/podcast/9show/id1569966557?uo=4,https://9show.vn/
17.34,100,Podcast VietNamNet,VietNamNet,vi,https://vietnamnet.vn/podcast-google.rss,https://podcasts.apple.com/us/podcast/podcast-vietnamnet/id1695535499?uo=4,https://vietnamnet.vn/podcast
17.3,34,Chi de Papillon,Chi Hoang,vi,https://rss.buzzsprout.com/1728511.rss,https://podcasts.apple.com/us/podcast/chi-de-papillon/id1587568924?uo=4,https://chidepapillon.buzzsprout.com
17.29,71,Bimthu.tv,Thư Lê,vi,https://anchor.fm/s/16f20f60/podcast/rss,https://podcasts.apple.com/vn/podcast/bimthu-tv/id1504199612?uo=4,Bimthu.tv
17.28,36,SGP2020,SGP2020,vi,https://raw.githubusercontent.com/SGP-2020/.github/main/podcast_tom_tat_full.rss,https://podcasts.apple.com/us/podcast/sgp2020/id1563988833?uo=4,https://sgp2020.club
17.26,63,Có j dui?,KMie.,vi,https://anchor.fm/s/be787878/podcast/rss,https://podcasts.apple.com/us/podcast/c%C3%B3-j-dui/id1717058767?uo=4,https://podcasters.spotify.com/pod/show/podcastcojdui
17.19,18,Tiếng Nói Của Lẽ Thật,Lẽ Thật,vi,https://anchor.fm/s/14b9cdf0/podcast/rss,https://podcasts.apple.com/us/podcast/ti%E1%BA%BFng-n%C3%B3i-c%E1%BB%A7a-l%E1%BA%BD-th%E1%BA%ADt/id1501064255?uo=4,https://lethat.vn
17.17,192,Chế độ dinh dưỡng &amp; cách chăm sóc môi sau khi phun,Thẩm Mỹ Linh Anh,vi,https://anchor.fm/s/11389b458/podcast/rss,https://podcasts.apple.com/vn/podcast/ch%E1%BA%BF-%C4%91%E1%BB%99-dinh-d%C6%B0%E1%BB%A1ng-c%C3%A1ch-ch%C4%83m-s%C3%B3c-m%C3%B4i-sau-khi-phun/id6792966824?uo=4,https://thammylinhanh.vn/
17.15,66,ConCuaTui - Học làm cha mẹ chủ động,ConCuaTui,vi,https://anchor.fm/s/e4ef9b44/podcast/rss,https://podcasts.apple.com/us/podcast/concuatui-h%E1%BB%8Dc-l%C3%A0m-cha-m%E1%BA%B9-ch%E1%BB%A7-%C4%91%E1%BB%99ng/id1695523832?uo=4,https://concuatui.com
17.04,48,Sách nói mỗi ngày,Nu Pham,vi,https://anchor.fm/s/5ea3402c/podcast/rss,https://podcasts.apple.com/us/podcast/s%C3%A1ch-n%C3%B3i-m%E1%BB%97i-ng%C3%A0y/id1573541336?uo=4,https://podcasters.spotify.com/pod/show/nu-pham
16.95,59,Thương hiệu và truyền thông,Quyền Vũ,vi,https://anchor.fm/s/69e1ea74/podcast/rss,https://podcasts.apple.com/vn/podcast/th%C6%B0%C6%A1ng-hi%E1%BB%87u-v%C3%A0-truy%E1%BB%81n-th%C3%B4ng/id1754074848?uo=4,https://vudigital.co/
16.9,15,Nghe Kể Truyện - Story Time,Đọc Truyện,vi,https://feeds.redcircle.com/86158c12-bc73-4820-9cd5-f277a01270a1,https://podcasts.apple.com/us/podcast/nghe-k%E1%BB%83-truy%E1%BB%87n-story-time/id1574636632?uo=4,https://redcircle.com/shows/k-truyn-em-khuya
16.9,32,Vincent Radio,Vincent Radio,vi,https://anchor.fm/s/d899667c/podcast/rss,https://podcasts.apple.com/vn/podcast/vincent-radio/id1662305012?uo=4,https://podcasters.spotify.com/pod/show/vincentradio06
16.9,24,Listening and Running,Tuấn Nguyễn Thọ,vi,https://anchor.fm/s/103245adc/podcast/rss,https://podcasts.apple.com/vn/podcast/listening-and-running/id1805717650?uo=4,https://podcasters.spotify.com/pod/show/tun-nguyn-th
16.88,42,Hồ Biểu Chánh - Tiểu Thuyết Và Truyện Ngắn,Kẻ Trộm Hương,vi,https://anchor.fm/s/e9380e48/podcast/rss,https://podcasts.apple.com/us/podcast/h%E1%BB%93-bi%E1%BB%83u-ch%C3%A1nh-ti%E1%BB%83u-thuy%E1%BA%BFt-v%C3%A0-truy%E1%BB%87n-ng%E1%BA%AFn/id1754157353?uo=4,https://podcasters.spotify.com/pod/show/k-trm-hng
16.85,22,The IUF Show,Harley & Hạ Uyên,vi,https://anchor.fm/s/25f06ffc/podcast/rss,https://podcasts.apple.com/us/podcast/the-iuf-show/id1529817150?uo=4,https://podcasters.spotify.com/pod/show/theiufshow
16.83,59,TẠNG LUẬT NIKAYA,MINH ĐĂNG PODCAST,vi,https://anchor.fm/s/103f59c64/podcast/rss,https://podcasts.apple.com/us/podcast/t%E1%BA%A1ng-lu%E1%BA%ADt-nikaya/id1809878953?uo=4,https://podcasters.spotify.com/pod/show/d-d-b
16.83,28,Ngọn Đèn Soi Đường,Ngọn Đèn Soi Đường,vi,https://anchor.fm/s/10d4b37d8/podcast/rss,https://podcasts.apple.com/vn/podcast/ng%E1%BB%8Dn-%C4%91%C3%A8n-soi-%C4%91%C6%B0%E1%BB%9Dng/id1866293831?uo=4,https://podcasters.spotify.com/pod/show/nhn-su-hiu-thu60
16.82,82,Sống đơn giản,2livesimple Official,vi,https://anchor.fm/s/10551b48/podcast/rss,https://podcasts.apple.com/us/podcast/s%E1%BB%91ng-%C4%91%C6%A1n-gi%E1%BA%A3n/id1488380350?uo=4,http://2livesimple.com/
16.7,33,Notes by Mira,Mira Pham,vi,https://anchor.fm/s/103af79b4/podcast/rss,https://podcasts.apple.com/us/podcast/notes-by-mira/id1809046956?uo=4,https://podcasters.spotify.com/pod/show/phm-minh-vn
16.65,30,Cùng Đi Đức,Cùng đi Đức,vi,https://anchor.fm/s/fa65770/podcast/rss,https://podcasts.apple.com/vn/podcast/c%C3%B9ng-%C4%91i-%C4%91%E1%BB%A9c/id1484816827?uo=4,https://podcasters.spotify.com/pod/show/cungdiduc
16.64,353,In Việt Nhật - Công Ty TNHH Giải Pháp In Ấn Việt Nhật,In Việt Nhật,vi,https://anchor.fm/s/10287433c/podcast/rss,https://podcasts.apple.com/us/podcast/in-vi%E1%BB%87t-nh%E1%BA%ADt-c%C3%B4ng-ty-tnhh-gi%E1%BA%A3i-ph%C3%A1p-in-%E1%BA%A5n-vi%E1%BB%87t-nh%E1%BA%ADt/id1849558092?uo=4,https://invietnhat.vn/
16.6,65,Dế Mèn Du Ký,Đào Minh Tiến,vi,https://anchor.fm/s/e4de2300/podcast/rss,https://podcasts.apple.com/us/podcast/d%E1%BA%BF-m%C3%A8n-du-k%C3%BD/id1605540994?uo=4,https://podcasters.spotify.com/pod/show/demenduky
16.59,15,JoyFM - Sức khỏe,JoyFM,vi,https://anchor.fm/s/5ed40a04/podcast/rss,https://podcasts.apple.com/vn/podcast/joyfm-s%E1%BB%A9c-kh%E1%BB%8Fe/id1571662867?uo=4,https://joyfm.vn/
16.52,27,Radio95z's Podcast,Radio95z,vi-vi,https://anchor.fm/s/7e4a107c/podcast/rss,https://podcasts.apple.com/vn/podcast/radio95zs-podcast/id1516702199?uo=4,https://www.buzzsprout.com/1136675
16.5,34,"Hải Dương Radio-Văn hóa, giải trí",Đài PT-TH Hải Dương,vi,https://anchor.fm/s/da0d8ec0/podcast/rss,https://podcasts.apple.com/us/podcast/h%E1%BA%A3i-d%C6%B0%C6%A1ng-radio-v%C4%83n-h%C3%B3a-gi%E1%BA%A3i-tr%C3%AD/id1671693015?uo=4,http://www.haiduongtv.com.vn/
16.5,29,PHÁP ÂM NGUYÊN THUỶ,Phật Pháp Audio,vi,https://anchor.fm/s/bad179e0/podcast/rss,https://podcasts.apple.com/us/podcast/ph%C3%A1p-%C3%A2m-nguy%C3%AAn-thu%E1%BB%B7/id1702737483?uo=4,https://podcasters.spotify.com/pod/show/phapamnguyenthuy
16.5,100,HỘP THƯ NGỌC ÁNH,CRI,vi,https://feed.kroraina.com.cn/api/channel/rss/637343dc048d1b405d13d4b4.xml,https://podcasts.apple.com/us/podcast/h%C3%B4-p-th%C6%B0-ngo-c-a-nh/id842342668?uo=4,
16.48,41,DataZen Labs,Dobby,vi,https://anchor.fm/s/ec55863c/podcast/rss,https://podcasts.apple.com/us/podcast/datazen-labs/id1714947100?uo=4,https://podcasters.spotify.com/pod/show/datazenlabs
16.48,28,Giáo lý Hôn nhân Công giáo,Hoan,vi,https://anchor.fm/s/67f69408/podcast/rss,https://podcasts.apple.com/us/podcast/gi%C3%A1o-l%C3%BD-h%C3%B4n-nh%C3%A2n-c%C3%B4ng-gi%C3%A1o/id1581383834?uo=4,https://podcasters.spotify.com/pod/show/hoan7
16.46,42,Làm Podcast với The Blue Expat,Link Po Nguyen,vi,https://www.spreaker.com/show/4888629/episodes/feed,https://podcasts.apple.com/vn/podcast/l%C3%A0m-podcast-v%E1%BB%9Bi-the-blue-expat/id1565108308?uo=4,https://theblueexpat.com/lampodcast/
16.39,65,Thế giới vận hành như thế nào,Mos Talk,vi,https://feeds.soundon.fm/podcasts/deb189c2-47ea-4181-aece-018183eccf2e.xml,https://podcasts.apple.com/vn/podcast/th%E1%BA%BF-gi%E1%BB%9Bi-v%E1%BA%ADn-h%C3%A0nh-nh%C6%B0-th%E1%BA%BF-n%C3%A0o/id1839764734?uo=4,https://player.soundon.fm/p/deb189c2-47ea-4181-aece-018183eccf2e
16.34,59,Chọn nghề gì?,SBS,vi,https://feeds.sbs.com.au/choose-your-career,https://podcasts.apple.com/vn/podcast/ch%E1%BB%8Dn-ngh%E1%BB%81-g%C3%AC/id1877833537?uo=4,https://www.sbs.com.au/language/vietnamese/vi/podcast/chon-nghe-gi
16.24,7,ĐỨC NHẪN,Trang,vi,https://anchor.fm/s/64039aa8/podcast/rss,https://podcasts.apple.com/us/podcast/%C4%91%E1%BB%A9c-nh%E1%BA%ABn/id1595567837?uo=4,https://podcasters.spotify.com/pod/show/trang07
16.18,97,VIF,Vietnam Investment Forum,vi,https://anchor.fm/s/f739d47c/podcast/rss,https://podcasts.apple.com/vn/podcast/vif/id1750444878?uo=4,https://www.youtube.com/@kttc.onecom
16.12,18,Vietnam Marketing,Vietsuccess,vi,https://anchor.fm/s/e828c128/podcast/rss,https://podcasts.apple.com/us/podcast/vietnam-marketing/id1707139880?uo=4,https://podcasters.spotify.com/pod/show/people-matter4
15.98,20,Cuộc sống quanh ta #podcastViet,Cuộc Sống Quanh Ta,vi,https://anchor.fm/s/ec78a860/podcast/rss,https://podcasts.apple.com/us/podcast/cu%E1%BB%99c-s%E1%BB%91ng-quanh-ta-podcastviet/id1715193979?uo=4,https://podcasters.spotify.com/pod/show/cuc-sng-quanh-ta
15.91,30,Đêm Radio,Tiber Nguyen,vi,https://anchor.fm/s/64551dd8/podcast/rss,https://podcasts.apple.com/vn/podcast/%C4%91%C3%AAm-radio/id1577117078?uo=4,https://facebook.com/nghenoiradio/
15.91,99,Midori Cafe,Minh Đoàn,ja,https://anchor.fm/s/36478b60/podcast/rss,https://podcasts.apple.com/vn/podcast/midori-cafe/id1531896677?uo=4,annhanhumay.wordpress.com
15.84,39,TRẦN GIA THÁI - TÁC GIẢ TÁC PHẨM,"Thơ, Truyện ngắn, tiểu thuyết",vi,https://anchor.fm/s/db7f9b90/podcast/rss,https://podcasts.apple.com/vn/podcast/tr%E1%BA%A7n-gia-th%C3%A1i-t%C3%A1c-gi%E1%BA%A3-t%C3%A1c-ph%E1%BA%A9m/id1674495470?uo=4,https://podcasters.spotify.com/pod/show/tran-gia-thai
15.78,195,Bóng đá 7m - 7msport - 7m livescore - Cập nhật tỷ số 7m 24/7,Bóng Đá 7M,vi,https://anchor.fm/s/6a3811ec/podcast/rss,https://podcasts.apple.com/us/podcast/b%C3%B3ng-%C4%91%C3%A1-7m-7msport-7m-livescore-c%E1%BA%ADp-nh%E1%BA%ADt-t%E1%BB%B7-s%E1%BB%91-7m-24-7/id1585563914?uo=4,https://xosofast.net/
15.77,20,Cởi Mở Happy Hour,Vietcetera,vi,https://anchor.fm/s/103666a94/podcast/rss,https://podcasts.apple.com/us/podcast/c%E1%BB%9Fi-m%E1%BB%9F-happy-hour/id1617029710?uo=4,https://www.buzzsprout.com/1965885
15.68,29,Mới đẻ hôm qua,Trần Nhật Nghi,vi,https://anchor.fm/s/547c37d4/podcast/rss,https://podcasts.apple.com/vn/podcast/m%E1%BB%9Bi-%C4%91%E1%BA%BB-h%C3%B4m-qua/id1564960139?uo=4,https://podcasters.spotify.com/pod/show/nhatngi77
15.64,52,Sức khỏe là vàng,SBS,vi,https://feeds.sbs.com.au/suc-khoe-la-vang,https://podcasts.apple.com/vn/podcast/s%E1%BB%A9c-kh%E1%BB%8Fe-l%C3%A0-v%C3%A0ng/id1819650479?uo=4,https://www.sbs.com.au/language/vietnamese/vi/podcast/suc-khoe-la-vang
15.62,9,Tuyển tập Podcast của ChiVT,Tran Chi,vi,https://anchor.fm/s/57528e68/podcast/rss,https://podcasts.apple.com/vn/podcast/tuy%E1%BB%83n-t%E1%BA%ADp-podcast-c%E1%BB%A7a-chivt/id1568917205?uo=4,https://vutranchi.com
15.54,19,SỐNG MỘT ĐỜI RỰC RỠ,MC Hoàng Oanh,vi,https://anchor.fm/s/ebe6c968/podcast/rss,https://podcasts.apple.com/vn/podcast/s%E1%BB%91ng-m%E1%BB%99t-%C4%91%E1%BB%9Di-r%E1%BB%B1c-r%E1%BB%A1/id1756478991?uo=4,https://podcasters.spotify.com/pod/show/mchoangoanh
15.48,83,Di Trú Radio,Di Trú Radio,vi,https://anchor.fm/s/49136304/podcast/rss,https://podcasts.apple.com/vn/podcast/di-tr%C3%BA-radio/id1550873206?uo=4,https://www.taquanghuy.com
15.47,83,Kiến Thức Quân Sự,Nguyễn Việt Cường,vi,https://anchor.fm/s/73a79cd4/podcast/rss,https://podcasts.apple.com/us/podcast/ki%E1%BA%BFn-th%E1%BB%A9c-qu%C3%A2n-s%E1%BB%B1/id1594847373?uo=4,https://podcasters.spotify.com/pod/show/viet-cuong-nguyen
15.37,39,hannah's notes,bui thi my hanh,vi,https://anchor.fm/s/5e635ea8/podcast/rss,https://podcasts.apple.com/vn/podcast/hannahs-notes/id1572423119?uo=4,https://www.facebook.com/hannah.notes.podcast
15.34,12,One __ at a Time (Vietnamese),Nguyên.,en,https://feed.podbean.com/ngoixuonguongtra/feed.xml,https://podcasts.apple.com/vn/podcast/one-at-a-time-vietnamese/id1842501759?uo=4,https://ngoixuonguongtra.podbean.com
15.31,87,Đón nhận cuộc sống,Đón nhận cuộc sống,vi,https://anchor.fm/s/ff5a0ec4/podcast/rss,https://podcasts.apple.com/vn/podcast/%C4%91%C3%B3n-nh%E1%BA%ADn-cu%E1%BB%99c-s%E1%BB%91ng/id1788712569?uo=4,https://podcasters.spotify.com/pod/show/dncspodcast
15.29,41,Nấm Nành,Nấm Nành,vi,https://anchor.fm/s/6171030c/podcast/rss,https://podcasts.apple.com/us/podcast/n%E1%BA%A5m-n%C3%A0nh/id1574127647?uo=4,https://podcasters.spotify.com/pod/show/nam-nanh
15.28,41,Andrew Bay Bổng 💸💸💸,A Flying Andrew,vi,https://anchor.fm/s/3d3063fc/podcast/rss,https://podcasts.apple.com/vn/podcast/andrew-bay-b%E1%BB%95ng/id1537531070?uo=4,https://aflyingandrew.com
15.27,15,YOUNG MARKETERS PODCAST,Marketing Fundamentals. Vietnam Stories. Young Marketers.,vi,https://anchor.fm/s/86f885b4/podcast/rss,https://podcasts.apple.com/vn/podcast/young-marketers-podcast/id1613141587?uo=4,https://podcasters.spotify.com/pod/show/young-marketers-podcast
15.2,56,Tạp chí Thể thao,SBS,vi,https://feeds.sbs.com.au/tap-chi-the-thao,https://podcasts.apple.com/us/podcast/t%E1%BA%A1p-ch%C3%AD-th%E1%BB%83-thao/id1831428616?uo=4,https://www.sbs.com.au/language/vietnamese/vi/podcast/tap-chi-the-thao
15.04,23,"ALOHA - Phụ Nữ Hiện Đại, Không Xúi Dại",Aloha,vi,https://anchor.fm/s/8a97b190/podcast/rss,https://podcasts.apple.com/us/podcast/aloha-ph%E1%BB%A5-n%E1%BB%AF-hi%E1%BB%87n-%C4%91%E1%BA%A1i-kh%C3%B4ng-x%C3%BAi-d%E1%BA%A1i/id1633016029?uo=4,https://podcasters.spotify.com/pod/show/aloha-tamsu
15.01,33,Dòng Chảy Trung Hoa,Dòng Chảy Trung Hoa,vi,https://anchor.fm/s/114f97d78/podcast/rss,https://podcasts.apple.com/us/podcast/d%C3%B2ng-ch%E1%BA%A3y-trung-hoa/id6791439167?uo=4,https://www.youtube.com/@DongChayTrungHoa
14.89,39,More Perspectives,Duy Thanh Nguyen,vi,https://anchor.fm/s/45501140/podcast/rss,https://podcasts.apple.com/us/podcast/more-perspectives/id1586594659?uo=4,https://www.youtube.com/duythanhish
14.89,33,30 ngày chuyển động cùng bất động sản,Batdongsan.com.vn,vi,https://anchor.fm/s/6665c7bc/podcast/rss,https://podcasts.apple.com/us/podcast/30-ng%C3%A0y-chuy%E1%BB%83n-%C4%91%E1%BB%99ng-c%C3%B9ng-b%E1%BA%A5t-%C4%91%E1%BB%99ng-s%E1%BA%A3n/id1580934377?uo=4,https://podcasters.spotify.com/pod/show/batdongsancomvn
14.88,38,Coffee &amp; Tea with Minh,Hue Minh,vi,https://anchor.fm/s/536ed554/podcast/rss,https://podcasts.apple.com/vn/podcast/coffee-tea-with-minh/id1562952032?uo=4,https://www.monsoleil.ca
14.86,11,KINH Bát Đại Nhân Giác,Thích Trúc Thái Minh,vi,https://anchor.fm/s/e907f050/podcast/rss,https://podcasts.apple.com/vn/podcast/kinh-b%C3%A1t-%C4%91%E1%BA%A1i-nh%C3%A2n-gi%C3%A1c/id1709077927?uo=4,https://thichtructhaiminh.com
14.85,30,Giết Con Chim Nhại,Midnight Stories,vi,https://anchor.fm/s/40059e94/podcast/rss,https://podcasts.apple.com/us/podcast/gi%E1%BA%BFt-con-chim-nh%E1%BA%A1i/id1540598132?uo=4,https://podcasters.spotify.com/pod/show/hoang-manh
14.85,15,Bốn Chấm Không,Truc Giang & Thuy Ngan,vi-vi,https://anchor.fm/s/7d333308/podcast/rss,https://podcasts.apple.com/vn/podcast/b%E1%BB%91n-ch%E1%BA%A5m-kh%C3%B4ng/id1520153571?uo=4,https://bon-cham-khong.simplecast.com
14.83,94,Thiên Nhiên,ThienNhien,vi,https://anchor.fm/s/4a20a770/podcast/rss,https://podcasts.apple.com/us/podcast/thi%C3%AAn-nhi%C3%AAn/id1590901342?uo=4,https://www.thiennhien.net
14.75,64,ĐÀN ÔNG SIGMA,Danido,vi,https://anchor.fm/s/f8ec5b8c/podcast/rss,https://podcasts.apple.com/us/podcast/%C4%91%C3%A0n-%C3%B4ng-sigma/id1765866443?uo=4,https://www.youtube.com/@DanOngSigma
14.69,52,5AM Generations,5AM Generations,vi,https://anchor.fm/s/f19e0100/podcast/rss,https://podcasts.apple.com/vn/podcast/5am-generations/id1729357511?uo=4,https://podcasters.spotify.com/pod/show/5amgenerations
14.66,357,Hôm nay ngày gì?,A Week TV,vi,https://anchor.fm/s/55a96dfc/podcast/rss,https://podcasts.apple.com/us/podcast/h%C3%B4m-nay-ng%C3%A0y-g%C3%AC/id1572179635?uo=4,https://podcasters.spotify.com/pod/show/aweek-tv
14.66,43,Tuấn Anh kể chuyện,Tuấn Anh kể chuyện,vi,https://anchor.fm/s/617bacbc/podcast/rss,https://podcasts.apple.com/vn/podcast/tu%E1%BA%A5n-anh-k%E1%BB%83-chuy%E1%BB%87n/id1574157066?uo=4,https://anchor.fm/tuananhkechuyen
14.66,23,the insight,Linh Nguyen,vi,https://anchor.fm/s/4a2defd4/podcast/rss,https://podcasts.apple.com/vn/podcast/the-insight/id1554731837?uo=4,https://linhnguyeninsights.website2.me
14.6,18,Blue Ventures Series - Khởi Nghiệp Thành Công,VIETSUCCESS,vi,https://anchor.fm/s/bfb5d30c/podcast/rss,https://podcasts.apple.com/us/podcast/blue-ventures-series-kh%E1%BB%9Fi-nghi%E1%BB%87p-th%C3%A0nh-c%C3%B4ng/id1649875999?uo=4,https://podcasters.spotify.com/pod/show/blueventureseries
14.56,58,Breath - Thiền định cho cuộc sống hiện đại,Tiến sĩ Lê Thu Trang,vi,https://anchor.fm/s/59ed6814/podcast/rss,https://podcasts.apple.com/us/podcast/breath-thi%E1%BB%81n-%C4%91%E1%BB%8Bnh-cho-cu%E1%BB%99c-s%E1%BB%91ng-hi%E1%BB%87n-%C4%91%E1%BA%A1i/id1566698223?uo=4,https://breath.vn
14.54,31,Demento - A New Beginning,Le Xuan Khoa,vi,https://anchor.fm/s/67900df0/podcast/rss,https://podcasts.apple.com/vn/podcast/demento-a-new-beginning/id1585657471?uo=4,http://demento.vn/
14.49,162,OMBook Audio - Đọc sách giùm bạn,Mật ngọt,vi,https://anchor.fm/s/1054c9b08/podcast/rss,https://podcasts.apple.com/us/podcast/ombook-audio-%C4%91%E1%BB%8Dc-s%C3%A1ch-gi%C3%B9m-b%E1%BA%A1n/id1816409609?uo=4,https://thienrajayoga.com/ombook/
14.48,50,Gặp gỡ người Việt ở Úc,SBS,vi,https://feeds.sbs.com.au/gap-go-nguoi-viet-o-uc,https://podcasts.apple.com/us/podcast/g%E1%BA%B7p-g%E1%BB%A1-ng%C6%B0%E1%BB%9Di-vi%E1%BB%87t-%E1%BB%9F-%C3%BAc/id1831187810?uo=4,https://www.sbs.com.au/language/vietnamese/vi/podcast/gap-go-nguoi-viet-o-uc
14.48,23,Thử.Thật.Thách,28Unique,vi,https://anchor.fm/s/f0960230/podcast/rss,https://podcasts.apple.com/vn/podcast/th%E1%BB%AD-th%E1%BA%ADt-th%C3%A1ch/id1726735289?uo=4,https://podcasters.spotify.com/pod/show/thuthatthachpodcast
14.45,41,Thiền dẫn với Coach Lương Ngọc Tiên,Coach Luong Ngoc Tien,vi,https://anchor.fm/s/4b71dd38/podcast/rss,https://podcasts.apple.com/us/podcast/thi%E1%BB%81n-d%E1%BA%ABn-v%E1%BB%9Bi-coach-l%C6%B0%C6%A1ng-ng%E1%BB%8Dc-ti%C3%AAn/id1552813397?uo=4,https://www.luongngoctien.com
14.38,54,Học Từ BẢO HIỂM,Doan Ngoc Anh,vi,https://anchor.fm/s/fc93fca4/podcast/rss,https://podcasts.apple.com/us/podcast/h%E1%BB%8Dc-t%E1%BB%AB-b%E1%BA%A3o-hi%E1%BB%83m/id1778194456?uo=4,https://podcasters.spotify.com/pod/show/hoc-tu-baohiem
14.37,15,EMOTIONAL AF,Zoey Nguyen - Minh Trang,vi,https://media.rss.com/sitbackmt-zoey/feed.xml,https://podcasts.apple.com/us/podcast/emotional-af/id1643882483?uo=4,https://rss.com/podcasts/sitbackmt-zoey
14.35,19,Tây Du Ký Podcast,Tay Du Ky Podcast,vi,https://anchor.fm/s/376d87ec/podcast/rss,https://podcasts.apple.com/vn/podcast/t%C3%A2y-du-k%C3%BD-podcast/id1532795588?uo=4,https://podcasters.spotify.com/pod/show/tay-du-ky-podcast
14.29,63,Gen Z Tập Lớn,hoangphuonglinh,vi,https://anchor.fm/s/64e3aad0/podcast/rss,https://podcasts.apple.com/us/podcast/gen-z-t%E1%BA%ADp-l%E1%BB%9Bn/id1577980821?uo=4,https://podcasters.spotify.com/pod/show/genztaplon
14.29,261,Cập nhật Y khoa mới nhất,Ykhoa,vi,https://anchor.fm/s/dc3d1634/podcast/rss,https://podcasts.apple.com/us/podcast/c%E1%BA%ADp-nh%E1%BA%ADt-y-khoa-m%E1%BB%9Bi-nh%E1%BA%A5t/id1680403934?uo=4,https://podcasters.spotify.com/pod/show/ykhoa
14.25,32,Podcast Tiệm của Cáo,Tiệm của Cáo,vi,https://anchor.fm/s/60e051a4/podcast/rss,https://podcasts.apple.com/us/podcast/podcast-ti%E1%BB%87m-c%E1%BB%A7a-c%C3%A1o/id1558354081?uo=4,https://podcasters.spotify.com/pod/show/tim-ca-co
14.17,56,A little garden,Trần Thị Xuân Đào,en,https://anchor.fm/s/6b557eac/podcast/rss,https://podcasts.apple.com/vn/podcast/a-little-garden/id1586641907?uo=4,https://podcasters.spotify.com/pod/show/alittlegarden
14.16,26,Góc Nhìn-Quan Điểm,Góc Nhìn - Quan Điểm,vi,https://anchor.fm/s/f0cfa47c/podcast/rss,https://podcasts.apple.com/vn/podcast/g%C3%B3c-nh%C3%ACn-quan-%C4%91i%E1%BB%83m/id1726104240?uo=4,https://podcasters.spotify.com/pod/show/gnqd
14.16,66,Minh Tuệ Podcast,Minh Tuệ,vi,https://anchor.fm/s/73793c90/podcast/rss,https://podcasts.apple.com/vn/podcast/minh-tu%E1%BB%87-podcast/id1605345301?uo=4,https://podcasters.spotify.com/pod/show/minh-tu7
14.09,29,TIẾNG THƠ,ĐÀI TIẾNG NÓI VIỆT NAM,vi,https://anchor.fm/s/6a6387b4/podcast/rss,https://podcasts.apple.com/vn/podcast/ti%E1%BA%BFng-th%C6%A1/id1587934249?uo=4,https://podcasters.spotify.com/pod/show/vov6
14.07,95,Cô Linh Dinh Dưỡng,Cô Linh Dinh Dưỡng,vi,https://anchor.fm/s/110ad0014/podcast/rss,https://podcasts.apple.com/us/podcast/c%C3%B4-linh-dinh-d%C6%B0%E1%BB%A1ng/id1888117761?uo=4,https://podcasters.spotify.com/pod/show/ditconme
14.07,38,Dần lớn,Oanh Duong Sam,vi,https://anchor.fm/s/869caf28/podcast/rss,https://podcasts.apple.com/us/podcast/d%E1%BA%A7n-l%E1%BB%9Bn/id1614081830?uo=4,https://oanhduongsam.com
14.06,102,Mê Đầu Tư - MEINVEST,Tô Triều,vi,https://anchor.fm/s/121b4998/podcast/rss,https://podcasts.apple.com/vn/podcast/m%C3%AA-%C4%91%E1%BA%A7u-t%C6%B0-meinvest/id1493350953?uo=4,https://www.tohaitrieu.net
14.05,31,Kháng Thương,Vietcetera,vi,https://anchor.fm/s/103344190/podcast/rss,https://podcasts.apple.com/us/podcast/kh%C3%A1ng-th%C6%B0%C6%A1ng/id1734766380?uo=4,https://www.buzzsprout.com/2326554
14.03,18,Mật Mã Da Vinci - Dan Brown,Kẻ Nghiện Sách,vi,https://anchor.fm/s/393f7418/podcast/rss,https://podcasts.apple.com/us/podcast/m%E1%BA%ADt-m%C3%A3-da-vinci-dan-brown/id1534099388?uo=4,https://podcasters.spotify.com/pod/show/k-nghin-sch
13.97,15,Trăm Năm Sân Khấu,Vietcetera,vi,https://anchor.fm/s/103663a24/podcast/rss,https://podcasts.apple.com/vn/podcast/tr%C4%83m-n%C4%83m-s%C3%A2n-kh%E1%BA%A5u/id1676727964?uo=4,https://www.buzzsprout.com/2150034
13.93,50,Thư gửi tiền kiếp,Lê Hoài Phương,vi,https://anchor.fm/s/10ba98434/podcast/rss,https://podcasts.apple.com/us/podcast/th%C6%B0-g%E1%BB%ADi-ti%E1%BB%81n-ki%E1%BA%BFp/id1853164293?uo=4,https://hyperfollow.com/lehoaiphuong
13.89,25,Một Cây Tùng,Duy Tung Vu,vi,https://anchor.fm/s/e961b658/podcast/rss,https://podcasts.apple.com/vn/podcast/m%E1%BB%99t-c%C3%A2y-t%C3%B9ng/id1722130266?uo=4,https://podcasters.spotify.com/pod/show/motcaytung
13.85,31,Nghe lời Phật dạy,Truong Dang,vi,https://anchor.fm/s/dbef25dc/podcast/rss,https://podcasts.apple.com/us/podcast/nghe-l%E1%BB%9Di-ph%E1%BA%ADt-d%E1%BA%A1y/id1676184428?uo=4,https://podcasters.spotify.com/pod/show/tattruong369
13.83,21,Nghe Tóm Tắt Sách Victor,Victor,vi,https://anchor.fm/s/60d6f780/podcast/rss,https://podcasts.apple.com/vn/podcast/nghe-t%C3%B3m-t%E1%BA%AFt-s%C3%A1ch-victor/id1573584982?uo=4,https://podcasters.spotify.com/pod/show/victor8867
13.81,181,PODCAST L&D MWG,Podcast L&D MWG,vi,https://anchor.fm/s/64a720c4/podcast/rss,https://podcasts.apple.com/us/podcast/podcast-l-d-mwg/id1581227766?uo=4,https://podcasters.spotify.com/pod/show/mwgpodcast
13.81,26,Monet's Talk,Linh,vi,https://anchor.fm/s/5426f224/podcast/rss,https://podcasts.apple.com/us/podcast/monets-talk/id1560732075?uo=4,https://podcasters.spotify.com/pod/show/deeptalkwithmonet
13.79,114,Miền ký ức 197X,Cong Han Pham,vi,https://anchor.fm/s/fab89070/podcast/rss,https://podcasts.apple.com/us/podcast/mi%E1%BB%81n-k%C3%BD-%E1%BB%A9c-197x/id1766674174?uo=4,https://podcasters.spotify.com/pod/show/mienkyuc197x
13.76,21,Cạn Ly,91 line,vi,https://anchor.fm/s/6481103c/podcast/rss,https://podcasts.apple.com/vn/podcast/c%E1%BA%A1n-ly/id1577077647?uo=4,https://podcasters.spotify.com/pod/show/can-ly
13.73,76,Gap Year tuổi 30,Hoà Trần,vi,https://anchor.fm/s/641f50cc/podcast/rss,https://podcasts.apple.com/us/podcast/gap-year-tu%E1%BB%95i-30/id1650136825?uo=4,https://youtube.com/hoagapyear
13.73,154,Dominic Duy Khang,Dominic Duy Khang,vi,https://anchor.fm/s/dfca90c4/podcast/rss,https://podcasts.apple.com/vn/podcast/dominic-duy-khang/id1684091328?uo=4,https://podcasters.spotify.com/pod/show/dominicduykhang
13.64,112,Vì Sao Thế - Kiến Thức Thú Vị,Vì Sao Thế,vi,https://anchor.fm/s/5ea0e700/podcast/rss,https://podcasts.apple.com/us/podcast/v%C3%AC-sao-th%E1%BA%BF-ki%E1%BA%BFn-th%E1%BB%A9c-th%C3%BA-v%E1%BB%8B/id1571468085?uo=4,https://podcasters.spotify.com/pod/show/studio-vtech
13.59,49,Listen and Share,Johnnie-C,vi,https://anchor.fm/s/10f8723f4/podcast/rss,https://podcasts.apple.com/us/podcast/listen-and-share/id1880949506?uo=4,https://podcasters.spotify.com/pod/show/chin-inh
13.59,56,Unwritten Me,Unwritten Me,vi,https://anchor.fm/s/25d0eccc/podcast/rss,https://podcasts.apple.com/us/podcast/unwritten-me/id1519919611?uo=4,https://podcasters.spotify.com/pod/show/unwritten30s
13.59,22,MoonTalk with Linh Dao,Moontalk with Linh Dao,vi,https://anchor.fm/s/f0e999cc/podcast/rss,https://podcasts.apple.com/vn/podcast/moontalk-with-linh-dao/id1726332543?uo=4,https://podcasters.spotify.com/pod/show/moontalk-with-linh-dao
13.59,57,Hiếu Đây Podcast,Hiếu Đây,vi,https://anchor.fm/s/7a42f14c/podcast/rss,https://podcasts.apple.com/vn/podcast/hi%E1%BA%BFu-%C4%91%C3%A2y-podcast/id1619658753?uo=4,https://podcasters.spotify.com/pod/show/hieudaypodcast
13.51,27,"AI đọc sách, báo",EchoVerse,vi,https://anchor.fm/s/103d25074/podcast/rss,https://podcasts.apple.com/vn/podcast/ai-%C4%91%E1%BB%8Dc-s%C3%A1ch-b%C3%A1o/id1809402715?uo=4,https://podcasters.spotify.com/pod/show/echoversepod
13.5,129,Học để làm Người,Mr. D,vi,https://anchor.fm/s/6540fab4/podcast/rss,https://podcasts.apple.com/vn/podcast/h%E1%BB%8Dc-%C4%91%E1%BB%83-l%C3%A0m-ng%C6%B0%E1%BB%9Di/id1578357109?uo=4,https://podcasters.spotify.com/pod/show/mr-d51
13.49,39,Giáo lý Dự tòng Công giáo,Hoan,vi,https://anchor.fm/s/67f70de8/podcast/rss,https://podcasts.apple.com/us/podcast/gi%C3%A1o-l%C3%BD-d%E1%BB%B1-t%C3%B2ng-c%C3%B4ng-gi%C3%A1o/id1581387479?uo=4,https://podcasters.spotify.com/pod/show/hoan4
13.49,53,Cổ nhạc Việt Nam,SBS,vi,https://feeds.sbs.com.au/co-nhac-viet-nam,https://podcasts.apple.com/us/podcast/c%E1%BB%95-nh%E1%BA%A1c-vi%E1%BB%87t-nam/id1831186332?uo=4,https://www.sbs.com.au/language/vietnamese/vi/podcast/co-nhac-viet-nam
13.44,13,Move by Chan,Chan,vi,https://anchor.fm/s/419077d4/podcast/rss,https://podcasts.apple.com/us/podcast/move-by-chan/id1535811399?uo=4,https://movebychan.com
13.43,38,Phong Phong,Phương,vi,https://anchor.fm/s/73e23344/podcast/rss,https://podcasts.apple.com/us/podcast/phong-phong/id1599190870?uo=4,https://podcasters.spotify.com/pod/show/l-phng
13.42,47,Z Talk Podcast,Prac x Studio,vi,https://anchor.fm/s/6f37c444/podcast/rss,https://podcasts.apple.com/vn/podcast/z-talk-podcast/id1589740913?uo=4,https://www.youtube.com/channel/UCKmth9pbGv2HTzVfamErUFg
13.38,78,Otis Report - Podcast Đầu tư tài chính,Otis Report,vi,https://anchor.fm/s/6682ddd4/podcast/rss,https://podcasts.apple.com/vn/podcast/otis-report-podcast-%C4%91%E1%BA%A7u-t%C6%B0-t%C3%A0i-ch%C3%ADnh/id1586569662?uo=4,https://otis.report
13.37,145,Bách Hoá Viển Vông,Bách Hoá Viển Vông,vi,https://anchor.fm/s/e7a54c08/podcast/rss,https://podcasts.apple.com/us/podcast/b%C3%A1ch-ho%C3%A1-vi%E1%BB%83n-v%C3%B4ng/id1728028525?uo=4,http://chiepclass.com
13.37,28,Tâm sự cùng Ưng Đen,Ưng Đen,vi,https://anchor.fm/s/5f97881c/podcast/rss,https://podcasts.apple.com/vn/podcast/t%C3%A2m-s%E1%BB%B1-c%C3%B9ng-%C6%B0ng-%C4%91en/id1572498291?uo=4,https://podcasters.spotify.com/pod/show/ng-en
13.35,40,MaX Beatz Audio,MaX Beatz Audio,vi,https://anchor.fm/s/112a917f4/podcast/rss,https://podcasts.apple.com/us/podcast/max-beatz-audio/id1896706593?uo=4,https://podcasters.spotify.com/pod/show/yen-kim5
13.35,43,Yêu Bếp Radio,Yêu Bếp Radio,vi,https://anchor.fm/s/65a8f1f0/podcast/rss,https://podcasts.apple.com/vn/podcast/y%C3%AAu-b%E1%BA%BFp-radio/id1578876469?uo=4,http://www.esheepkitchen.com/
13.34,74,Học tiếng Anh cùng SBS,SBS,vi,https://feeds.sbs.com.au/hoc-tieng-anh-cung-sbs,https://podcasts.apple.com/vn/podcast/h%E1%BB%8Dc-ti%E1%BA%BFng-anh-c%C3%B9ng-sbs/id1796725908?uo=4,https://www.sbs.com.au/language/vietnamese/vi/podcast/hoc-tieng-anh-cung-sbs
13.3,23,MARvelous Podcast,Marketing AI,vi,https://anchor.fm/s/749e937c/podcast/rss,https://podcasts.apple.com/vn/podcast/marvelous-podcast/id1616104156?uo=4,https://marketingai.vn/kenh-podcast/
13.2,33,Bậc thầy kể chuyện - Masters of storycraft,TADA LE,en,https://feeds.transistor.fm/b-c-th-y-k-chuy-n-masters-of-storycraft,https://podcasts.apple.com/vn/podcast/b%E1%BA%ADc-th%E1%BA%A7y-k%E1%BB%83-chuy%E1%BB%87n-masters-of-storycraft/id1833886006?uo=4,http://tadale.com
13.2,5,Nhân Vật Wiki,Nhanvatwiki,vi,https://anchor.fm/s/daa33ac4/podcast/rss,https://podcasts.apple.com/vn/podcast/nh%C3%A2n-v%E1%BA%ADt-wiki/id1671284111?uo=4,https://nhanvat.wiki/
13.19,22,DUCK's WIKIPEDIA,DUCKINGDOM,vi,https://anchor.fm/s/54cf1648/podcast/rss,https://podcasts.apple.com/vn/podcast/ducks-wikipedia/id1561090628?uo=4,https://www.facebook.com/Duckingdom180603
13.15,28,Lặng Nhìn Mây Bay,Lặng Nhìn Mây Bay,vi,https://anchor.fm/s/10d4b2900/podcast/rss,https://podcasts.apple.com/vn/podcast/l%E1%BA%B7ng-nh%C3%ACn-m%C3%A2y-bay/id1866294020?uo=4,https://podcasters.spotify.com/pod/show/nhn-su-hiu-thu6
13.14,79,Giá Vàng Online,Giá Vàng Online,vi,https://anchor.fm/s/5bd07824/podcast/rss,https://podcasts.apple.com/vn/podcast/gi%C3%A1-v%C3%A0ng-online/id1568341358?uo=4,https://vangvn.org
13.09,50,Anniethefree,Quynh An,vi,https://anchor.fm/s/e281b310/podcast/rss,https://podcasts.apple.com/vn/podcast/anniethefree/id1697607038?uo=4,https://podcasters.spotify.com/pod/show/anniethefree
13.06,36,Dấn thân Show,Lean In Vietnam,vi,https://anchor.fm/s/2cd35848/podcast/rss,https://podcasts.apple.com/vn/podcast/d%E1%BA%A5n-th%C3%A2n-show/id1528048157?uo=4,https://podcasters.spotify.com/pod/show/danthanshow
13.04,30,Bài học hay,Khánh,vi,https://anchor.fm/s/112ec58c0/podcast/rss,https://podcasts.apple.com/vn/podcast/b%C3%A0i-h%E1%BB%8Dc-hay/id1896801821?uo=4,https://www.youtube.com/@baihochay365
12.98,22,Alo! Ngành kể nè,MarZone Podcast,vi,https://anchor.fm/s/6428c3f0/podcast/rss,https://podcasts.apple.com/us/podcast/alo-ng%C3%A0nh-k%E1%BB%83-n%C3%A8/id1576674690?uo=4,https://www.facebook.com/marzonevlu
12.95,40,Mỗi tuần vài chương,Kim Chung,vi,https://anchor.fm/s/5c7d2e34/podcast/rss,https://podcasts.apple.com/vn/podcast/m%E1%BB%97i-tu%E1%BA%A7n-v%C3%A0i-ch%C6%B0%C6%A1ng/id1572550465?uo=4,https://podcasters.spotify.com/pod/show/nguyn-th-kim-chung
12.9,51,Hà thành hương xưa vị cũ,Hà Thành hương xưa vị cũ,vi,https://anchor.fm/s/bab87918/podcast/rss,https://podcasts.apple.com/vn/podcast/h%C3%A0-th%C3%A0nh-h%C6%B0%C6%A1ng-x%C6%B0a-v%E1%BB%8B-c%C5%A9/id1646579919?uo=4,https://podcasters.spotify.com/pod/show/hathanhhuongxuavicu
12.9,28,"Audio Hồi ký nghệ sĩ Kim Cương - Sống cho người, sống cho mình",Kim Cương,vi,https://anchor.fm/s/8be7d0d4/podcast/rss,https://podcasts.apple.com/vn/podcast/audio-h%E1%BB%93i-k%C3%BD-ngh%E1%BB%87-s%C4%A9-kim-c%C6%B0%C6%A1ng-s%E1%BB%91ng-cho-ng%C6%B0%E1%BB%9Di-s%E1%BB%91ng-cho-m%C3%ACnh/id1616519596?uo=4,https://podcasters.spotify.com/pod/show/kim-cng
12.82,30,How2Money x Doctor Housing,Znews,vi,https://anchor.fm/s/a35b8fd0/podcast/rss,https://podcasts.apple.com/us/podcast/how2money-x-doctor-housing/id1632170620?uo=4,https://www.youtube.com/@ZingPodcast
12.82,28,Bài giảng DSCN,Dưỡng Sinh Cội Nguồn,vi,https://anchor.fm/s/9b5e19ec/podcast/rss,https://podcasts.apple.com/vn/podcast/b%C3%A0i-gi%E1%BA%A3ng-dscn/id1629354282?uo=4,https://podcasters.spotify.com/pod/show/baigiangdscn
12.77,39,Giữa Đại Lộ Cung Ứng,LSC FTU2,vi,https://anchor.fm/s/7e1cd9e0/podcast/rss,https://podcasts.apple.com/vn/podcast/gi%E1%BB%AFa-%C4%91%E1%BA%A1i-l%E1%BB%99-cung-%E1%BB%A9ng/id1605422132?uo=4,https://www.linkedin.com/company/lsc-ftu-2
12.65,51,Explain Nation - The Podcast,Explain Nation,vi,https://anchor.fm/s/427849ec/podcast/rss,https://podcasts.apple.com/us/podcast/explain-nation-the-podcast/id1542813266?uo=4,https://youtube.com/ExplainNation
12.64,31,"Giải Nghĩa và Bài Giảng Sách Khải Huyền - Thời kỳ của Antichrist, Sự Tuận Đạo, Sự Cất Lên và Vương Quốc Ngàn Năm Sắp Xảy Ra Không? ( II )",The New Life Mission,vi,https://feeds.castos.com/6or2d,https://podcasts.apple.com/us/podcast/gi%E1%BA%A3i-ngh%C4%A9a-v%C3%A0-b%C3%A0i-gi%E1%BA%A3ng-s%C3%A1ch-kh%E1%BA%A3i-huy%E1%BB%81n-th%E1%BB%9Di-k%E1%BB%B3-c%E1%BB%A7a/id1658336660?uo=4,https://www.bjnewlife.org/vi/book/bookDetail.php?bidx=705&part=1
12.64,235,Gao ST25 Chinh Hang - Gao Ong Cua,Gạo ST25 Chính Hãng - Gạo Ông Cua,vi,https://anchor.fm/s/e8efdefc/podcast/rss,https://podcasts.apple.com/vn/podcast/gao-st25-chinh-hang-gao-ong-cua/id1713378526?uo=4,https://gaophuongnam.vn
12.61,153,Chị Sophie Kể Chuyện,Sophie Tell Story,vi,https://anchor.fm/s/dbdd25a8/podcast/rss,https://podcasts.apple.com/us/podcast/ch%E1%BB%8B-sophie-k%E1%BB%83-chuy%E1%BB%87n/id1671433065?uo=4,https://podcasters.spotify.com/pod/show/sophie-tell-story
12.59,38,Trí Minh Lê,Trí Minh Lê,vi,https://anchor.fm/s/6b619e30/podcast/rss,https://podcasts.apple.com/vn/podcast/tr%C3%AD-minh-l%C3%AA/id1586653260?uo=4,https://podcasters.spotify.com/pod/show/tr-minh-l
12.58,11,Quán Bar Bí Mật Bittersweet,Nhật Trường,vi,https://anchor.fm/s/664ece18/podcast/rss,https://podcasts.apple.com/vn/podcast/qu%C3%A1n-bar-b%C3%AD-m%E1%BA%ADt-bittersweet/id1580002742?uo=4,https://facebook.com/BittersweetCocktailBar
12.58,32,Nguyễn Hoàng Ngọc Cẩm Tú,Nguyễn Hoàng Ngọc Cẩm Tú,vi,https://anchor.fm/s/10bcf3120/podcast/rss,https://podcasts.apple.com/vn/podcast/nguy%E1%BB%85n-ho%C3%A0ng-ng%E1%BB%8Dc-c%E1%BA%A9m-t%C3%BA/id6806746845?uo=4,https://podcasters.spotify.com/pod/show/tnh-tu---kam-anh
12.57,24,Hài Kịch Truyền Thanh - CVN,CVN Nest,vi,https://anchor.fm/s/934ba88c/podcast/rss,https://podcasts.apple.com/us/podcast/h%C3%A0i-k%E1%BB%8Bch-truy%E1%BB%81n-thanh-cvn/id1638564671?uo=4,https://cvndigital.com/
12.55,61,Phàm Nhân Tu Tiên Truyện,MinH,vi,https://anchor.fm/s/304bdf2c/podcast/rss,https://podcasts.apple.com/us/podcast/ph%C3%A0m-nh%C3%A2n-tu-ti%C3%AAn-truy%E1%BB%87n/id1531496138?uo=4,https://minhiep.com/
12.55,19,Đọc sách cùng Hailey,Khánh Huyền Hoàng,vi,https://anchor.fm/s/481097d8/podcast/rss,https://podcasts.apple.com/vn/podcast/%C4%91%E1%BB%8Dc-s%C3%A1ch-c%C3%B9ng-hailey/id1550231854?uo=4,https://anchor.fm/dashboard
12.55,20,Suy ngẫm cuộc sống &amp;sách,THAO Kiệm lời,vi,https://anchor.fm/s/eab76188/podcast/rss,https://podcasts.apple.com/vn/podcast/suy-ng%E1%BA%ABm-cu%E1%BB%99c-s%E1%BB%91ng-s%C3%A1ch/id1710891289?uo=4,https://podcasters.spotify.com/pod/show/thao-kim-li
12.46,55,Tìm về chính mình,Hồng Anh Nguyễn,vi,https://anchor.fm/s/e2c94acc/podcast/rss,https://podcasts.apple.com/us/podcast/t%C3%ACm-v%E1%BB%81-ch%C3%ADnh-m%C3%ACnh/id1703395309?uo=4,https://podcasters.spotify.com/pod/show/timvechinhminh
12.45,27,Tâm Lý Ơi (Dear Mind),Tâm Lý Ơi ( Dear Mind),vi,https://anchor.fm/s/5b1c3544/podcast/rss,https://podcasts.apple.com/us/podcast/t%C3%A2m-l%C3%BD-%C6%A1i-dear-mind/id1499707700?uo=4,https://podcasters.spotify.com/pod/show/van-tran8
12.4,28,Đọc Sách Thay Bạn,Ơ Kìa! Chang đây nè,vi,https://anchor.fm/s/a55f6d88/podcast/rss,https://podcasts.apple.com/vn/podcast/%C4%91%E1%BB%8Dc-s%C3%A1ch-thay-b%E1%BA%A1n/id1633570037?uo=4,https://www.youtube.com/c/ƠkìaChangđâynè
12.35,47,I Am NGA - Khu vườn ngôn từ,Nga.,vi,https://anchor.fm/s/586170e4/podcast/rss,https://podcasts.apple.com/us/podcast/i-am-nga-khu-v%C6%B0%E1%BB%9Dn-ng%C3%B4n-t%E1%BB%AB/id1662398175?uo=4,https://iamnga.home.blog/
12.29,39,Ler Ther Podcast,Thảo Lê,vi,https://anchor.fm/s/68cfe924/podcast/rss,https://podcasts.apple.com/us/podcast/ler-ther-podcast/id1737179303?uo=4,https://www.youtube.com/channel/UCeuaiwCWmU1D9_eeeaprWgA
12.27,15,Từ Cắt Bì Thuộc Thể Đến Giáo Lý Cầu Nguyện Ăn Năn (I) - Những Bài Giảng Theo Thư Ga-la-ti,The New Life Mission,vi,https://feeds.castos.com/4knw8,https://podcasts.apple.com/vn/podcast/t%E1%BB%AB-c%E1%BA%AFt-b%C3%AC-thu%E1%BB%99c-th%E1%BB%83-%C4%91%E1%BA%BFn-gi%C3%A1o-l%C3%BD-c%E1%BA%A7u-nguy%E1%BB%87n-%C4%83n-n%C4%83n-i/id1669665852?uo=4,https://www.bjnewlife.org/vi/book/bookDetail.php?bidx=717&part=1&findLang=Vietnamese
12.25,49,Dòng Chảy Công Nghệ,ACDT,vi,https://raw.githubusercontent.com/techukr/podcastRSS-vi/main/rss.xml,https://podcasts.apple.com/vn/podcast/d%C3%B2ng-ch%E1%BA%A3y-c%C3%B4ng-ngh%E1%BB%87/id1895501187?uo=4,https://raw.githubusercontent.com/techukr/podcastRSS-vi/main/rss.xml
12.16,49,KHƠI NGUỒN CẢM HỨNG HTV7,NewZ,vi,https://anchor.fm/s/b4438730/podcast/rss,https://podcasts.apple.com/vn/podcast/kh%C6%A1i-ngu%E1%BB%93n-c%E1%BA%A3m-h%E1%BB%A9ng-htv7/id1682194966?uo=4,https://youtube.com/playlist?list=PL0tXp53SNyUfSVSpNMYgmsGs5M13Y_3gV
12.15,93,Chuyện Xưa Cho Dễ Ngủ,An Giấc,en-us,https://www.patreon.com/public-rss/15854196?show=2109881,https://podcasts.apple.com/us/podcast/chuy%E1%BB%87n-x%C6%B0a-cho-d%E1%BB%85-ng%E1%BB%A7/id1895311578?uo=4,https://www.patreon.com/collection/2109881
12.15,101,Linhthinkslinhtinh,Khanh Linh,vi,http://rss.castbox.fm/everest/9c2dd1c0e0a24ee883ab945b17a17c9f.xml,https://podcasts.apple.com/vn/podcast/linhthinkslinhtinh/id1579289474?uo=4,https://castbox.fm/ch/3706508
12.14,34,CHUYỆN KỂ OLOGY,Hoangology English,vi,https://anchor.fm/s/71286434/podcast/rss,https://podcasts.apple.com/us/podcast/chuy%E1%BB%87n-k%E1%BB%83-ology/id1592289771?uo=4,http://hoangtoeic.com/
12.1,73,Nhà Đầu Tư Thông Minh,Nhà Đầu Tư Thông Minh,vi,https://anchor.fm/s/6295c90c/podcast/rss,https://podcasts.apple.com/vn/podcast/nh%C3%A0-%C4%91%E1%BA%A7u-t%C6%B0-th%C3%B4ng-minh/id1575395513?uo=4,https://podcasters.spotify.com/pod/show/nhadaututhongminh
12.09,21,Đối Thoại,Trang và Xê,vi,https://anchor.fm/s/2e6854d8/podcast/rss,https://podcasts.apple.com/vn/podcast/%C4%91%E1%BB%91i-tho%E1%BA%A1i/id1561651296?uo=4,https://podcasters.spotify.com/pod/show/tracy135
12.07,71,Người dẫn dắt Chuyện Nhặt,Tâm lý học dễ hiểu,vi,https://anchor.fm/s/b54296e4/podcast/rss,https://podcasts.apple.com/vn/podcast/ng%C6%B0%E1%BB%9Di-d%E1%BA%ABn-d%E1%BA%AFt-chuy%E1%BB%87n-nh%E1%BA%B7t/id1674717408?uo=4,https://podcasters.spotify.com/pod/show/nguoidandatchuyennhat
12.02,87,Tìm hiểu nước Úc,SBS,vi,https://sbs-ondemand.streamguys1.com/huong-dan-dinh-cu/,https://podcasts.apple.com/vn/podcast/t%C3%ACm-hi%E1%BB%83u-n%C6%B0%E1%BB%9Bc-%C3%BAc/id1721476059?uo=4,https://www.sbs.com.au/language/vietnamese/vi/podcast/australia-explained-vietnamese
11.96,143,TOPMAT - Chuyên gia vật liệu,TOPMAT,vi,https://anchor.fm/s/f8471a14/podcast/rss,https://podcasts.apple.com/us/podcast/topmat-chuy%C3%AAn-gia-v%E1%BA%ADt-li%E1%BB%87u/id1756063898?uo=4,https://topmatstore.vn/
11.91,63,Ghi-đông Radio,#ghiđông,vi,https://anchor.fm/s/515b097c/podcast/rss,https://podcasts.apple.com/us/podcast/ghi-%C4%91%C3%B4ng-radio/id1564592490?uo=4,https://www.facebook.com/ghidongpodcast
11.9,45,EM 19,Nguyệt Anh,vi,https://anchor.fm/s/654f6f7c/podcast/rss,https://podcasts.apple.com/vn/podcast/em-19/id1578911599?uo=4,https://podcasters.spotify.com/pod/show/anh-nguyn-nguyt
11.87,32,Giọng ca Việt Úc,SBS,vi,https://feeds.sbs.com.au/giong-ca-viet-uc,https://podcasts.apple.com/us/podcast/gi%E1%BB%8Dng-ca-vi%E1%BB%87t-%C3%BAc/id1868596227?uo=4,https://www.sbs.com.au/language/vietnamese/vi/podcast/giong-ca-viet-uc
11.76,42,VnExpress Podcasts: Tôi kể,VnExpress,vi-vn,https://vnexpress.net/rss/podcast/toi-ke.rss,https://podcasts.apple.com/us/podcast/vnexpress-podcasts-t%C3%B4i-k%E1%BB%83/id1723267943?uo=4,https://vnexpress.net/vne-go/podcast/toi-ke
11.75,67,Bảo Dưỡng Cơ Khí,Nguyễn Thanh Sơn,vi,https://anchor.fm/s/7cf85fa8/podcast/rss,https://podcasts.apple.com/vn/podcast/b%E1%BA%A3o-d%C6%B0%E1%BB%A1ng-c%C6%A1-kh%C3%AD/id1604510157?uo=4,https://www.baoduongcokhi.com
11.66,35,Thiền 21 ngày – Kiến tạo sức mạnh từ sự tĩnh tại,Soul Coach,vi,https://anchor.fm/s/109330018/podcast/rss,https://podcasts.apple.com/vn/podcast/thi%E1%BB%81n-21-ng%C3%A0y-ki%E1%BA%BFn-t%E1%BA%A1o-s%E1%BB%A9c-m%E1%BA%A1nh-t%E1%BB%AB-s%E1%BB%B1-t%C4%A9nh-t%E1%BA%A1i/id1838855110?uo=4,https://soulcoach.vn/
11.65,44,Business Pilates Vietnam Podcast,Nutrifort Academy,vi,https://anchor.fm/s/f1e752ec/podcast/rss,https://podcasts.apple.com/us/podcast/business-pilates-vietnam-podcast/id1736447620?uo=4,https://www.nutrifort-academy.com/
11.62,38,Nhân vật chính,nhân vật chính,vi,https://anchor.fm/s/e22ee4a0/podcast/rss,https://podcasts.apple.com/vn/podcast/nh%C3%A2n-v%E1%BA%ADt-ch%C3%ADnh/id1691786528?uo=4,NhanVatChinh.com
11.56,12,Healthier Happier,Vietsuccess,vi,https://anchor.fm/s/10a8a4318/podcast/rss,https://podcasts.apple.com/us/podcast/healthier-happier/id1846797608?uo=4,https://podcasters.spotify.com/pod/show/healthierhappier
11.56,21,Bói Tâm,Minh Niệm,vi,https://anchor.fm/s/10da45840/podcast/rss,https://podcasts.apple.com/us/podcast/b%C3%B3i-t%C3%A2m/id1868289614?uo=4,https://mientinhthuc.vn/
11.55,41,Game Đào Tạo,Game Đào Tạo,vi,https://anchor.fm/s/5dca8624/podcast/rss,https://podcasts.apple.com/us/podcast/game-%C4%91%C3%A0o-t%E1%BA%A1o/id1572085892?uo=4,https://www.gamedaotao.vn
11.52,37,The Optics by The IELTS Workshop,The IELTS Workshop,vi,https://anchor.fm/s/db56fde8/podcast/rss,https://podcasts.apple.com/vn/podcast/the-optics-by-the-ielts-workshop/id1675811444?uo=4,https://onthiielts.com.vn/
11.5,102,Học tiếng Trung cùng Wang Long - Learn Chinese with Wang Long,王俊龙,zh-cn,https://anchor.fm/s/8c2bda04/podcast/rss,https://podcasts.apple.com/us/podcast/h%E1%BB%8Dc-ti%E1%BA%BFng-trung-c%C3%B9ng-wang-long-learn-chinese-with-wang-long/id1616762661?uo=4,https://podcasters.spotify.com/pod/show/wang-jun-long-666
11.5,66,365 Ngày Với Các Gia Đình,Truyền Thông Dòng Tên,vi,https://anchor.fm/s/10fc214a0/podcast/rss,https://podcasts.apple.com/us/podcast/365-ng%C3%A0y-v%E1%BB%9Bi-c%C3%A1c-gia-%C4%91%C3%ACnh/id1884242992?uo=4,https://podcasters.spotify.com/pod/show/truyn-thng-dng-tn8
11.49,10,Chân Lý Cuộc Sống - Những lời Phật dạy - WAVES,Chân Lý Cuộc Sống & Waves,vi-vn,https://pinecast.com/feed/chan-ly-cuoc-song,https://podcasts.apple.com/us/podcast/ch%C3%A2n-l%C3%BD-cu%E1%BB%99c-s%E1%BB%91ng-nh%E1%BB%AFng-l%E1%BB%9Di-ph%E1%BA%ADt-d%E1%BA%A1y-waves/id1492423068?uo=4,https://waves8.com
11.46,38,Thanh Niên Tin Lành Podcast,Khối Thanh Niên TLH HTTLVN,vi,https://anchor.fm/s/6f22cabc/podcast/rss,https://podcasts.apple.com/vn/podcast/thanh-ni%C3%AAn-tin-l%C3%A0nh-podcast/id1593967688?uo=4,https://khoithanhnientinlanh.bio.link/
11.43,76,LỜI PHẬT DẠY - MỞ KHÓA SỨC MẠNH TRÍ TUỆ CỦA ĐỨC PHẬT VỚI NHỮNG BÀI HỌC ẤN TƯỢNG,Phòng Thu Âm Ninh Kiều (NK Recording Studio),vi,https://anchor.fm/s/f7e712e0/podcast/rss,https://podcasts.apple.com/us/podcast/l%E1%BB%9Di-ph%E1%BA%ADt-d%E1%BA%A1y-m%E1%BB%9F-kh%C3%B3a-s%E1%BB%A9c-m%E1%BA%A1nh-tr%C3%AD-tu%E1%BB%87-c%E1%BB%A7a-%C4%91%E1%BB%A9c-ph%E1%BA%ADt/id1756223655?uo=4,http://www.nkpro.top
11.42,581,Cửa hàng Đệm Xinh Luxury,demxinhluxury,vi-vn,https://demxinh.vn/podcast/,https://podcasts.apple.com/us/podcast/c%E1%BB%ADa-h%C3%A0ng-%C4%91%E1%BB%87m-xinh-luxury/id1652431071?uo=4,https://demxinh.vn
11.42,36,ĐẬU CÔNG HIỆP,Đậu Công Hiệp,vi,https://anchor.fm/s/6267ec08/podcast/rss,https://podcasts.apple.com/us/podcast/%C4%91%E1%BA%ADu-c%C3%B4ng-hi%E1%BB%87p/id1577720289?uo=4,https://podcasters.spotify.com/pod/show/u-cng-hip
11.38,60,Viện Đào tạo Montessori Canada,FOLLOW THE CHILD,vi,https://anchor.fm/s/6b5ab638/podcast/rss,https://podcasts.apple.com/vn/podcast/vi%E1%BB%87n-%C4%91%C3%A0o-t%E1%BA%A1o-montessori-canada/id1587676210?uo=4,https://podcasters.spotify.com/pod/show/vin-o-to-montessori-canada
11.31,136,Bưu điện Việt Nam - Vietnam Post,Bưu điện Việt Nam - Vietnam Post,vi,https://anchor.fm/s/bdfca734/podcast/rss,https://podcasts.apple.com/vn/podcast/b%C6%B0u-%C4%91i%E1%BB%87n-vi%E1%BB%87t-nam-vietnam-post/id1688493911?uo=4,https://vietnampost.vn/
11.28,14,lắng &amp; nghe,Cam,vi,https://anchor.fm/s/4bb1bdf4/podcast/rss,https://podcasts.apple.com/vn/podcast/l%E1%BA%AFng-nghe/id1554305766?uo=4,https://thovaviet.wordpress.com
11.27,29,Hạt Mầm Hiểu Biết,Hạt Mầm Hiểu Biết,vi,https://anchor.fm/s/10d4055e8/podcast/rss,https://podcasts.apple.com/vn/podcast/h%E1%BA%A1t-m%E1%BA%A7m-hi%E1%BB%83u-bi%E1%BA%BFt/id1865771914?uo=4,https://podcasters.spotify.com/pod/show/hat-mam-hieu-biet
11.27,35,Giả thuyết kiến trúc,Bùi Thúc Đạt,vi,https://anchor.fm/s/9074ed30/podcast/rss,https://podcasts.apple.com/vn/podcast/gi%E1%BA%A3-thuy%E1%BA%BFt-ki%E1%BA%BFn-tr%C3%BAc/id1680381085?uo=4,https://podcasters.spotify.com/pod/show/thuc-dat-bui
11.27,68,CONG TY TNHH CHUYEN PHAT NHANH QUOC TE NHAT MINH EXPRESS,Nhật Minh Express,vi,https://anchor.fm/s/10c9d9b50/podcast/rss,https://podcasts.apple.com/vn/podcast/cong-ty-tnhh-chuyen-phat-nhanh-quoc-te-nhat-minh-express/id1862131266?uo=4,https://nhatminhexpress.com/
11.23,174,Truyện ngắn 100 chữ,100 Words Story,vi,https://anchor.fm/s/62988444/podcast/rss,https://podcasts.apple.com/vn/podcast/truy%E1%BB%87n-ng%E1%BA%AFn-100-ch%E1%BB%AF/id1579805875?uo=4,https://podcasters.spotify.com/pod/show/truyenngan100chu
11.22,49,Small Great Days,Thanh Văn,vi,https://anchor.fm/s/fab95e4c/podcast/rss,https://podcasts.apple.com/vn/podcast/small-great-days/id1822220184?uo=4,https://podcasters.spotify.com/pod/show/small-great-days
11.21,18,The Next Power,VnExpress x S-World,vi,https://anchor.fm/s/96fc178c/podcast/rss,https://podcasts.apple.com/vn/podcast/the-next-power/id1623841698?uo=4,https://podcasters.spotify.com/pod/show/thenextpower
11.13,65,Học Giỏi Phát Âm Giọng Mỹ Trong 60 Ngày,Phát Âm Hay,vi,https://rss.buzzsprout.com/1355833.rss,https://podcasts.apple.com/us/podcast/h%E1%BB%8Dc-gi%E1%BB%8Fi-ph%C3%A1t-%C3%A2m-gi%E1%BB%8Dng-m%E1%BB%B9-trong-60-ng%C3%A0y/id1532441942?uo=4,https://phatamhay.com/
11.13,141,Trong Suốt,Trong Suốt,vi,https://rss.buzzsprout.com/1925530.rss,https://podcasts.apple.com/us/podcast/trong-su%E1%BB%91t/id1606768637?uo=4,https://www.buzzsprout.com/1925530
11.11,46,Nhà Sala - Mình nghe đây,Sala Tâm,vi,https://anchor.fm/s/69e8b138/podcast/rss,https://podcasts.apple.com/vn/podcast/nh%C3%A0-sala-m%C3%ACnh-nghe-%C4%91%C3%A2y/id1585550153?uo=4,https://podcasters.spotify.com/pod/show/nhasala
11.1,11,Be Well Tribe - Tộc Sống Ốt,Tra Ngan,en,https://anchor.fm/s/544ac924/podcast/rss,https://podcasts.apple.com/vn/podcast/be-well-tribe-t%E1%BB%99c-s%E1%BB%91ng-%E1%BB%91t/id1567226188?uo=4,https://podcasters.spotify.com/pod/show/bewelltribe
11.06,22,Vân Anh Podcast,Vân Anh Podcast,vi,https://anchor.fm/s/10348a644/podcast/rss,https://podcasts.apple.com/us/podcast/v%C3%A2n-anh-podcast/id1806597610?uo=4,https://podcasters.spotify.com/pod/show/vananhpodcast
11.06,61,Easy Peasy Vietnamesy,Trâm Mai,vi,https://anchor.fm/s/4b455bdc/podcast/rss,https://podcasts.apple.com/vn/podcast/easy-peasy-vietnamesy/id1552594114?uo=4,https://www.easypeasyvietnamesy.com/media
11.05,60,Hậu Tiếp Thị,Phạm Đức Hậu,vi,https://anchor.fm/s/5dc5fc6c/podcast/rss,https://podcasts.apple.com/us/podcast/h%E1%BA%ADu-ti%E1%BA%BFp-th%E1%BB%8B/id1570692271?uo=4,https://hauwebs.net/
11.05,15,Phúc Âm thật,Mục vụ Tiên Phong – Tien Phong Ministries,vi,https://anchor.fm/s/10a4007f8/podcast/rss,https://podcasts.apple.com/vn/podcast/ph%C3%BAc-%C3%A2m-th%E1%BA%ADt/id1844964992?uo=4,https://tienphong.org
11.04,124,Thực Đơn Eat Clean,Thực Đơn Eat Clean,vi,https://anchor.fm/s/e07cdd4c/podcast/rss,https://podcasts.apple.com/us/podcast/th%E1%BB%B1c-%C4%91%C6%A1n-eat-clean/id1685794703?uo=4,https://thucdoneatclean.net/
11.04,21,NHỮNG BÀI GIẢNG THEO PHÚC ÂM MA-THI-Ơ (I)-KHI NÀO CƠ-ĐỐC-NHÂN CÓ TRÒ CHUYỆN THÂN MẬT VỚI CHÚA?,The New Life Mission,vi,https://feeds.castos.com/4k3zo,https://podcasts.apple.com/vn/podcast/nh%E1%BB%AFng-b%C3%A0i-gi%E1%BA%A3ng-theo-ph%C3%BAc-%C3%A2m-ma-thi-%C6%A1-i-khi-n%C3%A0o-c%C6%A1/id1658485634?uo=4,https://www.bjnewlife.org/vi/book/bookDetail.php?bidx=709&part=1
10.96,37,Mita Tran,Mita Tran,vi,https://anchor.fm/s/633b9e2c/podcast/rss,https://podcasts.apple.com/us/podcast/mita-tran/id1576693864?uo=4,http://www.mitatran.com
10.92,74,Anhemcee,Anhemcee,vi,https://anchor.fm/s/4edd0a88/podcast/rss,https://podcasts.apple.com/us/podcast/anhemcee/id1556014561?uo=4,https://podcasters.spotify.com/pod/show/anhemcee21
10.91,16,Chuyện Dân Gian Và Tâm Linh | Kể Chuyện Ma,Giang Sơn,vi,https://anchor.fm/s/11633e368/podcast/rss,https://podcasts.apple.com/us/podcast/chuy%E1%BB%87n-d%C3%A2n-gian-v%C3%A0-t%C3%A2m-linh-k%E1%BB%83-chuy%E1%BB%87n-ma/id6802800318?uo=4,https://podcasters.spotify.com/pod/show/giang-sn7
10.91,99,Bạn có bị ốm và mệt mỏi vì bị ốm và mệt mỏi không?,Paul Steen,vi-vn,https://feeds.castos.com/2ngjj,https://podcasts.apple.com/vn/podcast/b%E1%BA%A1n-c%C3%B3-b%E1%BB%8B-%E1%BB%91m-v%C3%A0-m%E1%BB%87t-m%E1%BB%8Fi-v%C3%AC-b%E1%BB%8B-%E1%BB%91m-v%C3%A0-m%E1%BB%87t-m%E1%BB%8Fi-kh%C3%B4ng/id1703173290?uo=4,https://are-you-sick-and-tired-of-being-sick-and-tired-vietnamese.castos.com
10.86,53,Aki Nguyễn|Dạy con bằng Kỷ Luật Mềm,NGUYEN THI THU,vi,https://anchor.fm/s/7ce334e8/podcast/rss,https://podcasts.apple.com/vn/podcast/aki-nguy%E1%BB%85n-d%E1%BA%A1y-con-b%E1%BA%B1ng-k%E1%BB%B7-lu%E1%BA%ADt-m%E1%BB%81m/id1604490037?uo=4,https://akinguyen.vn
10.81,14,suy thành tiếng 🗣,Đài yáp thanh Suy thành tiếng 🗣️,vi,https://anchor.fm/s/101ebc7b8/podcast/rss,https://podcasts.apple.com/vn/podcast/suy-th%C3%A0nh-ti%E1%BA%BFng/id1813263170?uo=4,https://podcasters.spotify.com/pod/show/suythanhtieng
10.8,57,Thực Hành Thai Giáo,Thực Hành Thai Giáo,vi,https://anchor.fm/s/da73b3f8/podcast/rss,https://podcasts.apple.com/us/podcast/th%E1%BB%B1c-h%C3%A0nh-thai-gi%C3%A1o/id1676952815?uo=4,https://dothanhhuyen.com/
10.8,38,Lớn hơn hoặc bằng,Minh,vi,https://anchor.fm/s/c1d31654/podcast/rss,https://podcasts.apple.com/us/podcast/l%E1%BB%9Bn-h%C6%A1n-ho%E1%BA%B7c-b%E1%BA%B1ng/id1679928727?uo=4,https://podcasters.spotify.com/pod/show/lonhonhoacbang
10.78,16,Từ Cắt Bì Thuộc Thể Đến Giáo Lý Cầu Nguyện Ăn Năn (I): - Những Bài Giảng Theo Thư Ga-la-ti,The New Life Mission,vi,https://feeds.castos.com/2ngdn,https://podcasts.apple.com/vn/podcast/t%E1%BB%AB-c%E1%BA%AFt-b%C3%AC-thu%E1%BB%99c-th%E1%BB%83-%C4%91%E1%BA%BFn-gi%C3%A1o-l%C3%BD-c%E1%BA%A7u-nguy%E1%BB%87n-%C4%83n-n%C4%83n-i/id1694073934?uo=4,https://www.bjnewlife.org/vi/book/bookDetail.php?bidx=718&part=1&findLang=Vietnamese
10.75,41,Tâm Sự Nhà Đất,Tâm Sự Nhà Đất TV,vi,https://anchor.fm/s/5cd9f628/podcast/rss,https://podcasts.apple.com/vn/podcast/t%C3%A2m-s%E1%BB%B1-nh%C3%A0-%C4%91%E1%BA%A5t/id1569793875?uo=4,https://podcasters.spotify.com/pod/show/tamsunhadat
10.74,25,Một Cuộc Đời Đáng Sống,Katherine Nguyen,vi,https://anchor.fm/s/e7841fd8/podcast/rss,https://podcasts.apple.com/vn/podcast/m%E1%BB%99t-cu%E1%BB%99c-%C4%91%E1%BB%9Di-%C4%91%C3%A1ng-s%E1%BB%91ng/id1714038533?uo=4,https://www.katherinenguyen.net/
10.72,86,SBS Examines bằng tiếng Việt,SBS,vi,https://feeds.sbs.com.au/sbs-examines-vietnamese,https://podcasts.apple.com/us/podcast/sbs-examines-b%E1%BA%B1ng-ti%E1%BA%BFng-vi%E1%BB%87t/id1776750408?uo=4,https://www.sbs.com.au/language/vietnamese/vi/podcast/sbs-examines-vietnamese
10.71,45,VnExpress Podcasts: Sống khoẻ,VnExpress,vi,https://feeds.acast.com/public/shows/vnexpress-podcasts-song-khoe,https://podcasts.apple.com/vn/podcast/vnexpress-podcasts-s%E1%BB%91ng-kho%E1%BA%BB/id1512735642?uo=4,https://shows.acast.com/vnexpress-podcast-sng-kho
10.65,11,UAN Marketing Podcast,Cộng Đồng UAN Marketing,vi,https://anchor.fm/s/e4e20cf4/podcast/rss,https://podcasts.apple.com/vn/podcast/uan-marketing-podcast/id1698253320?uo=4,https://uan.vn
10.64,16,Trẻ Người Nonstop,Rising Vietnam,vi,https://anchor.fm/s/e13cc6fc/podcast/rss,https://podcasts.apple.com/vn/podcast/tr%E1%BA%BB-ng%C6%B0%E1%BB%9Di-nonstop/id1687233579?uo=4,https://podcasters.spotify.com/pod/show/trenguoinonstop
10.62,27,Giải tỏa stress bằng Thiền tỉnh thức,Giải tỏa stress bằng Thiền tỉnh thức,vi,https://anchor.fm/s/656890b0/podcast/rss,https://podcasts.apple.com/us/podcast/gi%E1%BA%A3i-t%E1%BB%8Fa-stress-b%E1%BA%B1ng-thi%E1%BB%81n-t%E1%BB%89nh-th%E1%BB%A9c/id1578915026?uo=4,https://linktr.ee/giaitoastress
10.62,16,Cát Ngọc Official,Cát Ngọc,vi,https://anchor.fm/s/214a96d0/podcast/rss,https://podcasts.apple.com/us/podcast/c%C3%A1t-ng%E1%BB%8Dc-official/id1515454125?uo=4,https://truongcatngoc.com/
10.62,10,ĐỀN TẠM: Một Hình Bóng Chi Tiết về Đức Chúa Jêsus Christ (Ⅰ),The New Life Mission,vi,https://feeds.castos.com/wxr1m,https://podcasts.apple.com/vn/podcast/%C4%91%E1%BB%81n-t%E1%BA%A1m-m%E1%BB%99t-h%C3%ACnh-b%C3%B3ng-chi-ti%E1%BA%BFt-v%E1%BB%81-%C4%91%E1%BB%A9c-ch%C3%BAa-j%C3%AAsus-christ/id1658336807?uo=4,https://www.bjnewlife.org/vi/book/bookDetail.php?bidx=706&part=1
10.6,85,I Am - Tôi Là,Tam Le,vi,https://anchor.fm/s/bb347a04/podcast/rss,https://podcasts.apple.com/vn/podcast/i-am-t%C3%B4i-l%C3%A0/id1646792259?uo=4,https://podcasters.spotify.com/pod/show/tam-le2
10.58,25,1 chút ánh ngọc,@_lightpearl,vi,https://anchor.fm/s/e79f3250/podcast/rss,https://podcasts.apple.com/us/podcast/1-ch%C3%BAt-%C3%A1nh-ng%E1%BB%8Dc/id1840138475?uo=4,https://www.tiktok.com/@ngoclamnguoilon?_t=8i7RXzJbAqg&_r=1
10.58,34,Sinh ra từ ngõ,Những câu chuyện độc thoại của Link Po,vi,https://anchor.fm/s/7f3d25c8/podcast/rss,https://podcasts.apple.com/us/podcast/sinh-ra-t%E1%BB%AB-ng%C3%B5/id1636837937?uo=4,https://theblueexpat.com/
10.56,8,Bách hợp audio,https://www.docbangtai.com,en,https://anchor.fm/s/c0349d4/podcast/rss,https://podcasts.apple.com/us/podcast/b%C3%A1ch-h%E1%BB%A3p-audio/id1468299611?uo=4,https://www.docbangtai.com/
10.56,21,The Peace Project - Vùng Bình An,The Peace Project,vi,https://anchor.fm/s/ddfbfecc/podcast/rss,https://podcasts.apple.com/vn/podcast/the-peace-project-v%C3%B9ng-b%C3%ACnh-an/id1682932487?uo=4,https://linktr.ee/thepeaceprojectvn?utm_source=linktree_profile_share&ltsid=a35e83cd-cddf-4dc0-ada5-1d3ca6c2e62f
10.55,45,Văn học thiếu nhi,VNPodcast,vi-vi,https://anchor.fm/s/f5a0e434/podcast/rss,https://podcasts.apple.com/us/podcast/v%C4%83n-h%E1%BB%8Dc-thi%E1%BA%BFu-nhi/id1449748084?uo=4,https://feeds.acast.com/public/shows/vanhocthieunhi
10.54,14,Paul C. Jong Phát Triển Thuộc Linh Loạt Bài 4 - Thư Giăng Thứ Nhất (Ⅱ),The New Life Mission,vi,https://feeds.castos.com/jdm2d,https://podcasts.apple.com/us/podcast/paul-c-jong-ph%C3%A1t-tri%E1%BB%83n-thu%E1%BB%99c-linh-lo%E1%BA%A1t-b%C3%A0i-4-th%C6%B0-gi%C4%83ng-th%E1%BB%A9-nh%E1%BA%A5t/id1674344468?uo=4,https://www.bjnewlife.org/vi/book/bookDetail.php?bidx=716&part=1&findLang=Vietnamese
10.54,24,Huyen Expat,Huyen Expat,vi,https://anchor.fm/s/4ff42eb0/podcast/rss,https://podcasts.apple.com/vn/podcast/huyen-expat/id1614184945?uo=4,https://podcasters.spotify.com/pod/show/huyen-expat
10.52,78,Vy Cầm Radio,Vy Cầm,vi,https://anchor.fm/s/58b4a228/podcast/rss,https://podcasts.apple.com/us/podcast/vy-c%E1%BA%A7m-radio/id1567654612?uo=4,https://www.facebook.com/lifebetweentlines
10.52,25,Bui Minh Sang audio experience,Bùi Minh Sáng,vi,https://anchor.fm/s/1a323b50/podcast/rss,https://podcasts.apple.com/vn/podcast/bui-minh-sang-audio-experience/id1505453389?uo=4,https://podcasters.spotify.com/pod/show/buiminhsang
10.48,50,Thời sự quốc tế - VOA,VOA,vi,https://www.voatiengviet.com/podcast/?count=50&zoneId=1952,https://podcasts.apple.com/us/podcast/th%E1%BB%9Di-s%E1%BB%B1-qu%E1%BB%91c-t%E1%BA%BF-voa/id297403685?uo=4,https://www.voatiengviet.com/z/1952
10.48,43,Phật Tử Thiên Địa Du Ký,PMTL.SITE,vi,https://www.spreaker.com/show/6422707/episodes/feed,https://podcasts.apple.com/vn/podcast/ph%E1%BA%ADt-t%E1%BB%AD-thi%C3%AAn-%C4%91%E1%BB%8Ba-du-k%C3%BD/id1869204092?uo=4,https://www.spreaker.com/podcast/phat-tu-thien-dia-du-ky--6422707
10.48,28,cô bạn hafnh.,cô bạn hafnh.,vi,https://anchor.fm/s/5f051900/podcast/rss,https://podcasts.apple.com/vn/podcast/c%C3%B4-b%E1%BA%A1n-hafnh/id1571951702?uo=4,https://m.facebook.com/profile.php?id=1956305314395931&ref=content_filter
10.44,12,ĐỀN TẠM: Một Hình Bóng Chi Tiết về Đức Chúa Jêsus Christ (Ⅱ),The New Life Mission,vi,https://feeds.castos.com/4k35d,https://podcasts.apple.com/vn/podcast/%C4%91%E1%BB%81n-t%E1%BA%A1m-m%E1%BB%99t-h%C3%ACnh-b%C3%B3ng-chi-ti%E1%BA%BFt-v%E1%BB%81-%C4%91%E1%BB%A9c-ch%C3%BAa-j%C3%AAsus-christ/id1658336664?uo=4,https://www.bjnewlife.org/vi/book/bookDetail.php?bidx=707&part=1
10.43,39,Bước Vào Thế Giới Của Con,Sakura Montessori,vi,https://anchor.fm/s/b538871c/podcast/rss,https://podcasts.apple.com/vn/podcast/b%C6%B0%E1%BB%9Bc-v%C3%A0o-th%E1%BA%BF-gi%E1%BB%9Bi-c%E1%BB%A7a-con/id1647311898?uo=4,https://podcasters.spotify.com/pod/show/buoc-vao-the-gioi-cua-con
10.41,12,BẠN ĐÃ THẬT SỰ ĐƯỢC SANH LẠI BẰNG NƯỚC VÀ THÁNH LINH CHƯA? [Ấn bản sửa đổi mới],The New Life Mission,vi,https://feeds.castos.com/8rn1j,https://podcasts.apple.com/vn/podcast/b%E1%BA%A1n-%C4%91%C3%A3-th%E1%BA%ADt-s%E1%BB%B1-%C4%91%C6%B0%E1%BB%A3c-sanh-l%E1%BA%A1i-b%E1%BA%B1ng-n%C6%B0%E1%BB%9Bc-v%C3%A0-th%C3%A1nh-linh/id1658240599?uo=4,https://www.bjnewlife.org/en/book/bookDetail.php?bidx=699&part=1
10.41,14,Bàn chữ S,Viện iSEE,vi,https://anchor.fm/s/6a9b56d0/podcast/rss,https://podcasts.apple.com/vn/podcast/b%C3%A0n-ch%E1%BB%AF-s/id1588244737?uo=4,https://podcasters.spotify.com/pod/show/vien-isee
10.39,57,Ngọc Morning,Ngọc Morning,vi,https://anchor.fm/s/39b45210/podcast/rss,https://podcasts.apple.com/us/podcast/ng%E1%BB%8Dc-morning/id1534404165?uo=4,https://ngocmorning.com/
10.39,29,Chia sẻ sau Murli,Brahma Kumaris Việt Nam,vi,https://anchor.fm/s/e34424cc/podcast/rss,https://podcasts.apple.com/vn/podcast/chia-s%E1%BA%BB-sau-murli/id1691031291?uo=4,https://brahmakumarisvietnam.com/
10.34,40,Cô Gái Nông Dân,Co Gai Nong Dan,vi,https://anchor.fm/s/609db22c/podcast/rss,https://podcasts.apple.com/vn/podcast/c%C3%B4-g%C3%A1i-n%C3%B4ng-d%C3%A2n/id1573365330?uo=4,https://podcasters.spotify.com/pod/show/cogainongdan
10.33,50,Hearty plant doctor,Thái Bình,vi,https://anchor.fm/s/62b0e1c4/podcast/rss,https://podcasts.apple.com/us/podcast/hearty-plant-doctor/id1585976232?uo=4,https://podcasters.spotify.com/pod/show/trn-thi-bnh
10.33,56,Siu daily story,Siuiu,vi,https://anchor.fm/s/6ade6538/podcast/rss,https://podcasts.apple.com/us/podcast/siu-daily-story/id1586152070?uo=4,https://podcasters.spotify.com/pod/show/hong-nhung
10.29,10,CHÂN NHƯ THỰC TẠI - THI KỆ VẤN ĐÁP (Sách nói),Thầy Viên Minh,vi,https://anchor.fm/s/102b6be50/podcast/rss,https://podcasts.apple.com/us/podcast/ch%C3%A2n-nh%C6%B0-th%E1%BB%B1c-t%E1%BA%A1i-thi-k%E1%BB%87-v%E1%BA%A5n-%C4%91%C3%A1p-s%C3%A1ch-n%C3%B3i/id1803619320?uo=4,http://trungtamhotong.org/
10.29,20,Thiền 21 ngày - HIỆN THÂN CỦA GIẢI PHÁP,Soul Coach,vi,https://anchor.fm/s/1111ecc1c/podcast/rss,https://podcasts.apple.com/vn/podcast/thi%E1%BB%81n-21-ng%C3%A0y-hi%E1%BB%87n-th%C3%A2n-c%E1%BB%A7a-gi%E1%BA%A3i-ph%C3%A1p/id1891193098?uo=4,https://soulcoach.vn
10.28,36,Thanh Alice Podcast,Thanh Alice,vi,https://anchor.fm/s/6c06d198/podcast/rss,https://podcasts.apple.com/us/podcast/thanh-alice-podcast/id1587022242?uo=4,https://thanhalice.com
10.24,828,Bình Thiên,Bình Thiên,vi,https://anchor.fm/s/110f586e0/podcast/rss,https://podcasts.apple.com/vn/podcast/b%C3%ACnh-thi%C3%AAn/id1895231141?uo=4,https://podcasters.spotify.com/pod/show/bnh-thin8
10.2,11,SÁNG MẮT CHƯA PODCAST,My Van va Nanh Duong,vi,https://anchor.fm/s/65def160/podcast/rss,https://podcasts.apple.com/vn/podcast/s%C3%A1ng-m%E1%BA%AFt-ch%C6%B0a-podcast/id1585382652?uo=4,https://podcasters.spotify.com/pod/show/sng-mt-cha-podcast
10.19,16,"Những Bài Giảng theo Phúc Âm Giăng (Ⅰ) - Tình Yêu Của Đức Chúa Trời Được Khải Thị Qua Đức Chúa Jêsus, Con Độc Sanh Của Ngài (Ⅰ)",The New Life Mission,vi,https://feeds.castos.com/p4d97,https://podcasts.apple.com/vn/podcast/nh%E1%BB%AFng-b%C3%A0i-gi%E1%BA%A3ng-theo-ph%C3%BAc-%C3%A2m-gi%C4%83ng-t%C3%ACnh-y%C3%AAu-c%E1%BB%A7a-%C4%91%E1%BB%A9c/id1694073965?uo=4,https://www.bjnewlife.org/vi/book/bookDetail.php?bidx=719&part=1&findLang=Vietnamese
10.18,20,Tiếng Việt Gopher - 🇻🇳🇱🇦🇰🇭🇹🇭🇸🇬,Ahmet Düzen,vi,https://anchor.fm/s/1114325f8/podcast/rss,https://podcasts.apple.com/us/podcast/ti%E1%BA%BFng-vi%E1%BB%87t-gopher/id1896169035?uo=4,https://podcasters.spotify.com/pod/show/ahmet-dzen5
10.13,30,LDN-EduCast,LUONG DUNG NHAN,vi,https://anchor.fm/s/b2992228/podcast/rss,https://podcasts.apple.com/vn/podcast/ldn-educast/id1640929961?uo=4,https://podcasters.spotify.com/pod/show/luong-dung-nhan
10.1,40,Phật Học Nguyên Thủy,Phật Học Nguyên Thuỷ,vi,https://anchor.fm/s/4d06f4bc/podcast/rss,https://podcasts.apple.com/vn/podcast/ph%E1%BA%ADt-h%E1%BB%8Dc-nguy%C3%AAn-th%E1%BB%A7y/id1560100096?uo=4,https://phathocnguyenthuy.com
10.1,24,Trạm Truyện Mỗi Ngày,Khánh,vi,https://anchor.fm/s/11638955c/podcast/rss,https://podcasts.apple.com/vn/podcast/tr%E1%BA%A1m-truy%E1%BB%87n-m%E1%BB%97i-ng%C3%A0y/id6802926429?uo=4,https://www.youtube.com/@tramtruyenmoingay
10.06,32,Hướng nghiệp 4.0 - CDM,Hướng nghiệp 4.0 - CDM,vi,https://anchor.fm/s/604cac60/podcast/rss,https://podcasts.apple.com/vn/podcast/h%C6%B0%E1%BB%9Bng-nghi%E1%BB%87p-4-0-cdm/id1576067482?uo=4,https://huongnghiepcdm.edu.vn/tin/nganh-bao-chi-13
10.03,36,Làng Trở Về Podcast,Làng Trở Về,vi,https://anchor.fm/s/1158725ec/podcast/rss,https://podcasts.apple.com/vn/podcast/l%C3%A0ng-tr%E1%BB%9F-v%E1%BB%81-podcast/id6799573236?uo=4,https://langtrove.com
10.02,13,Nghe Lỏm,Nghe Lỏm,vi,https://anchor.fm/s/5c293874/podcast/rss,https://podcasts.apple.com/vn/podcast/nghe-l%E1%BB%8Fm/id1572937639?uo=4,https://podcasters.spotify.com/pod/show/nghe-lom
10.0,94,YANA - You are not alone.,Ava Nguyen,vi,https://anchor.fm/s/38ca5930/podcast/rss,https://podcasts.apple.com/us/podcast/yana-you-are-not-alone/id1533765885?uo=4,https://open.spotify.com/show/0pUoe0wJBRwCUEsJ2SmPWn
