hours,episodes,title,author,lang,feed,apple_url,site
23680.67,790,Truyện Audio Sưu Tầm,orchids,vi,https://anchor.fm/s/ccc8a36c/podcast/rss,https://podcasts.apple.com/us/podcast/truy%E1%BB%87n-audio-s%C6%B0u-t%E1%BA%A7m/id1654719659?uo=4,https://anchor.fm/orchids5
6129.41,1568,Trạm Audio Truyện,RadioXua.com,vi,https://anchor.fm/s/651465d0/podcast/rss,https://podcasts.apple.com/us/podcast/tr%E1%BA%A1m-audio-truy%E1%BB%87n/id1578013761?uo=4,https://radioxua.com
2387.68,2008,A Di Đà Phật (Podcast Thiện Nguyện Pháp Thí) by Nguyễn Đăng Huy Zalo: 070 24 24 224,Nguyễn Đăng Huy,vi,https://anchor.fm/s/ee4c0a60/podcast/rss,https://podcasts.apple.com/us/podcast/a-di-%C4%91%C3%A0-ph%E1%BA%ADt-podcast-thi%E1%BB%87n-nguy%E1%BB%87n-ph%C3%A1p-th%C3%AD-by/id1719465015?uo=4,https://podcasters.spotify.com/pod/show/dhuydng
2144.3,669,Tổ Chức Đào Tạo WIT,Wit Podcast,vi,https://anchor.fm/s/bc5a40a8/podcast/rss,https://podcasts.apple.com/vn/podcast/t%E1%BB%95-ch%E1%BB%A9c-%C4%91%C3%A0o-t%E1%BA%A1o-wit/id1649025877?uo=4,http://link.wit.edu.vn/telegram
2139.12,1096,CHÙA LONG HƯƠNG - TT. THÍCH TUỆ HẢI,CHÙA LONG HƯƠNG,vi,https://anchor.fm/s/15ffbf58/podcast/rss,https://podcasts.apple.com/us/podcast/ch%C3%B9a-long-h%C6%B0%C6%A1ng-tt-th%C3%ADch-tu%E1%BB%87-h%E1%BA%A3i/id1502538897?uo=4,https://chualonghuong.org
1851.53,9474,Vina Technology at AI time - Công nghệ Việt Nam thời AI,Lê Quang Văn,vi,https://anchor.fm/s/56decb4/podcast/rss,https://podcasts.apple.com/us/podcast/vina-technology-at-ai-time-c%C3%B4ng-ngh%E1%BB%87-vi%E1%BB%87t-nam-th%E1%BB%9Di-ai/id1417984424?uo=4,https://podcasters.spotify.com/pod/show/vina-technology
1497.11,7536,VOV - Sự kiện Bàn luận,Đài Tiếng nói Việt Nam,vi,https://anchor.fm/s/8535a2c/podcast/rss,https://podcasts.apple.com/us/podcast/vov-s%E1%BB%B1-ki%E1%BB%87n-b%C3%A0n-lu%E1%BA%ADn/id1447959801?uo=4,http://vov1.vn
1193.42,2272,HANOI Radio FM 90MHz,HANOI Radio FM 90MHz,vi,https://anchor.fm/s/6445fb3c/podcast/rss,https://podcasts.apple.com/vn/podcast/hanoi-radio-fm-90mhz/id1578206278?uo=4,https://hanoitv.vn
1160.59,56,Truyện Audio Ngôn Tình,Trang,vi,https://anchor.fm/s/642d7db4/podcast/rss,https://podcasts.apple.com/us/podcast/truy%E1%BB%87n-audio-ng%C3%B4n-t%C3%ACnh/id1580343606?uo=4,https://podcasters.spotify.com/pod/show/trang43
1117.84,3992,"Phát thanh Thanh Hóa 92,3MHz","Phát thanh Thanh Hóa 92,3MHz",vi,https://anchor.fm/s/69e6d638/podcast/rss,https://podcasts.apple.com/vn/podcast/ph%C3%A1t-thanh-thanh-h%C3%B3a-92-3mhz/id1584959343?uo=4,http://truyenhinhthanhhoa.vn
1111.15,323,Sách nói tuổi đôi mươi!,tuoidoimuoi,vi,https://anchor.fm/s/f717e81c/podcast/rss,https://podcasts.apple.com/vn/podcast/s%C3%A1ch-n%C3%B3i-tu%E1%BB%95i-%C4%91%C3%B4i-m%C6%B0%C6%A1i/id1886640709?uo=4,https://podcasters.spotify.com/pod/show/tuoidoimuoi
1108.64,2136,Chương trình hằng ngày - Vatican News Tiếng Việt,Vatican News Tiếng Việt,vi,https://anchor.fm/s/4ac71d80/podcast/rss,https://podcasts.apple.com/us/podcast/ch%C6%B0%C6%A1ng-tr%C3%ACnh-h%E1%BA%B1ng-ng%C3%A0y-vatican-news-ti%E1%BA%BFng-vi%E1%BB%87t/id1551917143?uo=4,https://www.vaticannews.va/vi
1066.8,792,Pháp Thoại Thích Pháp Hòa,Thầy Thích Pháp Hòa,vi,https://anchor.fm/s/105a11d04/podcast/rss,https://podcasts.apple.com/us/podcast/ph%C3%A1p-tho%E1%BA%A1i-th%C3%ADch-ph%C3%A1p-h%C3%B2a/id1836383439?uo=4,https://www.facebook.com/truclam.monastery
1053.71,647,Tịnh Độ Đại Kinh Giải Diễn Nghĩa,Niệm Phật Thành Phật,vi,https://anchor.fm/s/d2c529fc/podcast/rss,https://podcasts.apple.com/us/podcast/t%E1%BB%8Bnh-%C4%91%E1%BB%99-%C4%91%E1%BA%A1i-kinh-gi%E1%BA%A3i-di%E1%BB%85n-ngh%C4%A9a/id1657849024?uo=4,https://podcasters.spotify.com/pod/show/tinhdokinh
1005.18,1248,Truyện Dài - Truyện Ngắn,Lộc Lá,vi,https://anchor.fm/s/dae7ab14/podcast/rss,https://podcasts.apple.com/us/podcast/truy%E1%BB%87n-d%C3%A0i-truy%E1%BB%87n-ng%E1%BA%AFn/id1672174278?uo=4,https://podcasters.spotify.com/pod/show/lc-l8
995.22,3753,Truyền Thông Dòng Tên,Truyền Thông Dòng Tên,vi,https://anchor.fm/s/68ccffd4/podcast/rss,https://podcasts.apple.com/us/podcast/truy%E1%BB%81n-th%C3%B4ng-d%C3%B2ng-t%C3%AAn/id1584487075?uo=4,https://dongten.net
960.12,110,Sách Nói Lịch Sử,Quang Khanh,vi,https://anchor.fm/s/112560fb4/podcast/rss,https://podcasts.apple.com/us/podcast/s%C3%A1ch-n%C3%B3i-l%E1%BB%8Bch-s%E1%BB%AD/id1896427266?uo=4,https://podcasters.spotify.com/pod/show/quang-hng-nguyn8
894.54,803,Chuyện Ma ST | Chuyện Tâm Linh Sưu Tầm,Chuyện Ma ST,vi,https://anchor.fm/s/d86506ac/podcast/rss,https://podcasts.apple.com/us/podcast/chuy%E1%BB%87n-ma-st-chuy%E1%BB%87n-t%C3%A2m-linh-s%C6%B0u-t%E1%BA%A7m/id1678026259?uo=4,https://podcasters.spotify.com/pod/show/chuyen-ma-st
871.54,230,SÁCH TÂM LINH,Trung Thành Đinh,vi,https://anchor.fm/s/a745a2ac/podcast/rss,https://podcasts.apple.com/us/podcast/s%C3%A1ch-t%C3%A2m-linh/id1634407238?uo=4,https://podcasters.spotify.com/pod/show/sachtamlinh
795.62,4936,SBS Vietnamese - SBS Việt ngữ,SBS,vi,https://sbs-ondemand.streamguys1.com/sbs-Vietnamese/,https://podcasts.apple.com/us/podcast/sbs-vietnamese-sbs-vi%E1%BB%87t-ng%E1%BB%AF/id161320292?uo=4,https://www.sbs.com.au/language/vietnamese/vi/podcast/sbs-vietnamese
760.65,4426,VOV - Kinh tế Tài chính,Đài Tiếng nói Việt Nam,vi,https://anchor.fm/s/84e912c/podcast/rss,https://podcasts.apple.com/us/podcast/vov-kinh-t%E1%BA%BF-t%C3%A0i-ch%C3%ADnh/id1447843388?uo=4,http://vov1.vn
718.77,1084,NIỆM PHẬT TÂM AN,A Di Đà Phật,vi,https://anchor.fm/s/78a9b1b8/podcast/rss,https://podcasts.apple.com/vn/podcast/ni%E1%BB%87m-ph%E1%BA%ADt-t%C3%A2m-an/id1607682553?uo=4,https://podcasters.spotify.com/pod/show/do-van-thong
682.82,460,SƯ TOẠI KHANH,Người Phương Ngoại,vi,https://anchor.fm/s/f05b5edc/podcast/rss,https://podcasts.apple.com/us/podcast/s%C6%B0-to%E1%BA%A1i-khanh/id1725827334?uo=4,https://podcasters.spotify.com/pod/show/nguoi-phuong-ngoai
668.83,1160,Sách Nói Chất Lượng Cao,Voiz FM,vi,https://anchor.fm/s/4fc2edb4/podcast/rss,https://podcasts.apple.com/us/podcast/s%C3%A1ch-n%C3%B3i-ch%E1%BA%A5t-l%C6%B0%E1%BB%A3ng-cao/id1557045854?uo=4,https://voiz.vn
656.63,1298,Radio Dap Loi Song Nui,Radio Đáp Lời Sông Núi,vi,https://anchor.fm/s/da80b8c8/podcast/rss,https://podcasts.apple.com/us/podcast/radio-dap-loi-song-nui/id1670541798?uo=4,https://podcasters.spotify.com/pod/show/daploisongnui
642.72,1159,Tám Sài Gòn,Kim Thanh Duong,vi,https://anchor.fm/s/256fcf78/podcast/rss,https://podcasts.apple.com/us/podcast/t%C3%A1m-s%C3%A0i-g%C3%B2n/id1517647111?uo=4,https://podcasters.spotify.com/pod/show/kim-thanh-duong
641.71,849,Thư Viện Sách Nói Có Bản Quyền,Fonos,vi,https://feeds.transistor.fm/th-vi-n-sach-noi,https://podcasts.apple.com/us/podcast/th%C6%B0-vi%E1%BB%87n-s%C3%A1ch-n%C3%B3i-c%C3%B3-b%E1%BA%A3n-quy%E1%BB%81n/id1571282770?uo=4,https://fonos.vn
614.52,984,Thai Pham,Thai Pham,vi,https://anchor.fm/s/cb8ce94/podcast/rss,https://podcasts.apple.com/us/podcast/thai-pham/id1476373751?uo=4,https://thaipham.live/
600.66,1852,NHI LE,Nhi Le,vi,https://anchor.fm/s/69ead030/podcast/rss,https://podcasts.apple.com/us/podcast/nhi-le/id1595088466?uo=4,https://podcasters.spotify.com/pod/show/nhilepodcast
579.16,533,Xóm Truyện Ma (Podcast),TruyenMa.Vn,vi,https://anchor.fm/s/d2d37d2c/podcast/rss,https://podcasts.apple.com/us/podcast/x%C3%B3m-truy%E1%BB%87n-ma-podcast/id1675997465?uo=4,https://truyenma.vn
531.47,61,Mao Sơn Tróc Quỷ Nhân Audio,Truyện Audio,vi,https://anchor.fm/s/7785fa08/podcast/rss,https://podcasts.apple.com/us/podcast/mao-s%C6%A1n-tr%C3%B3c-qu%E1%BB%B7-nh%C3%A2n-audio/id1598787278?uo=4,https://podcasters.spotify.com/pod/show/anh-tin-trn
497.5,72,OneMinuteRecap - Nghe truyện,OneMinuteRecap,vi,https://anchor.fm/s/fb74cde4/podcast/rss,https://podcasts.apple.com/us/podcast/oneminuterecap-nghe-truy%E1%BB%87n/id1780535764?uo=4,https://patreon.com/oneminuterecap
491.91,970,Mật ngọt Murli (Nghe murli mỗi ngày),Mật ngọt Murli,vi,https://anchor.fm/s/f69a27ec/podcast/rss,https://podcasts.apple.com/us/podcast/m%E1%BA%ADt-ng%E1%BB%8Dt-murli-nghe-murli-m%E1%BB%97i-ng%C3%A0y/id1747649836?uo=4,https://murlivn.com
489.29,1980,VOV - Nội chính,Đài Tiếng nói Việt Nam,vi,https://anchor.fm/s/87b8d30/podcast/rss,https://podcasts.apple.com/us/podcast/vov-n%E1%BB%99i-chi-nh/id1448840452?uo=4,http://vov1.vn
477.59,120,Tu Chân Liêu Thiên Quần Audio,Truyện Audio,vi,https://anchor.fm/s/10a3d48d8/podcast/rss,https://podcasts.apple.com/vn/podcast/tu-ch%C3%A2n-li%C3%AAu-thi%C3%AAn-qu%E1%BA%A7n-audio/id1844933484?uo=4,https://podcasters.spotify.com/pod/show/trn-anh-tin2
455.8,54,Chia Sẻ Phật Pháp,Chia Sẻ Phật Pháp,vi,https://anchor.fm/s/6c4d15e0/podcast/rss,https://podcasts.apple.com/vn/podcast/chia-s%E1%BA%BB-ph%E1%BA%ADt-ph%C3%A1p/id1712804717?uo=4,https://podcasters.spotify.com/pod/show/chiasephatphap
455.76,135,Lê Pi Audiobooks,@lepiaudiobooks27,vi,https://anchor.fm/s/10fe3dd10/podcast/rss,https://podcasts.apple.com/us/podcast/l%C3%AA-pi-audiobooks/id1885093664?uo=4,https://podcasters.spotify.com/pod/show/l-pi6
448.08,63,Toàn Chức Pháp Sư Audio,Truyện Audio,vi,https://anchor.fm/s/eee18ef0/podcast/rss,https://podcasts.apple.com/us/podcast/to%C3%A0n-ch%E1%BB%A9c-ph%C3%A1p-s%C6%B0-audio/id1844821712?uo=4,https://podcasters.spotify.com/pod/show/trn-anh-tin
446.56,114,Trùng Sinh Chi Tối Cường Kiếm Thần Audio,Truyện Audio,vi,https://anchor.fm/s/10a3d8884/podcast/rss,https://podcasts.apple.com/vn/podcast/tr%C3%B9ng-sinh-chi-t%E1%BB%91i-c%C6%B0%E1%BB%9Dng-ki%E1%BA%BFm-th%E1%BA%A7n-audio/id1844924715?uo=4,https://podcasters.spotify.com/pod/show/trn-anh-tin4
445.88,419,Phật Pháp Nguyên Thủy,DT,vi,https://anchor.fm/s/10d50df80/podcast/rss,https://podcasts.apple.com/us/podcast/ph%C3%A2-t-ph%C3%A1p-nguy%C3%AAn-thu-y/id1865845288?uo=4,https://podcasters.spotify.com/pod/show/dieu-tue
442.97,600,Vô Vi Podcast - Vấn Đạo,Lương Sĩ Hằng - Vĩ Kiên,vi,https://feeds.simplecast.com/fKmuHoHJ,https://podcasts.apple.com/vn/podcast/v%C3%B4-vi-podcast-v%E1%BA%A5n-%C4%91%E1%BA%A1o/id1435202999?uo=4,https://vovipodcast.simplecast.fm
431.75,1954,Nghien cuu Quoc te,Lê Hồng Hiệp,vi,https://anchor.fm/s/62eab4e4/podcast/rss,https://podcasts.apple.com/us/podcast/nghien-cuu-quoc-te/id1574959769?uo=4,https://nghiencuuquocte.org/
422.55,989,Độc Thám TV - Hành trình khám phá những vụ án kinh điển và bí ẩn,Độc Thám TV,vi,https://anchor.fm/s/4dce3acc/podcast/rss,https://podcasts.apple.com/us/podcast/%C4%91%E1%BB%99c-th%C3%A1m-tv-h%C3%A0nh-tr%C3%ACnh-kh%C3%A1m-ph%C3%A1-nh%E1%BB%AFng-v%E1%BB%A5-%C3%A1n-kinh-%C4%91i%E1%BB%83n-v%C3%A0-b%C3%AD-%E1%BA%A9n/id1554821706?uo=4,https://podcasters.spotify.com/pod/show/docthamtv
418.95,1362,Spiderum Official,Spiderum,vi,https://anchor.fm/s/13c13550/podcast/rss,https://podcasts.apple.com/us/podcast/spiderum-official/id1498937274?uo=4,https://podcasters.spotify.com/pod/show/spiderum
416.97,600,Vô Vi Podcast - Bài Giảng,Lương Sĩ Hằng - Vĩ Kiên,vi,https://feeds.simplecast.com/ImFaN7rE,https://podcasts.apple.com/vn/podcast/v%C3%B4-vi-podcast-b%C3%A0i-gi%E1%BA%A3ng/id1456219351?uo=4,https://vo-vi-podcast-ban-giang.simplecast.com
397.29,574,Khám phá Đài Loan,"Tố Kim, Hải Ly, Tường Vy, Khiết Nhi, Thu Trang, Đức Mạnh, Minh Hà, Kim Dung,Rti",vi_vn,https://www.rti.org.tw/vn/CombinedProgramPodcastUrl?id=21,https://podcasts.apple.com/vn/podcast/kha-m-pha-%C4%91a-i-loan/id1703932755?uo=4,https://www.rti.org.tw/vn/CombinedProgramPodcastUrl?id=21
394.29,525,Giảng Luận Kinh Thánh,Giảng luận Kinh thánh,vi,https://anchor.fm/s/5e7c26cc/podcast/rss,https://podcasts.apple.com/us/podcast/gi%E1%BA%A3ng-lu%E1%BA%ADn-kinh-th%C3%A1nh/id1571458972?uo=4,https://giangluankinhthanh.net
363.8,179,Phúc Hưng,Phúc Hưng,vi,https://anchor.fm/s/67857ffc/podcast/rss,https://podcasts.apple.com/us/podcast/ph%C3%BAc-h%C6%B0ng/id1582771589?uo=4,https://podcasters.spotify.com/pod/show/phucnhapho
358.99,402,PIB EM PILARES,PIB EM PILARES,pt-br,https://anchor.fm/s/676a76e4/podcast/rss,https://podcasts.apple.com/vn/podcast/pib-em-pilares/id1580940114?uo=4,https://podcasters.spotify.com/pod/show/comunica347343-pilares
344.5,468,MYSU - Thy Thanh Pham (Official),MYSU Thy Thanh Pham,vi,https://anchor.fm/s/1082d0100/podcast/rss,https://podcasts.apple.com/us/podcast/mysu-thy-thanh-pham-official/id1836384001?uo=4,https://podcasters.spotify.com/pod/show/thich-phap-hoa9
343.81,272,Thích Trí Huệ,Thich Tri Hue Official,vi,https://anchor.fm/s/50cc64b0/podcast/rss,https://podcasts.apple.com/vn/podcast/th%C3%ADch-tr%C3%AD-hu%E1%BB%87/id1558209952?uo=4,https://podcasters.spotify.com/pod/show/thichtrihue
341.89,598,Trợ Lý Đầu Tư Chứng Khoán,Trolydautu.com,vi,https://anchor.fm/s/65fad538/podcast/rss,https://podcasts.apple.com/us/podcast/tr%E1%BB%A3-l%C3%BD-%C4%91%E1%BA%A7u-t%C6%B0-ch%E1%BB%A9ng-kho%C3%A1n/id1579689690?uo=4,https://trolydautu.com
339.94,1343,Radio Tôi Chia Sẻ,Radio Tôi Chia Sẻ,vi,https://anchor.fm/s/b9b96004/podcast/rss,https://podcasts.apple.com/us/podcast/radio-t%C3%B4i-chia-s%E1%BA%BB/id1646172901?uo=4,https://podcasters.spotify.com/pod/show/radio-toi-chia-se
330.57,255,Have A Sip,Vietcetera,vi,https://anchor.fm/s/103273a04/podcast/rss,https://podcasts.apple.com/us/podcast/have-a-sip/id1540283905?uo=4,http://vietcetera.com
329.84,389,Cuộc sống Đài Loan,"Tố Kim, Hải Ly, Khiết Nhi, Thúy Anh, Thu Trang, Đức Mạnh,Rti",vi_vn,https://www.rti.org.tw/vn/CombinedProgramPodcastUrl?id=19,https://podcasts.apple.com/vn/podcast/cu%C3%B4-c-s%C3%B4-ng-%C4%91a-i-loan/id1701767008?uo=4,https://www.rti.org.tw/vn/CombinedProgramPodcastUrl?id=19
328.88,996,Jiddu Krishnamurti Tiếng Việt,Jiddu Krishnamurti Audio,vi,https://www.jiddukrishnamurti.io.vn/feed.xml,https://podcasts.apple.com/us/podcast/jiddu-krishnamurti-ti%E1%BA%BFng-vi%E1%BB%87t/id1660520503?uo=4,https://www.jiddukrishnamurti.io.vn
323.11,8375,VOV - Tin nhanh 24h,Đài Tiếng nói Việt Nam,vi,https://anchor.fm/s/86f0c04/podcast/rss,https://podcasts.apple.com/us/podcast/vov-tin-nhanh-24h/id1448603366?uo=4,http://vov1.vn
322.36,480,Shalom Production,Shalom Production,vi,https://anchor.fm/s/5e9f7f3c/podcast/rss,https://podcasts.apple.com/us/podcast/shalom-production/id1571465015?uo=4,https://podcasters.spotify.com/pod/show/shalom-production
319.66,36,Sách nói hay,Quang Nguyễn,vi,https://anchor.fm/s/ef2e23a0/podcast/rss,https://podcasts.apple.com/us/podcast/s%C3%A1ch-n%C3%B3i-hay/id1721551083?uo=4,https://podcasters.spotify.com/pod/show/quang-nguyn6
317.49,1910,Sự việc & Góc nhìn,Kênh VOV Giao thông (VOVGT),vi,https://anchor.fm/s/23ae4638/podcast/rss,https://podcasts.apple.com/us/podcast/s%E1%BB%B1-vi%E1%BB%87c-g%C3%B3c-nh%C3%ACn/id1516044947?uo=4,https://podcasters.spotify.com/pod/show/phongnoidungso
301.71,1674,Oneway Radio - Tĩnh Nguyện Hằng Ngày,Oneway Media,vi,https://anchor.fm/s/6b1eebf8/podcast/rss,https://podcasts.apple.com/us/podcast/oneway-radio-t%C4%A9nh-nguy%E1%BB%87n-h%E1%BA%B1ng-ng%C3%A0y/id1585472329?uo=4,https://www.oneway.vn
300.21,174,Thích Nghe Truyện,Thích Nghe Truyện,vi,https://anchor.fm/s/75c7e910/podcast/rss,https://podcasts.apple.com/us/podcast/th%C3%ADch-nghe-truy%E1%BB%87n/id1597045791?uo=4,https://thichnghetruyen.com
300.07,433,Alo Song Ngữ - Giải pháp học ngoại ngữ trực tuyến,Alo Song Ngữ,fr,https://feeds.hubhopper.com/9bc58b6cf7675f4168244977765e1147.rss,https://podcasts.apple.com/vn/podcast/alo-song-ng%E1%BB%AF-gi%E1%BA%A3i-ph%C3%A1p-h%E1%BB%8Dc-ngo%E1%BA%A1i-ng%E1%BB%AF-tr%E1%BB%B1c-tuy%E1%BA%BFn/id1821813134?uo=4,https://hubhopper.com/podcast/alo-song-ngu-giai-phap-hoc-ngoai-ngu-truc-tuyen/449089
298.98,36,Toàn Chức Cao Thủ Audio,Truyện Audio,vi,https://anchor.fm/s/10a3d7f88/podcast/rss,https://podcasts.apple.com/us/podcast/to%C3%A0n-ch%E1%BB%A9c-cao-th%E1%BB%A7-audio/id1844929138?uo=4,https://podcasters.spotify.com/pod/show/trn-anh-tin25
298.13,270,Trò Chuyện Đêm Khuya,King AudioBooks,en,https://anchor.fm/s/245cf1d8/podcast/rss,https://podcasts.apple.com/us/podcast/tr%C3%B2-chuy%E1%BB%87n-%C4%91%C3%AAm-khuya/id1516340139?uo=4,https://trochuyendemkhuya.com
288.63,199,Yêu K T H,Podcast Yêu,vi,https://anchor.fm/s/620f1ce0/podcast/rss,https://podcasts.apple.com/us/podcast/y%C3%AAu-k-t-h/id1576624321?uo=4,https://podcasters.spotify.com/pod/show/podcastkth
288.56,1000,Trò chuyện với người ngoại tinh Taygeta - Pleiades,Trung Thanh Dinh,vi,https://anchor.fm/s/a81b4fd8/podcast/rss,https://podcasts.apple.com/us/podcast/tr%C3%B2-chuy%E1%BB%87n-v%E1%BB%9Bi-ng%C6%B0%E1%BB%9Di-ngo%E1%BA%A1i-tinh-taygeta-pleiades/id1634812588?uo=4,https://podcasters.spotify.com/pod/show/nguoingoaitinh
288.33,1040,Hôm nay tôi tập đọc,Thanh niên tập đọc,vi,https://anchor.fm/s/b47d82f0/podcast/rss,https://podcasts.apple.com/us/podcast/h%C3%B4m-nay-t%C3%B4i-t%E1%BA%ADp-%C4%91%E1%BB%8Dc/id1643923410?uo=4,https://podcasters.spotify.com/pod/show/hu1ea3i-thanh
276.0,416,Minh Niệm,Minh Niệm,vi,https://anchor.fm/s/19d07410/podcast/rss,https://podcasts.apple.com/us/podcast/minh-ni%E1%BB%87m/id1868287524?uo=4,https://mientinhthuc.vn/
275.41,50,Trở Lại 1982 Làng Chài Nhỏ Audio,Truyện Audio,vi,https://anchor.fm/s/10a47bfc0/podcast/rss,https://podcasts.apple.com/vn/podcast/tr%E1%BB%9F-l%E1%BA%A1i-1982-l%C3%A0ng-ch%C3%A0i-nh%E1%BB%8F-audio/id1845146634?uo=4,https://podcasters.spotify.com/pod/show/trn-anh-tin6
274.49,2284,SỐNG ++,Kênh VOV Giao thông (VOVGT),vi,https://anchor.fm/s/3022a5a8/podcast/rss,https://podcasts.apple.com/us/podcast/s%E1%BB%91ng/id1574026189?uo=4,https://podcasters.spotify.com/pod/show/vovgt-sng
272.0,53,Phượng Tím Podcast - Sách Nói Phật Giáo,Phượng Tím Podcast - Sách Nói Phật Giáo,vi,https://anchor.fm/s/31f8c40c/podcast/rss,https://podcasts.apple.com/us/podcast/ph%C6%B0%E1%BB%A3ng-t%C3%ADm-podcast-s%C3%A1ch-n%C3%B3i-ph%E1%BA%ADt-gi%C3%A1o/id1528796050?uo=4,https://shorten.asia/g2Pm6Pav
270.13,334,Phap Thoai,Thien Tri,vi,https://anchor.fm/s/10dfc8100/podcast/rss,https://podcasts.apple.com/vn/podcast/phap-thoai/id1869811123?uo=4,https://podcasters.spotify.com/pod/show/thientrithera
262.86,903,Người Thành Công,Người Thành Công,vi,https://anchor.fm/s/da72a47c/podcast/rss,https://podcasts.apple.com/us/podcast/ng%C6%B0%E1%BB%9Di-th%C3%A0nh-c%C3%B4ng/id1670294911?uo=4,https://www.sachtinhgon.com/
259.73,166,Sư Thanh Minh và các bài giảng Phật Pháp thuộc Kinh Nikaya,Chùa Phúc Minh Theravada Thái Bình,vi,https://anchor.fm/s/7923908c/podcast/rss,https://podcasts.apple.com/us/podcast/s%C6%B0-thanh-minh-v%C3%A0-c%C3%A1c-b%C3%A0i-gi%E1%BA%A3ng-ph%E1%BA%ADt-ph%C3%A1p-thu%E1%BB%99c-kinh-nikaya/id1602246184?uo=4,https://chuaphucminh.com
258.89,49,Legendary Moonlight Sculptor: Con Đường Đế Vương Audio,Truyện Audio,vi,https://anchor.fm/s/10a3d01c0/podcast/rss,https://podcasts.apple.com/us/podcast/legendary-moonlight-sculptor-con-%C4%91%C6%B0%E1%BB%9Dng-%C4%91%E1%BA%BF-v%C6%B0%C6%A1ng-audio/id1844890313?uo=4,https://podcasters.spotify.com/pod/show/trn-anh-tin1
257.39,50,Cổ Chân Nhân Audio,Truyện Audio,vi,https://anchor.fm/s/10a478c30/podcast/rss,https://podcasts.apple.com/us/podcast/c%E1%BB%95-ch%C3%A2n-nh%C3%A2n-audio/id1845141589?uo=4,https://podcasters.spotify.com/pod/show/trn-anh-tin7
252.54,270,Ba Chấm,Nam LB,vi,https://anchor.fm/s/5ee12838/podcast/rss,https://podcasts.apple.com/vn/podcast/ba-ch%E1%BA%A5m/id1572184149?uo=4,https://lovebookslovelife.vn/
252.03,3929,Gia Lai Online,Gia Lai Online,vi,https://feeds.acast.com/public/shows/5ec38cd736d6206cc46e0b3c,https://podcasts.apple.com/vn/podcast/gia-lai-online/id1586792511?uo=4,https://baogialai.com.vn
248.37,377,Sách Và Bạn,Sách &amp; Bạn,vi,https://anchor.fm/s/5127a028/podcast/rss,https://podcasts.apple.com/us/podcast/s%C3%A1ch-v%C3%A0-b%E1%BA%A1n/id1558480061?uo=4,http://bit.ly/397uFpR
247.66,86,Taosins,sưu tầm,vi,https://anchor.fm/s/cc7f0b30/podcast/rss,https://podcasts.apple.com/us/podcast/taosins/id1654655188?uo=4,https://podcasters.spotify.com/pod/show/taosins
239.49,319,Hội Thánh Tin Lành Lời Sự Sống Việt Nam,Hội Thánh Tin Lành Lời Sự Sống Việt Nam,vi,https://anchor.fm/s/616f7758/podcast/rss,https://podcasts.apple.com/vn/podcast/h%E1%BB%99i-th%C3%A1nh-tin-l%C3%A0nh-l%E1%BB%9Di-s%E1%BB%B1-s%E1%BB%91ng-vi%E1%BB%87t-nam/id1574123852?uo=4,https://loisusong.net
238.48,3617,Nhật ký Đô thị,Kênh VOV Giao thông (VOVGT),vi,https://anchor.fm/s/255dc83c/podcast/rss,https://podcasts.apple.com/us/podcast/nh%E1%BA%ADt-k%C3%BD-%C4%91%C3%B4-th%E1%BB%8B/id1574026022?uo=4,https://podcasters.spotify.com/pod/show/nhatkydothi
237.51,191,Hôm nay mình đi đâu thế? (RtiFM),"Thu Trang, Đức Mạnh,Rti",vi_vn,https://www.rti.org.tw/vn/programpodcasturl?id=2070,https://podcasts.apple.com/vn/podcast/h%C3%B4m-nay-mi-nh-%C4%91i-%C4%91%C3%A2u-th%C3%AA-rtifm/id1750615049?uo=4,https://www.rti.org.tw/vn/program?uid=4&pid=2070
237.33,753,Phát triển Kinh doanh - Phát triển con người - Phạm Thành Long Radio,Phạm Thành Long,vi,https://radio.long.vn/feed.xml,https://podcasts.apple.com/us/podcast/ph%C3%A1t-tri%E1%BB%83n-kinh-doanh-ph%C3%A1t-tri%E1%BB%83n-con-ng%C6%B0%E1%BB%9Di-ph%E1%BA%A1m-th%C3%A0nh/id1450702749?uo=4,https://radio.long.vn
236.19,136,Truyện Full Audio,Truyen Full Audio,vi,https://anchor.fm/s/10f7bc888/podcast/rss,https://podcasts.apple.com/us/podcast/truy%E1%BB%87n-full-audio/id1880030347?uo=4,https://truyenfullaudio.net/
234.65,975,Đài Hà Nội | Lưu Hường Blog chiều | Podcast,Đài Hà Nội,vi,https://anchor.fm/s/e74e8dc8/podcast/rss,https://podcasts.apple.com/us/podcast/%C4%91%C3%A0i-h%C3%A0-n%E1%BB%99i-l%C6%B0u-h%C6%B0%E1%BB%9Dng-blog-chi%E1%BB%81u-podcast/id1702488845?uo=4,https://hanoionline.vn
234.09,259,TU VIỆN PHÁP VÂN - DHARMA CLOUD MONASTERY,Pháp Vân,en,https://anchor.fm/s/42422754/podcast/rss,https://podcasts.apple.com/us/podcast/tu-vi%E1%BB%87n-ph%C3%A1p-v%C3%A2n-dharma-cloud-monastery/id1542664025?uo=4,https://podcasters.spotify.com/pod/show/tu-vien-phap-van
227.67,92,Raven Collections,Raven,vi,https://anchor.fm/s/2fcedf90/podcast/rss,https://podcasts.apple.com/us/podcast/raven-collections/id1566928761?uo=4,https://podcasters.spotify.com/pod/show/ravencollections
227.03,216,The Quoc Khanh Show,VIETSUCCESS,vi,https://anchor.fm/s/1081bb15c/podcast/rss,https://podcasts.apple.com/us/podcast/the-quoc-khanh-show/id1419543831?uo=4,https://thequockhanhshow.podbean.com
225.5,517,Ngoại ngữ và Du học Đài Loan,"Lệ Phương, Khiết Nhi, Thúy Anh, Thu Hương,Rti",vi_vn,https://www.rti.org.tw/vn/CombinedProgramPodcastUrl?id=20,https://podcasts.apple.com/vn/podcast/ngoa-i-ng%C6%B0-va-du-ho-c-%C4%91a-i-loan/id1703533115?uo=4,https://www.rti.org.tw/vn/CombinedProgramPodcastUrl?id=20
224.46,111,Tổ Chức Đào Tạo Ní Ngon,Tổ chức đào tạo Ní Ngon,vi,https://anchor.fm/s/cccb10e8/podcast/rss,https://podcasts.apple.com/vn/podcast/t%E1%BB%95-ch%E1%BB%A9c-%C4%91%C3%A0o-t%E1%BA%A1o-n%C3%AD-ngon/id1654885396?uo=4,https://ningon.net
220.9,1424,Chuyện Mekong,MeKong FM90 (VOVGT),vi,https://anchor.fm/s/4ae853d8/podcast/rss,https://podcasts.apple.com/vn/podcast/chuy%E1%BB%87n-mekong/id1552048174?uo=4,https://vovgiaothong.vn/
220.61,877,Đảo Khảo Cổ,Dương,vi,https://anchor.fm/s/deaad500/podcast/rss,https://podcasts.apple.com/us/podcast/%C4%91%E1%BA%A3o-kh%E1%BA%A3o-c%E1%BB%95/id1681455757?uo=4,https://podcasters.spotify.com/pod/show/daokhaoco
216.48,282,Ha Thanh Tu,Ha Thanh Tu,vi,https://anchor.fm/s/5a3efecc/podcast/rss,https://podcasts.apple.com/vn/podcast/ha-thanh-tu/id1571475363?uo=4,https://podcasters.spotify.com/pod/show/ha-thanh-tu
216.2,213,Kinh nghiệm Amway,All about Amway stories and experiences,vi,https://anchor.fm/s/3dae4560/podcast/rss,https://podcasts.apple.com/vn/podcast/kinh-nghi%E1%BB%87m-amway/id1572176017?uo=4,https://thiabo.com/
215.49,171,Nguyễn Ngọc Ngạn,Nguyễn Ngọc Ngạn,vi,https://anchor.fm/s/f3303704/podcast/rss,https://podcasts.apple.com/us/podcast/nguy%E1%BB%85n-ng%E1%BB%8Dc-ng%E1%BA%A1n/id1734826819?uo=4,https://paypal.me/nguyenngocnganus
215.13,883,VOV2 Cuộc sống muôn màu,VOV2,vi,https://anchor.fm/s/5e7d9020/podcast/rss,https://podcasts.apple.com/vn/podcast/vov2-cu%E1%BB%99c-s%E1%BB%91ng-mu%C3%B4n-m%C3%A0u/id1572245931?uo=4,https://www.vov2.vn
213.14,895,THBT TIN TỨC,Đài Phát Thanh & Truyền Hình Bến Tre,vi,https://anchor.fm/s/1037361b8/podcast/rss,https://podcasts.apple.com/us/podcast/thbt-tin-t%E1%BB%A9c/id1691028133?uo=4,https://podcasters.spotify.com/pod/show/t-60
209.16,25,Licorp - Sách nói,Quoc.Nguyen,vi,https://anchor.fm/s/10c1299c4/podcast/rss,https://podcasts.apple.com/us/podcast/licorp-s%C3%A1ch-n%C3%B3i/id1855801251?uo=4,https://podcasters.spotify.com/pod/show/nt-q
207.4,283,Su Ben Bi Cua Luat Lao Dong - Vietnamese (EOLL),Freesia Brindisi,vn,https://www.podserve.fm/series/rss/5261/su-ben-bi-cua-luat-lao-ong-vietnamese.rss,https://podcasts.apple.com/vn/podcast/su-ben-bi-cua-luat-lao-dong-vietnamese-eoll/id1638655261?uo=4,"https://www.podserve.fm/series/website/su-ben-bi-cua-luat-lao-dong-vietnamese-eoll,5261/"
207.34,39,Ta Có Một Ngọn Núi Audio,Truyện Audio,vi,https://anchor.fm/s/10a47e734/podcast/rss,https://podcasts.apple.com/vn/podcast/ta-c%C3%B3-m%E1%BB%99t-ng%E1%BB%8Dn-n%C3%BAi-audio/id1845148765?uo=4,https://podcasters.spotify.com/pod/show/trn-anh-tin21
204.88,78,Truyen Full Audio,Truyen Full Audio,vi,https://anchor.fm/s/112aa7914/podcast/rss,https://podcasts.apple.com/us/podcast/truyen-full-audio/id1896745220?uo=4,https://podcasters.spotify.com/pod/show/truyen-full-audio9
202.25,165,Nihogo,Nihogo.net,vi,https://anchor.fm/s/5565ee4c/podcast/rss,https://podcasts.apple.com/us/podcast/nihogo/id1561524643?uo=4,https://nihogo.net
202.24,150,Sổ Tay Học Phật,sotayhocphat.com,vi,https://anchor.fm/s/f7df86d8/podcast/rss,https://podcasts.apple.com/vn/podcast/s%E1%BB%95-tay-h%E1%BB%8Dc-ph%E1%BA%ADt/id1758370357?uo=4,https://sotayhocphat.com
201.2,766,Ông Già Đầu Tư's Podcast,Ông Già Đầu Tư,vi,https://rss.buzzsprout.com/2177458.rss,https://podcasts.apple.com/us/podcast/%C3%B4ng-gi%C3%A0-%C4%91%E1%BA%A7u-t%C6%B0s-podcast/id1702121025?uo=4,http://www.forex.vn
200.13,230,Thích nữ Nguyên Chủng,NGUYÊN CHỦNG,vi,https://feed.podbean.com/chuaadidacuchi/feed.xml,https://podcasts.apple.com/us/podcast/th%C3%ADch-n%E1%BB%AF-nguy%C3%AAn-ch%E1%BB%A7ng/id1543512377?uo=4,https://chuaadidacuchi.podbean.com
199.38,264,Bác sĩ Nguyễn Phương Thảo,Bác sĩ Nguyễn Phương Thảo,vi,https://anchor.fm/s/5b5b7128/podcast/rss,https://podcasts.apple.com/vn/podcast/b%C3%A1c-s%C4%A9-nguy%E1%BB%85n-ph%C6%B0%C6%A1ng-th%E1%BA%A3o/id1567865157?uo=4,https://www.pensilia.com
197.51,242,Trạm Sách Audio,tramsach.com,vi,https://anchor.fm/s/54959468/podcast/rss,https://podcasts.apple.com/us/podcast/tr%E1%BA%A1m-s%C3%A1ch-audio/id1640670148?uo=4,http://tramsach.com
190.49,57,BỒ ĐỀ TÂM,BỒ ĐỀ TÂM,vi,https://anchor.fm/s/68925c1c/podcast/rss,https://podcasts.apple.com/us/podcast/b%E1%BB%93-%C4%91%E1%BB%81-t%C3%A2m/id1584061148?uo=4,https://bodetam.com.vn/
189.82,305,Sách hôm nay,Sách Hôm Nay,vi,https://anchor.fm/s/f30dbda0/podcast/rss,https://podcasts.apple.com/us/podcast/s%C3%A1ch-h%C3%B4m-nay/id1773652500?uo=4,https://podcasters.spotify.com/pod/show/sachhomnay
189.35,153,KINH Mi Tiên vấn đáp,THẦY THÍCH TRÚC THÁI MINH,vi,https://anchor.fm/s/ee988930/podcast/rss,https://podcasts.apple.com/us/podcast/kinh-mi-ti%C3%AAn-v%E1%BA%A5n-%C4%91%C3%A1p/id1811920677?uo=4,https://thaythichtructhaiminh.com/
179.17,213,Business Insights,VIETSUCCESS,vi,https://anchor.fm/s/e828cf38/podcast/rss,https://podcasts.apple.com/us/podcast/business-insights/id1569229068?uo=4,https://podcasters.spotify.com/pod/show/businessinsights-podcast
176.78,176,Vinaya - Luật Tập Yếu,Vinaya - Luật Tập Yếu,vi,https://anchor.fm/s/71873cac/podcast/rss,https://podcasts.apple.com/us/podcast/vinaya-lu%E1%BA%ADt-t%E1%BA%ADp-y%E1%BA%BFu/id1592423734?uo=4,https://padtvn.org/
170.43,17,Ác mộng kinh tập,PPcv,vi,https://anchor.fm/s/11370a83c/podcast/rss,https://podcasts.apple.com/vn/podcast/%C3%A1c-m%E1%BB%99ng-kinh-t%E1%BA%ADp/id1896890996?uo=4,https://podcasters.spotify.com/pod/show/fbi-united-states7
170.04,2330,thoibao.de,thoibao,vi,https://anchor.fm/s/fd048668/podcast/rss,https://podcasts.apple.com/us/podcast/thoibao-de/id1806968518?uo=4,https://thoibao.de
169.16,14,Sách Nói Cho Học Sinh,Quang Hưng Nguyễn,vi,https://anchor.fm/s/111ff3428/podcast/rss,https://podcasts.apple.com/us/podcast/s%C3%A1ch-n%C3%B3i-cho-h%E1%BB%8Dc-sinh/id1895702029?uo=4,https://podcasters.spotify.com/pod/show/quang-hng-nguyn1
167.06,700,Nhà cố vấn già (NCVG),Phan Lê Thanh Toàn,vi,https://anchor.fm/s/55d741a0/podcast/rss,https://podcasts.apple.com/us/podcast/nh%C3%A0-c%E1%BB%91-v%E1%BA%A5n-gi%C3%A0-ncvg/id1567147512?uo=4,https://nhacovangia.com
166.86,558,Hạnh Phúc Đây Này!,Howen Sangha,vi,https://anchor.fm/s/f35b65b4/podcast/rss,https://podcasts.apple.com/us/podcast/ha-nh-phu-c-%C4%91%C3%A2y-na-y/id1736364328?uo=4,https://annhientam.blogspot.com
165.31,344,AWR Vietnamese - tiếng Việt,AWR,th-th,http://feeds.feedburner.com/VIEHC_VOH,https://podcasts.apple.com/vn/podcast/awr-vietnamese-ti%E1%BA%BFng-vi%E1%BB%87t/id1447044419?uo=4,https://www.awr.org/program/VIEHCaVOH
165.31,344,AWR Vietnamese - tiếng Việt,AWR,th-th,http://feeds.feedburner.com/VIEHC_VOH?fmt=xml,https://podcasts.apple.com/vn/podcast/awr-vietnamese-ti%E1%BA%BFng-vi%E1%BB%87t/id1099911384?uo=4,https://www.awr.org/program/VIEHCaVOH
164.53,700,VOV - Khoa học Công nghệ,Đài Tiếng nói Việt Nam,vi,https://anchor.fm/s/89fc894/podcast/rss,https://podcasts.apple.com/us/podcast/vov-khoa-h%E1%BB%8Dc-c%C3%B4ng-ngh%E1%BB%87/id1449746571?uo=4,http://vov1.vn
163.82,163,Trường Giang sóng sau xô sóng trước,ZhangWu,vi,https://anchor.fm/s/77283a6c/podcast/rss,https://podcasts.apple.com/vn/podcast/tr%C6%B0%E1%BB%9Dng-giang-s%C3%B3ng-sau-x%C3%B4-s%C3%B3ng-tr%C6%B0%E1%BB%9Bc/id1598297522?uo=4,https://podcasters.spotify.com/pod/show/inh-ng7
161.78,17,Lịch Sử Và Danh Nhân Thế Giới,Nguyễn Quang,vi,https://anchor.fm/s/11304eee4/podcast/rss,https://podcasts.apple.com/us/podcast/l%E1%BB%8Bch-s%E1%BB%AD-v%C3%A0-danh-nh%C3%A2n-th%E1%BA%BF-gi%E1%BB%9Bi/id1896814556?uo=4,https://podcasters.spotify.com/pod/show/quang-hng-nguyn7
161.63,330,Tâm Sự Tài Chính,Trịnh Công Hoà,vi,https://anchor.fm/s/36c11764/podcast/rss,https://podcasts.apple.com/us/podcast/t%C3%A2m-s%E1%BB%B1-t%C3%A0i-ch%C3%ADnh/id1532006862?uo=4,https://tiencuatoi.vn/
161.35,465,Tâm Chiếu Hoàn Quán,Phạm Thị Yến,vi,https://anchor.fm/s/e6e052a4/podcast/rss,https://podcasts.apple.com/us/podcast/t%C3%A2m-chi%E1%BA%BFu-ho%C3%A0n-qu%C3%A1n/id1705552461?uo=4,https://phamthiyen.com
158.56,391,Sư Nguyên Tuệ - Gosinga,Sư Nguyên Tuệ,vi,https://anchor.fm/s/4cd7fedc/podcast/rss,https://podcasts.apple.com/vn/podcast/s%C6%B0-nguy%C3%AAn-tu%E1%BB%87-gosinga/id1553817349?uo=4,https://gosinga.vn
158.37,52,Một Hạt Mầm,Anh Nguyen,vi,https://anchor.fm/s/64a8e2c4/podcast/rss,https://podcasts.apple.com/us/podcast/m%E1%BB%99t-h%E1%BA%A1t-m%E1%BA%A7m/id1577475744?uo=4,https://podcasters.spotify.com/pod/show/nhatky1991
156.46,475,Tỉnh Dòng Chúa Cứu Thế Việt Nam,Tỉnh Dòng Chúa Cứu Thế Việt Nam,vi,https://rss.buzzsprout.com/1828117.rss,https://podcasts.apple.com/us/podcast/t%E1%BB%89nh-d%C3%B2ng-ch%C3%BAa-c%E1%BB%A9u-th%E1%BA%BF-vi%E1%BB%87t-nam/id1579160895?uo=4,https://dcctvn.org
154.55,611,Nguyễn Phi Vân's Podcast,Nguyễn Phi Vân,vi,https://anchor.fm/s/659baab8/podcast/rss,https://podcasts.apple.com/us/podcast/nguy%E1%BB%85n-phi-v%C3%A2ns-podcast/id1579064277?uo=4,https://www.nguyenphivan.com
153.96,379,Empowered Muse Podcast,Maii Vu,en-au,https://rss.buzzsprout.com/1064134.rss,https://podcasts.apple.com/us/podcast/empowered-muse-podcast/id1511866584?uo=4,https://www.maiivucoaching.com/
149.82,36,Sách Nói Kinh Doanh - Business Audiobook,Sách Nói Kinh Doanh,vi,https://anchor.fm/s/67f14638/podcast/rss,https://podcasts.apple.com/us/podcast/s%C3%A1ch-n%C3%B3i-kinh-doanh-business-audiobook/id1583282949?uo=4,https://chuvietuoc.com
149.65,44,Tây Du Đại Giải Trí Gia Audio,Truyện Audio,vi,https://anchor.fm/s/10a32becc/podcast/rss,https://podcasts.apple.com/vn/podcast/t%C3%A2y-du-%C4%91%E1%BA%A1i-gi%E1%BA%A3i-tr%C3%AD-gia-audio/id1844822183?uo=4,https://podcasters.spotify.com/pod/show/trn-anh-tin3
147.39,117,Vấn Đáp Thích Pháp Hòa,Thầy Thích Pháp Hòa,vi,https://anchor.fm/s/106e85114/podcast/rss,https://podcasts.apple.com/us/podcast/v%E1%BA%A5n-%C4%91%C3%A1p-th%C3%ADch-ph%C3%A1p-h%C3%B2a/id1836382628?uo=4,https://podcasters.spotify.com/pod/show/thich-phap-hoa3
147.03,177,Viet Hung - Author | Speaker | A Happiness Pursuer,Viet Hung,vi,https://anchor.fm/s/5de910e4/podcast/rss,https://podcasts.apple.com/us/podcast/viet-hung-author-speaker-a-happiness-pursuer/id1570887426?uo=4,https://www.viethungnguyen.com
145.39,25,Kênh Sách Nói,P.D,vi,https://anchor.fm/s/100c1c57c/podcast/rss,https://podcasts.apple.com/us/podcast/k%C3%AAnh-s%C3%A1ch-n%C3%B3i/id1794127006?uo=4,https://podcasters.spotify.com/pod/show/kenhdocsach
143.14,328,Nguyễn Hữu Trí Podcast,Nguyễn Hữu Trí,vi,https://anchor.fm/s/8efd0398/podcast/rss,https://podcasts.apple.com/us/podcast/nguy%E1%BB%85n-h%E1%BB%AFu-tr%C3%AD-podcast/id1643825951?uo=4,https://ayp.vn/
141.54,28,Sách &amp; Cuộc Sống 80s,QuangQuy80s,vi,https://anchor.fm/s/efd46620/podcast/rss,https://podcasts.apple.com/vn/podcast/s%C3%A1ch-cu%E1%BB%99c-s%E1%BB%91ng-80s/id1724257134?uo=4,https://podcasters.spotify.com/pod/show/quangquy80s
139.78,286,Nằm nghe đọc truyện - Hathaya Audio,Hathaya audio,vi,https://anchor.fm/s/79b5b70/podcast/rss,https://podcasts.apple.com/us/podcast/n%E1%BA%B1m-nghe-%C4%91%E1%BB%8Dc-truy%E1%BB%87n-hathaya-audio/id1721295285?uo=4,https://www.youtube.com/channel/UConXkckotb8B6E1P7ahFsIg/featured?view_as=subscriber
138.4,399,SEBT - SexEdu by Trang,SexEdu by Trang,vi,https://anchor.fm/s/10c3e9b0/podcast/rss,https://podcasts.apple.com/us/podcast/sebt-sexedu-by-trang/id1489082359?uo=4,https://sexedubytrang.com
137.01,170,Nhìn Sâu Hiểu Thấu,Nhìn Sâu Hiểu Thấu,vi,https://anchor.fm/s/102a7562c/podcast/rss,https://podcasts.apple.com/us/podcast/nh%C3%ACn-s%C3%A2u-hi%E1%BB%83u-th%E1%BA%A5u/id1803260373?uo=4,https://podcasters.spotify.com/pod/show/nhin-sau-hieu-thau
134.55,1126,Ngọc Dung Radio,"TSM Media Co.,Ltd",vi,https://anchor.fm/s/ef293200/podcast/rss,https://podcasts.apple.com/us/podcast/ng%E1%BB%8Dc-dung-radio/id1723292905?uo=4,https://podcasters.spotify.com/pod/show/ngocdungradio
134.51,164,CEO LAB,Lê Diệp Kiều Trang,vi,https://anchor.fm/s/e26b6f74/podcast/rss,https://podcasts.apple.com/us/podcast/ceo-lab/id1689344819?uo=4,https://ceolab.vn
133.21,630,Radio - Sức khỏe trên hết,Radio - Sức khỏe trên hết,vi,https://anchor.fm/s/65848b94/podcast/rss,https://podcasts.apple.com/vn/podcast/radio-s%E1%BB%A9c-kh%E1%BB%8Fe-tr%C3%AAn-h%E1%BA%BFt/id1578294391?uo=4,https://hanoitv.vn
132.28,63,Phúc Hưng 27,Phúc Hưng 27,vi,https://anchor.fm/s/6b023788/podcast/rss,https://podcasts.apple.com/us/podcast/ph%C3%BAc-h%C6%B0ng-27/id1586239281?uo=4,https://podcasters.spotify.com/pod/show/phuchung27
129.6,195,5 TinhCachGoc,Lượng Đức,vi,https://anchor.fm/s/a92c0840/podcast/rss,https://podcasts.apple.com/us/podcast/5-tinhcachgoc/id1646748679?uo=4,https://tinhcach.edu.vn/
128.36,37,Bui Dieu Linh,Bui Dieu Linh,en,https://anchor.fm/s/5fe175e4/podcast/rss,https://podcasts.apple.com/us/podcast/bui-dieu-linh/id1572768871?uo=4,https://podcasters.spotify.com/pod/show/bui-dieu-linh
128.13,104,XOÁ MÙ TÀI CHÍNH,THB,vi,https://anchor.fm/s/4f09f0ac/podcast/rss,https://podcasts.apple.com/vn/podcast/xo%C3%A1-m%C3%B9-t%C3%A0i-ch%C3%ADnh/id1581105486?uo=4,https://podcasters.spotify.com/pod/show/hai-bang-tran
128.1,112,Chăm Sóc Sức Khoẻ Cùng Dược Sĩ Lan,Dược Sĩ Lan,vi,https://anchor.fm/s/11058adc0/podcast/rss,https://podcasts.apple.com/us/podcast/ch%C4%83m-s%C3%B3c-s%E1%BB%A9c-kho%E1%BA%BB-c%C3%B9ng-d%C6%B0%E1%BB%A3c-s%C4%A9-lan/id1887572458?uo=4,https://podcasters.spotify.com/pod/show/dc-s-lan
126.25,78,Top Tiên Hiệp Channel,Ha Hoang,vi,https://anchor.fm/s/e0d16d58/podcast/rss,https://podcasts.apple.com/us/podcast/top-ti%C3%AAn-hi%E1%BB%87p-channel/id1686560797?uo=4,https://podcasters.spotify.com/pod/show/toptienhiepchannel
126.04,292,Luyện Nghe Tiếng Anh Hàng Ngày - Ms Thuỷ KISS English,Ms Thủy KISS English,vi,https://anchor.fm/s/f8792f90/podcast/rss,https://podcasts.apple.com/us/podcast/luy%E1%BB%87n-nghe-ti%E1%BA%BFng-anh-h%C3%A0ng-ng%C3%A0y-ms-thu%E1%BB%B7-kiss-english/id1708937417?uo=4,https://kissenglishcenter.com/
125.06,875,TRITHUCVN's Podcast,William,vi,https://rss.buzzsprout.com/983386.rss,https://podcasts.apple.com/us/podcast/trithucvns-podcast/id1506371637?uo=4,https://trithucvn.net
124.02,34,Nghe Sách Mỗi Ngày,Phạm Thành Long,vi,https://anchor.fm/s/697189b4/podcast/rss,https://podcasts.apple.com/us/podcast/nghe-s%C3%A1ch-m%E1%BB%97i-ng%C3%A0y/id1584860512?uo=4,https://podcasters.spotify.com/pod/show/ptlong
123.95,191,Nhịp sống Đài Loan,"Lệ Phương,Rti",vi_vn,https://www.rti.org.tw/vn/programpodcasturl?id=451,https://podcasts.apple.com/vn/podcast/nh%E1%BB%8Bp-s%E1%BB%91ng-%C4%91%C3%A0i-loan/id1643105223?uo=4,https://www.rti.org.tw/vn/program?uid=4&pid=451
123.27,254,V RADIO by Huong Nguyen,Huong Nguyen,vi,https://anchor.fm/s/25870418/podcast/rss,https://podcasts.apple.com/us/podcast/v-radio-by-huong-nguyen/id1519818881?uo=4,https://www.facebook.com/nguyenquynhhuong.nguyen
122.32,318,Huyền Không Sơn Thượng,Trụ trì HT. Giới Đức - Minh Đức Triều Tâm Ảnh,vi,https://anchor.fm/s/deab8590/podcast/rss,https://podcasts.apple.com/us/podcast/huy%E1%BB%81n-kh%C3%B4ng-s%C6%A1n-th%C6%B0%E1%BB%A3ng/id1681527890?uo=4,https://huyenkhongsonthuong.web.app
121.89,244,Advertising Vietnam Podcast,Advertising Vietnam,vi,https://anchor.fm/s/54f0dad0/podcast/rss,https://podcasts.apple.com/vn/podcast/advertising-vietnam-podcast/id1561569426?uo=4,https://advertisingvietnam.com
121.87,99,Cùng đọc Kinh Thánh,www.nhatho.org,vi,https://anchor.fm/s/997fef60/podcast/rss,https://podcasts.apple.com/us/podcast/c%C3%B9ng-%C4%91%E1%BB%8Dc-kinh-th%C3%A1nh/id1562780430?uo=4,https://nhatho.org/
121.59,98,THBT-GIẢI TRÍ TỔNG HỢP,Đài Phát Thanh & Truyền Hình Bến Tre,vi,https://anchor.fm/s/102f4fa58/podcast/rss,https://podcasts.apple.com/us/podcast/thbt-gi%E1%BA%A3i-tr%C3%AD-t%E1%BB%95ng-h%E1%BB%A3p/id1712043037?uo=4,https://podcasters.spotify.com/pod/show/t-383
119.99,167,Vietnam Innovators (Tiếng Việt),Vietcetera,vi,https://anchor.fm/s/103279b48/podcast/rss,https://podcasts.apple.com/us/podcast/vietnam-innovators-ti%E1%BA%BFng-vi%E1%BB%87t/id1552132023?uo=4,https://vietcetera.com/
118.7,413,Học Kinh Thánh từng chương,Mật Từ Hòn Đá,vi,https://anchor.fm/s/70fc4f70/podcast/rss,https://podcasts.apple.com/vn/podcast/h%E1%BB%8Dc-kinh-th%C3%A1nh-t%E1%BB%ABng-ch%C6%B0%C6%A1ng/id1610815585?uo=4,https://podcasters.spotify.com/pod/show/mt-t-hn
117.14,116,ShineYouAcademy_Book,Life of Mint,vi,https://anchor.fm/s/64df8964/podcast/rss,https://podcasts.apple.com/us/podcast/shineyouacademy-book/id1577481853?uo=4,https://podcasters.spotify.com/pod/show/shineyouacademy
116.83,19,Cao2309,Cao2309,vi,https://anchor.fm/s/11018ae28/podcast/rss,https://podcasts.apple.com/us/podcast/cao2309/id1884652774?uo=4,https://podcasters.spotify.com/pod/show/cao2309
116.82,414,Huynh Duy Khuong Show,Huỳnh Duy Khương,vi,https://anchor.fm/s/49acb248/podcast/rss,https://podcasts.apple.com/vn/podcast/huynh-duy-khuong-show/id1550839822?uo=4,https://huynhduykhuong.vn/
116.22,88,Thích Đồng Thành - Chùa Thiên An,Vạn Hiển,vi,https://anchor.fm/s/f1722094/podcast/rss,https://podcasts.apple.com/us/podcast/th%C3%ADch-%C4%91%E1%BB%93ng-th%C3%A0nh-ch%C3%B9a-thi%C3%AAn-an/id1727976651?uo=4,https://chuathienan.vn/
116.13,117,Casă pe Piatră,Episoade noi în data de 15 ale lunii,ro,https://anchor.fm/s/433999d0/podcast/rss,https://podcasts.apple.com/us/podcast/cas%C4%83-pe-piatr%C4%83/id1543732327?uo=4,https://casapepiatra.ro/
115.44,316,Suy Niệm Kinh Mân Côi mỗi ngày,CatholicOP,vi,https://anchor.fm/s/10c2968d4/podcast/rss,https://podcasts.apple.com/us/podcast/suy-ni%E1%BB%87m-kinh-m%C3%A2n-c%C3%B4i-m%E1%BB%97i-ng%C3%A0y/id1856817410?uo=4,https://podcasters.spotify.com/pod/show/nicolas-thang
114.74,250,VOV2 Chuyện thầm kín,VOV2 Chuyện thầm kín,vi,https://anchor.fm/s/62cec234/podcast/rss,https://podcasts.apple.com/us/podcast/vov2-chuy%E1%BB%87n-th%E1%BA%A7m-k%C3%ADn/id1575702668?uo=4,https://vov2.vov.vn/chuyen-tham-kin
114.06,289,Thầy Duy Khởi Nghiệp,Nguyen Thai Duy,vi,https://anchor.fm/s/dadb62f0/podcast/rss,https://podcasts.apple.com/us/podcast/th%E1%BA%A7y-duy-kh%E1%BB%9Fi-nghi%E1%BB%87p/id1671996168?uo=4,https://betraining.org/
113.85,293,Bạch Thoại Phật Pháp - Pháp Môn Tâm Linh,Phúc Thanh,vi,https://anchor.fm/s/104f9d530/podcast/rss,https://podcasts.apple.com/us/podcast/b%E1%BA%A1ch-tho%E1%BA%A1i-ph%E1%BA%ADt-ph%C3%A1p-ph%C3%A1p-m%C3%B4n-t%C3%A2m-linh/id1814854935?uo=4,https://phapmontamlinhvi.blogspot.com/
113.47,89,CRADOR AUDIO,TRỊNH THI,vi,https://anchor.fm/s/3d5f8d08/podcast/rss,https://podcasts.apple.com/us/podcast/crador-audio/id1537641448?uo=4,https://podcasters.spotify.com/pod/show/trinh-thi
113.2,273,Bít Tất,Vietcetera,vi,https://anchor.fm/s/103667ee4/podcast/rss,https://podcasts.apple.com/us/podcast/b%C3%ADt-t%E1%BA%A5t/id1551935838?uo=4,https://vietcetera.com/
113.03,481,KHO TRUYỆN CỔ TÍCH - CMDD Audio,CHÚ MÈO ĐI DÉP,vi,https://anchor.fm/s/b0e954c/podcast/rss,https://podcasts.apple.com/us/podcast/kho-truy%E1%BB%87n-c%E1%BB%95-t%C3%ADch-cmdd-audio/id1532630528?uo=4,https://www.chumeodidep.com/
112.26,196,Phật Pháp và Giải Thoát (ĐĐ. Thích Toàn Thiện),Thích Toàn Thiện,vi,https://anchor.fm/s/e0f9fe80/podcast/rss,https://podcasts.apple.com/us/podcast/ph%E1%BA%ADt-ph%C3%A1p-v%C3%A0-gi%E1%BA%A3i-tho%C3%A1t-%C4%91%C4%91-th%C3%ADch-to%C3%A0n-thi%E1%BB%87n/id1697597336?uo=4,https://youtube.com/@tykheothichtoanthien
110.26,224,SÁCH HAY MỘT THUỞ,Voice Artist Đông Quân,vi,https://anchor.fm/s/58dda7b8/podcast/rss,https://podcasts.apple.com/us/podcast/s%C3%A1ch-hay-m%E1%BB%99t-thu%E1%BB%9F/id1565466816?uo=4,https://podcasters.spotify.com/pod/show/dong-quan---voice-talent
106.85,240,Brand Talks,Brands Vietnam,vi,https://anchor.fm/s/35a724e0/podcast/rss,https://podcasts.apple.com/us/podcast/brand-talks/id1531072297?uo=4,https://www.brandsvietnam.com
106.21,32,Sudo's Books - Nghe sách nói cùng Sudo,Sudo,vi,https://anchor.fm/s/f679c808/podcast/rss,https://podcasts.apple.com/vn/podcast/sudos-books-nghe-s%C3%A1ch-n%C3%B3i-c%C3%B9ng-sudo/id1747340668?uo=4,https://podcasters.spotify.com/pod/show/sudo-books
105.2,423,Cà Phê Khởi Nghiệp Cùng Tùng Bê Tê - Không kịch bản,Tung BT,vi,https://rss.buzzsprout.com/1712557.rss,https://podcasts.apple.com/us/podcast/c%C3%A0-ph%C3%AA-kh%E1%BB%9Fi-nghi%E1%BB%87p-c%C3%B9ng-t%C3%B9ng-b%C3%AA-t%C3%AA-kh%C3%B4ng-k%E1%BB%8Bch-b%E1%BA%A3n/id1573327979?uo=4,https://tungbtpodcast.buzzsprout.com
104.51,194,Tony,Tony,vi,https://anchor.fm/s/52498b4c/podcast/rss,https://podcasts.apple.com/us/podcast/tony/id1559319943?uo=4,https://podcasters.spotify.com/pod/show/lamthanhtn
104.13,84,Đọc truyện kinh điển đêm khuya,Lan Chi,vi,https://anchor.fm/s/17a0e7ec/podcast/rss,https://podcasts.apple.com/us/podcast/%C4%91%E1%BB%8Dc-truy%E1%BB%87n-kinh-%C4%91i%E1%BB%83n-%C4%91%C3%AAm-khuya/id1504212067?uo=4,https://lanchisbookcafe.blogspot.com/
103.5,256,Chu Công Ước,Chu Công Ước,vi,https://anchor.fm/s/232f00f8/podcast/rss,https://podcasts.apple.com/us/podcast/chu-c%C3%B4ng-%C6%B0%E1%BB%9Bc/id1516363480?uo=4,https://go.zarvis.vn/2days-zaloautomation
102.36,32,Ma Thổi Đèn Audio,Truyện Audio,vi,https://anchor.fm/s/10a480b24/podcast/rss,https://podcasts.apple.com/us/podcast/ma-th%E1%BB%95i-%C4%91%C3%A8n-audio/id1845156141?uo=4,https://podcasters.spotify.com/pod/show/trn-anh-tin8
102.04,180,Tỉnh Thức Ứng Dụng,Minh Tánh Nguyễn Duy Nhiên,vi,https://anchor.fm/s/76996724/podcast/rss,https://podcasts.apple.com/vn/podcast/t%E1%BB%89nh-th%E1%BB%A9c-%E1%BB%A9ng-d%E1%BB%A5ng/id1598216385?uo=4,http://nguyenduynhien.blogspot.com/
101.95,105,Chapter 0,Rising Vietnam,vi,https://anchor.fm/s/ca09a75c/podcast/rss,https://podcasts.apple.com/us/podcast/chapter-0/id1658706990?uo=4,https://podcasters.spotify.com/pod/show/risingvietnam
101.75,248,Mẹ Việt Kênh Âm Thanh Của Ba Mẹ!,Phạm Thuần,vi,https://anchor.fm/s/143be96c/podcast/rss,https://podcasts.apple.com/us/podcast/m%E1%BA%B9-vi%E1%BB%87t-k%C3%AAnh-%C3%A2m-thanh-c%E1%BB%A7a-ba-m%E1%BA%B9/id1502733865?uo=4,https://meviet.vn/
100.97,262,Tri Kỷ Cảm Xúc,Tri Kỷ Cảm Xúc,en,https://feeds.soundcloud.com/users/soundcloud:users:174938737/sounds.rss,https://podcasts.apple.com/us/podcast/tri-k%E1%BB%B7-c%E1%BA%A3m-x%C3%BAc/id1355572154?uo=4,http://tkcx.vn/
100.36,500,Tổng Giáo Phận Sài Gòn,TGPSG,vi,https://feed.podbean.com/TGPSG/feed.xml,https://podcasts.apple.com/us/podcast/t%E1%BB%95ng-gi%C3%A1o-ph%E1%BA%ADn-s%C3%A0i-g%C3%B2n/id1541338376?uo=4,https://tgpsg.podbean.com/
99.18,350,Khám phá thế giới Khoa học,Dr. Son Hoang,vi,https://anchor.fm/s/10862830c/podcast/rss,https://podcasts.apple.com/us/podcast/kh%C3%A1m-ph%C3%A1-th%E1%BA%BF-gi%E1%BB%9Bi-khoa-h%E1%BB%8Dc/id1833813264?uo=4,https://podcasters.spotify.com/pod/show/son-hoang3
95.06,725,TỪ ĐIỂN LỊCH SỬ,Từ điển lịch sử,vi,https://anchor.fm/s/6396df80/podcast/rss,https://podcasts.apple.com/us/podcast/t%E1%BB%AB-%C4%91i%E1%BB%83n-l%E1%BB%8Bch-s%E1%BB%AD/id1576226916?uo=4,https://tgm.com.vn
94.97,26,Quỷ Xá-Ninh Thu Thủy,PPcv,vi,https://anchor.fm/s/105ea3390/podcast/rss,https://podcasts.apple.com/us/podcast/qu%E1%BB%B7-x%C3%A1-ninh-thu-th%E1%BB%A7y/id1819322594?uo=4,https://podcasters.spotify.com/pod/show/fbi-united-states8
94.61,223,TRUYỆN THẦN THOẠI,Dinh Trung Thanh,vi,https://anchor.fm/s/a638fc74/podcast/rss,https://podcasts.apple.com/us/podcast/truy%E1%BB%87n-th%E1%BA%A7n-tho%E1%BA%A1i/id1633862014?uo=4,https://podcasters.spotify.com/pod/show/truyenthanthoai
94.45,202,Chầm Chậm Mà Sống,Nam Phương,vi,https://anchor.fm/s/1eee4df0/podcast/rss,https://podcasts.apple.com/us/podcast/ch%E1%BA%A7m-ch%E1%BA%ADm-m%C3%A0-s%E1%BB%91ng/id1513007629?uo=4,https://www.coachnamphuong.com/
94.24,53,Bánh Xe Luân Hồi,Bánh Xe Luân Hồi,vi,https://anchor.fm/s/426503f0/podcast/rss,https://podcasts.apple.com/us/podcast/b%C3%A1nh-xe-lu%C3%A2n-h%E1%BB%93i/id1542797878?uo=4,https://linktr.ee/banhxeluanhoi
94.2,114,Kinh Thánh 100 Tuần,Trinh Phuc Nha,vi,https://anchor.fm/s/9b6be8b0/podcast/rss,https://podcasts.apple.com/us/podcast/kinh-th%C3%A1nh-100-tu%E1%BA%A7n/id1626981948?uo=4,https://podcasters.spotify.com/pod/show/tphucnha
93.76,113,EMMANUEL,EMMANUEL,vi,https://anchor.fm/s/101276c24/podcast/rss,https://podcasts.apple.com/us/podcast/emmanuel/id1796308442?uo=4,https://podcasters.spotify.com/pod/show/emmanuelchrist
93.7,16,Audio Đam Mỹ,HaClover,vi,https://anchor.fm/s/fd267714/podcast/rss,https://podcasts.apple.com/us/podcast/audio-%C4%91am-m%E1%BB%B9/id1777786766?uo=4,https://podcasters.spotify.com/pod/show/haclover2
91.71,16,Sách nói và Tiểu thuyết Podcast - presented by The Rich Audio (TRA),The Rich Audio (TRA),vi,https://anchor.fm/s/f3d0a428/podcast/rss,https://podcasts.apple.com/us/podcast/s%C3%A1ch-n%C3%B3i-v%C3%A0-ti%E1%BB%83u-thuy%E1%BA%BFt-podcast-presented-by-the-rich/id1757110087?uo=4,https://youtube.com/@therichaudio
91.07,509,Chuyện Xưa KHÔNG CŨ,Thu,vi,https://anchor.fm/s/4e2abe00/podcast/rss,https://podcasts.apple.com/us/podcast/chuy%E1%BB%87n-x%C6%B0a-kh%C3%B4ng-c%C5%A9/id1555108839?uo=4,https://podcasters.spotify.com/pod/show/ngaynaynamay
90.25,153,Sách và Đời,Nguyễn Tiến Đạo,vi,https://anchor.fm/s/f9f486e4/podcast/rss,https://podcasts.apple.com/us/podcast/s%C3%A1ch-v%C3%A0-%C4%91%E1%BB%9Di/id1606666185?uo=4,https://podcasters.spotify.com/pod/show/sachvadoi
89.22,502,Podcast Báo Phú Thọ,Podcast Báo Phú Thọ,vi,https://anchor.fm/s/731c17a4/podcast/rss,https://podcasts.apple.com/us/podcast/podcast-b%C3%A1o-ph%C3%BA-th%E1%BB%8D/id1595304879?uo=4,https://baophutho.vn
89.06,559,RADIO NÔNG DÂN,Báo Điện tử Dân Việt,vi,https://rss.buzzsprout.com/1830918.rss,https://podcasts.apple.com/us/podcast/radio-n%C3%B4ng-d%C3%A2n/id1583925449?uo=4,https://www.buzzsprout.com/1830918
88.1,121,Triệu Hoàng Tình ABO,Triệu Hoàng Tình,vi,https://anchor.fm/s/50190dc0/podcast/rss,https://podcasts.apple.com/us/podcast/tri%E1%BB%87u-ho%C3%A0ng-t%C3%ACnh-abo/id1557585968?uo=4,http://trieuhoangtinh.affimart.com
87.61,887,Thế giới Giao thông,Kênh VOV Giao thông (VOVGT),vi,https://anchor.fm/s/246f98d8/podcast/rss,https://podcasts.apple.com/vn/podcast/th%E1%BA%BF-gi%E1%BB%9Bi-giao-th%C3%B4ng/id1516466100?uo=4,https://podcasters.spotify.com/pod/show/giao-thng-th-gii
87.27,402,SOULFUL MARRIAGE - Hôn Nhân Hòa Hợp Sâu Sắc Tâm Hồn,Phuong Le (Thanh Phương Family Mentor),vi,https://anchor.fm/s/1e23d2c8/podcast/rss,https://podcasts.apple.com/us/podcast/soulful-marriage-h%C3%B4n-nh%C3%A2n-h%C3%B2a-h%E1%BB%A3p-s%C3%A2u-s%E1%BA%AFc-t%C3%A2m-h%E1%BB%93n/id1510249303?uo=4,https://podcasters.spotify.com/pod/show/vuongphuichtu
86.23,248,Báo Thanh Niên,Báo Thanh Niên,vi,https://anchor.fm/s/dbfc18b4/podcast/rss,https://podcasts.apple.com/vn/podcast/b%C3%A1o-thanh-ni%C3%AAn/id1676196636?uo=4,https://thanhnien.vn/
86.02,66,Kinh Thánh Tiếng Việt 1925,Bible Society Vietnam,vi,https://anchor.fm/s/dca2510c/podcast/rss,https://podcasts.apple.com/vn/podcast/kinh-th%C3%A1nh-ti%E1%BA%BFng-vi%E1%BB%87t-1925/id1682865554?uo=4,https://biblevietnam.org
85.19,290,SynapseLingo Học tiếng Anh,SynapseLingo,vi,https://synapselingo-hoc-tieng-anh.podigee.io/feed/mp3,https://podcasts.apple.com/vn/podcast/synapselingo-h%E1%BB%8Dc-ti%E1%BA%BFng-anh/id1808134699?uo=4,https://www.synapse-lingo.de/
84.89,500,Radio TGP Hà Nội,TGP Hà Nội,en,https://feeds.soundcloud.com/users/soundcloud:users:681248687/sounds.rss,https://podcasts.apple.com/vn/podcast/radio-tgp-h%C3%A0-n%E1%BB%99i/id1486076129?uo=4,https://www.tonggiaophanhanoi.org/
84.85,500,Tài chính,Thời báo Tài chính Việt Nam,vi,https://anchor.fm/s/dcbe37a0/podcast/rss,https://podcasts.apple.com/vn/podcast/t%C3%A0i-ch%C3%ADnh/id1677739003?uo=4,https://thoibaotaichinhvietnam.vn/
84.38,106,The Tri Way,Tri Lecao,vi,https://anchor.fm/s/2d31e944/podcast/rss,https://podcasts.apple.com/us/podcast/the-tri-way/id1525490118?uo=4,https://tri.lecao.rocks
83.6,253,Doanh Nhân Kể,Doanh Nhân Kể,vi,https://anchor.fm/s/d0472ef0/podcast/rss,https://podcasts.apple.com/vn/podcast/doanh-nh%C3%A2n-k%E1%BB%83/id1708859058?uo=4,https://podcasters.spotify.com/pod/show/doanh-nhn-k
83.46,193,CÙNG HỌC LỜI CHÚA,Huỳnh Minh Hưng,vi,https://anchor.fm/s/e543278c/podcast/rss,https://podcasts.apple.com/us/podcast/c%C3%B9ng-h%E1%BB%8Dc-l%E1%BB%9Di-ch%C3%BAa/id1698628162?uo=4,https://podcasters.spotify.com/pod/show/huynh-minh-hung
83.02,914,GIÁ HEO HƠI,giaheohoi,en-us,https://anchor.fm/s/5a9f4d18/podcast/rss,https://podcasts.apple.com/us/podcast/gi%C3%A1-heo-h%C6%A1i/id1567008530?uo=4,https://www.giaheoup.date
82.94,386,Phân Tích Kinh Tế,phantichkinhte123.com,vi,https://feeds.acast.com/public/shows/63e37924f1226f0011da9a14,https://podcasts.apple.com/us/podcast/ph%C3%A2n-t%C3%ADch-kinh-t%E1%BA%BF/id1727864483?uo=4,https://shows.acast.com/phantichkinhte123com
82.94,178,Hải Dương Radio-Tin tức,Đài PTTH Hải Dương,vi,https://anchor.fm/s/d9df396c/podcast/rss,https://podcasts.apple.com/vn/podcast/h%E1%BA%A3i-d%C6%B0%C6%A1ng-radio-tin-t%E1%BB%A9c/id1671480839?uo=4,http://www.haiduongtv.com.vn
82.31,252,SynapseLingo Học tiếng Đức,SynapseLingo,vi,https://synapselingo-hoc-tieng-duc.podigee.io/feed/mp3,https://podcasts.apple.com/vn/podcast/synapselingo-h%E1%BB%8Dc-ti%E1%BA%BFng-%C4%91%E1%BB%A9c/id1809984439?uo=4,https://www.synapse-lingo.de/
81.82,81,Clb Đọc Sách 5h Sáng,Clb Đọc Sách 5h Sáng,vi,https://anchor.fm/s/629553dc/podcast/rss,https://podcasts.apple.com/vn/podcast/clb-%C4%91%E1%BB%8Dc-s%C3%A1ch-5h-s%C3%A1ng/id1577607468?uo=4,https://clbdocsach.affimart.com
81.63,253,Chuyện đời Sales,Chuyện đời Sales,vi,https://anchor.fm/s/6cae7600/podcast/rss,https://podcasts.apple.com/us/podcast/chuy%E1%BB%87n-%C4%91%E1%BB%9Di-sales/id1590936917?uo=4,https://podcasters.spotify.com/pod/show/tung-luu-tien
80.86,130,Muttant,Đinh Đông,vi,https://anchor.fm/s/5c9b209c/podcast/rss,https://podcasts.apple.com/us/podcast/muttant/id1569122274?uo=4,https://podcasters.spotify.com/pod/show/inh-ng
80.18,327,Learn With Thai Van Linh,Linh Thai / Thái Vân Linh,vi,https://anchor.fm/s/c556fe1c/podcast/rss,https://podcasts.apple.com/us/podcast/learn-with-thai-van-linh/id1651789587?uo=4,https://www.thaivanlinh.com/
79.6,99,Du và Học Podcast,PodcastViet,vi,https://anchor.fm/s/e2263d0/podcast/rss,https://podcasts.apple.com/us/podcast/du-v%C3%A0-h%E1%BB%8Dc-podcast/id1480097680?uo=4,https://www.podcastviet.com/duvahoc
78.96,15,Đọc sách cùng em,Hoang Thi My Ngoc,vi,https://anchor.fm/s/b661b988/podcast/rss,https://podcasts.apple.com/us/podcast/%C4%91%E1%BB%8Dc-s%C3%A1ch-c%C3%B9ng-em/id1645603854?uo=4,https://podcasters.spotify.com/pod/show/hoang-thi-my-ngoc
78.24,23,Triet Do,Triet Do,en-us,https://anchor.fm/s/12192140/podcast/rss,https://podcasts.apple.com/vn/podcast/triet-do/id1493354573?uo=4,https://podcasters.spotify.com/pod/show/triet-do
77.63,86,5W1H Podcast cùng Vũ Kim Hạnh,5W1H Podcast,vi,https://anchor.fm/s/cfe978b4/podcast/rss,https://podcasts.apple.com/us/podcast/5w1h-podcast-c%C3%B9ng-v%C5%A9-kim-h%E1%BA%A1nh/id1656412548?uo=4,https://podcasters.spotify.com/pod/show/5w1h-podcast2
77.58,321,CDTeam - Vũ Trụ Nguyên Thủy,Nguyễn Việt Cường,vi,https://anchor.fm/s/657e0ea4/podcast/rss,https://podcasts.apple.com/us/podcast/cdteam-v%C5%A9-tr%E1%BB%A5-nguy%C3%AAn-th%E1%BB%A7y/id1594879907?uo=4,https://podcasters.spotify.com/pod/show/nguyenvietcuong
76.98,228,Hạnh Phúc Ngay Hiện Tại - Đạo Nhân Quả - Lòng Yêu Thương Thánh Thiện Vô Điều Kiện..!!!💛💗💛,Hạnh Phúc Ngay Hiện Tại - Đạo Nhân Quả - Yêu Thương Thánh Thiện Vô Điều Kiện! 💛,vi,https://anchor.fm/s/65e54f10/podcast/rss,https://podcasts.apple.com/vn/podcast/h%E1%BA%A1nh-ph%C3%BAc-ngay-hi%E1%BB%87n-t%E1%BA%A1i-%C4%91%E1%BA%A1o-nh%C3%A2n-qu%E1%BA%A3-l%C3%B2ng-y%C3%AAu-th%C6%B0%C6%A1ng/id1580067376?uo=4,www.taisinhkhongcon.com
76.58,184,Future Impact Academy,from Vietnam,vi,https://anchor.fm/s/64c80064/podcast/rss,https://podcasts.apple.com/vn/podcast/future-impact-academy/id1578735773?uo=4,https://futureimpactacademy.com/
75.83,55,TÍCH TRUYỆN PHÁP CÚ,THẦY THÍCH TRÚC THÁI MINH,vi,https://anchor.fm/s/ebca1a0c/podcast/rss,https://podcasts.apple.com/us/podcast/t%C3%ADch-truy%E1%BB%87n-ph%C3%A1p-c%C3%BA/id1811929803?uo=4,https://thaythichtructhaiminh.com/
74.78,148,Misstramfitness Podcast,Misstramfitness Podcast,vi,https://anchor.fm/s/e743005c/podcast/rss,https://podcasts.apple.com/us/podcast/misstramfitness-podcast/id1704525161?uo=4,https://instagram.com/misstramfitness?igshid=OGQ5ZDc2ODk2ZA==
74.2,31,DNH - Audio Phát Triển Bản Thân,Hoang,vi,https://anchor.fm/s/42f0b6d4/podcast/rss,https://podcasts.apple.com/vn/podcast/dnh-audio-ph%C3%A1t-tri%E1%BB%83n-b%E1%BA%A3n-th%C3%A2n/id1543503295?uo=4,https://podcasters.spotify.com/pod/show/hoang18
73.53,161,Truyện ngắn chọn lọc,VNPodcast,vi,https://anchor.fm/s/f32d7208/podcast/rss,https://podcasts.apple.com/us/podcast/truy%E1%BB%87n-ng%E1%BA%AFn-ch%E1%BB%8Dn-l%E1%BB%8Dc/id1476515545?uo=4,https://podcasters.spotify.com/pod/show/vnpod03
73.07,72,Q&amp;A về Quản lý Sales và Kỹ năng Sales,Đỗ Xuân Tùng,vi,https://anchor.fm/s/1e1c8f68/podcast/rss,https://podcasts.apple.com/us/podcast/q-a-v%E1%BB%81-qu%E1%BA%A3n-l%C3%BD-sales-v%C3%A0-k%E1%BB%B9-n%C4%83ng-sales/id1510237999?uo=4,https://daotaosales.moma.vn
72.66,85,Sống vui sống khỏe,"Kim Dung,Rti",vi_vn,https://www.rti.org.tw/vn/CombinedProgramPodcastUrl?id=22,https://podcasts.apple.com/vn/podcast/s%C3%B4-ng-vui-s%C3%B4-ng-kho-e/id1703933297?uo=4,https://www.rti.org.tw/vn/CombinedProgramPodcastUrl?id=22
71.86,97,Ta Đi Tây,Ta Di Tay,vi,https://www.spreaker.com/show/3520951/episodes/feed,https://podcasts.apple.com/us/podcast/ta-%C4%91i-t%C3%A2y/id1463143817?uo=4,https://www.spreaker.com/podcast/ta-di-tay--3520951
71.54,57,Forward Vietnam Podcast,Forward Vietnam Podcast,vi,https://anchor.fm/s/ca8ca300/podcast/rss,https://podcasts.apple.com/vn/podcast/forward-vietnam-podcast/id1653799053?uo=4,https://podcasters.spotify.com/pod/show/forward-podcast8
70.26,179,Better Version,Better Version,vi,https://anchor.fm/s/6d0b6694/podcast/rss,https://podcasts.apple.com/us/podcast/better-version/id1588566083?uo=4,https://podcasters.spotify.com/pod/show/better-version
69.54,428,paraMilog,Audio Book,vi,https://anchor.fm/s/69290b1c/podcast/rss,https://podcasts.apple.com/vn/podcast/paramilog/id1584699838?uo=4,https://podcasters.spotify.com/pod/show/mi-thieu
69.47,143,The Present Writer,"Chi Nguyen, PhD.",vi,https://anchor.fm/s/326d676c/podcast/rss,https://podcasts.apple.com/us/podcast/the-present-writer/id1529306349?uo=4,http://thepresentwriter.com/
69.42,7,Khóa Giảng Thiền | Thầy Viên Minh | Giảng tại Tổ Đình Bửu Long,Thầy Viên Minh,vi,https://anchor.fm/s/1076d9770/podcast/rss,https://podcasts.apple.com/us/podcast/kh%C3%B3a-gi%E1%BA%A3ng-thi%E1%BB%81n-th%E1%BA%A7y-vi%C3%AAn-minh-gi%E1%BA%A3ng-t%E1%BA%A1i-t%E1%BB%95-%C4%91%C3%ACnh-b%E1%BB%ADu-long/id1827655515?uo=4,http://trungtamhotong.org/
68.72,628,VietnamPlus's Podcast,VietnamPlus,vi,https://rss.buzzsprout.com/833146.rss,https://podcasts.apple.com/us/podcast/vietnampluss-podcast/id1496162168?uo=4,https://www.vietnamplus.vn/
68.02,915,GIÁ THỦY SẢN,giathuysan,vi,https://anchor.fm/s/5ab1b408/podcast/rss,https://podcasts.apple.com/us/podcast/gi%C3%A1-th%E1%BB%A7y-s%E1%BA%A3n/id1567008767?uo=4,https://www.giathuysan.top
67.44,6,Sách Nói Tiểu Thuyết,Quang Khanh,vi,https://anchor.fm/s/1126f3b10/podcast/rss,https://podcasts.apple.com/us/podcast/s%C3%A1ch-n%C3%B3i-ti%E1%BB%83u-thuy%E1%BA%BFt/id1896526798?uo=4,https://podcasters.spotify.com/pod/show/quang-hng-nguyn4
67.08,284,Truyện cổ tích,VNPodcast,vi,https://anchor.fm/s/f32db7f4/podcast/rss,https://podcasts.apple.com/us/podcast/truy%E1%BB%87n-c%E1%BB%95-t%C3%ADch/id1450698399?uo=4,https://podcasters.spotify.com/pod/show/vnpod139
66.93,6,Đọc Truyện & Ngâm Thơ,Ngamtho.com,vi,https://anchor.fm/s/46cb4d3c/podcast/rss,https://podcasts.apple.com/vn/podcast/%C4%91%E1%BB%8Dc-truy%E1%BB%87n-ng%C3%A2m-th%C6%A1/id1548021873?uo=4,https://ngamtho.com
66.45,43,Chan Audio,Chan Audio,vi,https://anchor.fm/s/f6233a9c/podcast/rss,https://podcasts.apple.com/vn/podcast/chan-audio/id1743067998?uo=4,https://podcasters.spotify.com/pod/show/chan-audio
64.61,362,365 Ngày Cầu Nguyện với lời Chúa và lời Các Giáo Phụ,Truyền Thông Dòng Tên,vi,https://anchor.fm/s/10fc219b4/podcast/rss,https://podcasts.apple.com/us/podcast/365-ng%C3%A0y-c%E1%BA%A7u-nguy%E1%BB%87n-v%E1%BB%9Bi-l%E1%BB%9Di-ch%C3%BAa-v%C3%A0-l%E1%BB%9Di-c%C3%A1c-gi%C3%A1o-ph%E1%BB%A5/id1884241839?uo=4,https://podcasters.spotify.com/pod/show/truyn-thng-dng-tn6
64.08,182,BlogRadio,BlogRadio,vi,https://anchor.fm/s/1388a8c0/podcast/rss,https://podcasts.apple.com/us/podcast/blogradio/id1499612276?uo=4,https://podcasters.spotify.com/pod/show/blogradio
63.92,327,Sanketoan Podcast - Tình huống kế toán,Sanketoan.vn,vi,https://rss.buzzsprout.com/2176164.rss,https://podcasts.apple.com/vn/podcast/sanketoan-podcast-t%C3%ACnh-hu%E1%BB%91ng-k%E1%BA%BF-to%C3%A1n/id1683454052?uo=4,https://sanketoanpodcast.buzzsprout.com
63.78,247,Chánh Kiến Radio,Chanhkien.org,vi,https://anchor.fm/s/6300d300/podcast/rss,https://podcasts.apple.com/us/podcast/ch%C3%A1nh-ki%E1%BA%BFn-radio/id1577095063?uo=4,https://chanhkien.org/
63.58,43,Phật Pháp Căn Bản,Ân Đức Tam Bảo,vi,https://anchor.fm/s/8383c0ec/podcast/rss,https://podcasts.apple.com/us/podcast/ph%E1%BA%ADt-ph%C3%A1p-c%C4%83n-b%E1%BA%A3n/id1667154088?uo=4,https://podcasters.spotify.com/pod/show/phat-giao-theravada
63.46,72,Cởi Mở,Vietcetera,vi,https://anchor.fm/s/1033523bc/podcast/rss,https://podcasts.apple.com/us/podcast/c%E1%BB%9Fi-m%E1%BB%9F/id1567793225?uo=4,https://vietcetera.com
62.63,600,Vô Vi Podcast - Nhạc Thiền,Lương Sĩ Hằng - Vĩ Kiên,vi,https://feeds.simplecast.com/OWLx_UPY,https://podcasts.apple.com/vn/podcast/v%C3%B4-vi-podcast-nh%E1%BA%A1c-thi%E1%BB%81n/id1456220089?uo=4,https://vo-vi-podcast-van-nghe.simplecast.com
62.51,208,Cao niên vui sống,SBS,vi,https://feeds.sbs.com.au/cao-nien-vui-song,https://podcasts.apple.com/vn/podcast/cao-ni%C3%AAn-vui-s%E1%BB%91ng/id1783022461?uo=4,https://www.sbs.com.au/language/vietnamese/vi/podcast/cao-nien-vui-song
61.79,141,RADIO NHÂN DÂN,RADIO - BÁO NHÂN DÂN,vi,https://anchor.fm/s/107c2d0a0/podcast/rss,https://podcasts.apple.com/vn/podcast/radio-nh%C3%A2n-d%C3%A2n/id1583469025?uo=4,https://radio.nhandan.vn
60.98,158,Trang văn nghệ,"Báo và Phát thanh, truyền hình Thanh Hóa",vi,https://anchor.fm/s/7eb90dc4/podcast/rss,https://podcasts.apple.com/us/podcast/trang-v%C4%83n-ngh%E1%BB%87/id1608641455?uo=4,https://truyenhinhthanhhoa.vn/podcast/van-hoc-nghe-thuat-xu-thanh.htm
60.85,72,Vashna Podcast,Vashna Thiên Kim,vi,https://anchor.fm/s/10192f638/podcast/rss,https://podcasts.apple.com/us/podcast/vashna-podcast/id1799400575?uo=4,https://podcasters.spotify.com/pod/show/vashna-thien-kim7
60.7,380,Sách Hay Podcast,Hạt Giống Tâm Hồn,vi,https://rss.buzzsprout.com/1156487.rss,https://podcasts.apple.com/us/podcast/s%C3%A1ch-hay-podcast/id1518922459?uo=4,http://hatgiongtamhon.vn
59.8,269,"Mamibabi - Thai giáo, mang thai, giáo dục sớm, tập nói sớm, ăn dặm, nuôi dạy con, làm cha mẹ",Mamibabi,vi,https://anchor.fm/s/608ed7d4/podcast/rss,https://podcasts.apple.com/us/podcast/mamibabi-thai-gi%C3%A1o-mang-thai-gi%C3%A1o-d%E1%BB%A5c-s%E1%BB%9Bm-t%E1%BA%ADp-n%C3%B3i-s%E1%BB%9Bm/id1630288991?uo=4,https://mamibabi.com.vn
59.3,187,Hạnh phúc - Gia đình,VNPodcast,vi,https://anchor.fm/s/f37be348/podcast/rss,https://podcasts.apple.com/vn/podcast/h%E1%BA%A1nh-ph%C3%BAc-gia-%C4%91%C3%ACnh/id1735868283?uo=4,https://podcasters.spotify.com/pod/show/hpgd
59.08,175,Lien Hong Phuc,Lien Hong Phuc,vi,https://anchor.fm/s/68535b34/podcast/rss,https://podcasts.apple.com/us/podcast/lien-hong-phuc/id1584871876?uo=4,https://podcasters.spotify.com/pod/show/lien-hong-phuc0
58.89,18,Người kể chuyện,Nguyen Phuc Nghiem,vi,https://anchor.fm/s/54daea04/podcast/rss,https://podcasts.apple.com/vn/podcast/ng%C6%B0%E1%BB%9Di-k%E1%BB%83-chuy%E1%BB%87n/id1561577675?uo=4,https://shopee.vn/product/63453857/9134810171?smtt=0.63455300-1617283506.9
58.67,75,Đọc sách cùng An,Đọc sách cùng An,vi,https://anchor.fm/s/3a708b9c/podcast/rss,https://podcasts.apple.com/us/podcast/%C4%91%E1%BB%8Dc-s%C3%A1ch-c%C3%B9ng-an/id1535382989?uo=4,https://podcasters.spotify.com/pod/show/ngu1ecdc-301nh6
58.6,86,Hội Thánh VNextGen | Bài Giảng Sứ Điệp Hàng Tuần,VNextGen Church,vi,https://media.rss.com/vnextgensermons/feed.xml,https://podcasts.apple.com/us/podcast/h%E1%BB%99i-th%C3%A1nh-vnextgen-b%C3%A0i-gi%E1%BA%A3ng-s%E1%BB%A9-%C4%91i%E1%BB%87p-h%C3%A0ng-tu%E1%BA%A7n/id1670439314?uo=4,https://rss.com/podcasts/vnextgensermons
58.35,140,Người Dẫn Đường Cho Hôn Nhân Đúng Cách,LyNa Relationship Coach,vi,https://anchor.fm/s/8161a950/podcast/rss,https://podcasts.apple.com/us/podcast/ng%C6%B0%E1%BB%9Di-d%E1%BA%ABn-%C4%91%C6%B0%E1%BB%9Dng-cho-h%C3%B4n-nh%C3%A2n-%C4%91%C3%BAng-c%C3%A1ch/id1608253644?uo=4,https://hoisinhhanhphuc.com/
58.31,100,Radio Vatican Tiếng Việt,Radio Vaticana - Vatican News,vi,https://www.vaticannews.va/vi/podcast/vietnamese-program.podcast.xml,https://podcasts.apple.com/us/podcast/radio-vatican-ti%E1%BA%BFng-vi%E1%BB%87t/id1676412067?uo=4,https://www.vaticannews.va/vi/podcast/vietnamese-program.html
58.28,213,Kể Cho Tôi Nghe,Radio Người Giữ Kỉ Niệm,vi,https://anchor.fm/s/379ee24c/podcast/rss,https://podcasts.apple.com/us/podcast/k%E1%BB%83-cho-t%C3%B4i-nghe/id1532871723?uo=4,https://podcasters.spotify.com/pod/show/radio-ngi-gi-k-nim
58.26,123,Huy Dao Podcast,Huy Dao,vi,https://anchor.fm/s/3762840/podcast/rss,https://podcasts.apple.com/vn/podcast/huy-dao-podcast/id1617428299?uo=4,https://www.traicreator.com
58.2,12,Solo Leveling,Truyện Audio,vi,https://anchor.fm/s/10a3f0a10/podcast/rss,https://podcasts.apple.com/us/podcast/solo-leveling/id1844941719?uo=4,https://podcasters.spotify.com/pod/show/trn-anh-tin5
57.32,663,SEO Mentor - Cùng học SEO Website qua Podcast,SEO Mentor Việt Nam,vi,https://anchor.fm/s/9d034a88/podcast/rss,https://podcasts.apple.com/us/podcast/seo-mentor-c%C3%B9ng-h%E1%BB%8Dc-seo-website-qua-podcast/id1630905347?uo=4,https://seomentorvietnam.vn/
56.77,48,Pháp âm HT Thích Giác Khang,Thích Tâm Hiếu,vi,https://anchor.fm/s/b5442298/podcast/rss,https://podcasts.apple.com/us/podcast/ph%C3%A1p-%C3%A2m-ht-th%C3%ADch-gi%C3%A1c-khang/id1717375312?uo=4,https://podcasters.spotify.com/pod/show/frank-tran
55.98,213,Girly Việt Nam,Girly Việt Nam,vi,https://anchor.fm/s/7a3c0d3c/podcast/rss,https://podcasts.apple.com/us/podcast/girly-vi%E1%BB%87t-nam/id1601573342?uo=4,https://girly.vn/
55.25,64,CNNer Đi Ngủ Lúc Mấy Giờ,CNNer Đi Ngủ Lúc Mấy Giờ,vi,https://anchor.fm/s/60b19080/podcast/rss,https://podcasts.apple.com/us/podcast/cnner-%C4%91i-ng%E1%BB%A7-l%C3%BAc-m%E1%BA%A5y-gi%E1%BB%9D/id1579867583?uo=4,https://podcasters.spotify.com/pod/show/cnnerdingulucmaygio
55.08,31,14 trò chơi địa ngục,PPcv,vi,https://anchor.fm/s/105772f6c/podcast/rss,https://podcasts.apple.com/vn/podcast/14-tr%C3%B2-ch%C6%A1i-%C4%91%E1%BB%8Ba-ng%E1%BB%A5c/id1817407259?uo=4,https://podcasters.spotify.com/pod/show/fbi-united-states
54.76,113,Sử Sinh Podcast,Sử Sinh Podcast,vi,https://anchor.fm/s/fdfc175c/podcast/rss,https://podcasts.apple.com/us/podcast/s%E1%BB%AD-sinh-podcast/id1603299309?uo=4,https://castbox.fm/ch/4730270
54.4,145,"Tôi đã sống như thế nào, đã thấy gì?",Kênh VOV Giao thông (VOVGT),vi,https://anchor.fm/s/671c38d0/podcast/rss,https://podcasts.apple.com/vn/podcast/t%C3%B4i-%C4%91%C3%A3-s%E1%BB%91ng-nh%C6%B0-th%E1%BA%BF-n%C3%A0o-%C4%91%C3%A3-th%E1%BA%A5y-g%C3%AC/id1581897078?uo=4,https://vovgiaothong.vn/
54.38,184,Á châu Ngày nay,SBS,vi,https://feeds.sbs.com.au/a-chau-ngay-nay,https://podcasts.apple.com/us/podcast/%C3%A1-ch%C3%A2u-ng%C3%A0y-nay/id1818734457?uo=4,https://www.sbs.com.au/language/vietnamese/vi/podcast/a-chau-ngay-nay
54.34,179,HIEU.TV,Hieu Nguyen,vi,https://anchor.fm/s/4cfb55bc/podcast/rss,https://podcasts.apple.com/us/podcast/hieu-tv/id1554576578?uo=4,https://hieu.tv/
54.22,51,Hội thánh Con Đường Sự Sống - Living Way Church,Living Way Church,vi,https://anchor.fm/s/5a4147f4/podcast/rss,https://podcasts.apple.com/vn/podcast/h%E1%BB%99i-th%C3%A1nh-con-%C4%91%C6%B0%E1%BB%9Dng-s%E1%BB%B1-s%E1%BB%91ng-living-way-church/id1566866793?uo=4,https://livingway.vn
54.05,69,An Cư Kiết Hạ,Phạm Thị Yến,vi,https://anchor.fm/s/eea54ad0/podcast/rss,https://podcasts.apple.com/us/podcast/an-c%C6%B0-ki%E1%BA%BFt-h%E1%BA%A1/id1811916151?uo=4,https://phamthiyen.com
54.04,62,Dalai Lama,Phúc Thanh,vi,https://anchor.fm/s/10cec7d74/podcast/rss,https://podcasts.apple.com/us/podcast/dalai-lama/id1862802779?uo=4,https://podcasters.spotify.com/pod/show/dama
53.76,53,NguyVu Radio The King Channel,NguyVu Radio The King Channel,vi,https://anchor.fm/s/c59e3d2c/podcast/rss,https://podcasts.apple.com/vn/podcast/nguyvu-radio-the-king-channel/id1652633290?uo=4,https://www.thekingchannel.com/
53.61,67,Sách Nói Chứng khoán,Gà mờ Chứng khoán,vi,https://anchor.fm/s/78a9b604/podcast/rss,https://podcasts.apple.com/us/podcast/s%C3%A1ch-n%C3%B3i-ch%E1%BB%A9ng-kho%C3%A1n/id1599836284?uo=4,https://podcasters.spotify.com/pod/show/tran-hai-bang
53.37,65,nguyennn.tv,Nguyen,vi,https://anchor.fm/s/619a96cc/podcast/rss,https://podcasts.apple.com/us/podcast/nguyennn-tv/id1574233286?uo=4,https://podcasters.spotify.com/pod/show/nguyen91
53.33,30,"Trở về ""KHÔNG""",Thiên Minh Quang,vi,https://anchor.fm/s/9383df2c/podcast/rss,https://podcasts.apple.com/us/podcast/tr%E1%BB%9F-v%E1%BB%81-kh%C3%B4ng/id1622343186?uo=4,https://trovekhong.wordpress.com
53.18,306,Tiên Hiệp,Tiên Các,vi,https://anchor.fm/s/5a78599c/podcast/rss,https://podcasts.apple.com/vn/podcast/ti%C3%AAn-hi%E1%BB%87p/id1566988110?uo=4,https://podcasters.spotify.com/pod/show/hieu-pham57
52.82,595,5 Phút Chuyện Thị Trường,5 Phút Chuyện Thị Trường cùng Vũ Kim Hạnh,vi,https://anchor.fm/s/b263c470/podcast/rss,https://podcasts.apple.com/us/podcast/5-ph%C3%BAt-chuy%E1%BB%87n-th%E1%BB%8B-tr%C6%B0%E1%BB%9Dng/id1649143152?uo=4,https://podcasters.spotify.com/pod/show/5-phut-chuyen-thi-truong
52.34,48,Dân Trong Ngành,Gia Nghi Béo,vi,https://feeds.redcircle.com/8c1b4eb4-527f-40e4-9b94-347467818b72,https://podcasts.apple.com/vn/podcast/d%C3%A2n-trong-ng%C3%A0nh/id1539261478?uo=4,https://redcircle.com/shows/dan-trong-nganh
52.11,24,Sách Nói Song Ngữ,Bé Sen AI,vi,https://anchor.fm/s/ff418f48/podcast/rss,https://podcasts.apple.com/vn/podcast/s%C3%A1ch-n%C3%B3i-song-ng%E1%BB%AF/id1787514808?uo=4,https://alosongngu.com/be-sen-ai/
52.03,128,Ý Nghĩa Sống,Jessica Thảo Nguyễn,vi,https://anchor.fm/s/ddbf9b08/podcast/rss,https://podcasts.apple.com/vn/podcast/%C3%BD-ngh%C4%A9a-s%E1%BB%91ng/id1556221100?uo=4,https://ynghiasong.vn
52.0,235,Góc khuất Việt Nam,RFA,vi,https://feeds.acast.com/public/shows/66c4c06dc297ce076de5b7ec,https://podcasts.apple.com/us/podcast/g%C3%B3c-khu%E1%BA%A5t-vi%E1%BB%87t-nam/id1571745841?uo=4,https://www.rfa.org/vietnamese/podcasts/
52.0,75,Thư Viện Thiên Văn,Nguyễn Ngọc Lam,vi,https://anchor.fm/s/103359d9c/podcast/rss,https://podcasts.apple.com/us/podcast/th%C6%B0-vi%E1%BB%87n-thi%C3%AAn-v%C4%83n/id1806155104?uo=4,https://podcasters.spotify.com/pod/show/nguyn-ngc-lam
51.58,100,tkp.mediafim - không giới hạn,tkp.mediafim4k - không giới hạn,vi,https://anchor.fm/s/b910f2d4/podcast/rss,https://podcasts.apple.com/vn/podcast/tkp-mediafim-kh%C3%B4ng-gi%E1%BB%9Bi-h%E1%BA%A1n/id1645776617?uo=4,https://youtube.com/@tkpmediafim4k?si=IzDsBpJ1ukgjnUfB
51.55,103,Truyện Ma Bẻ Lái,Ma Truyện,vi,https://anchor.fm/s/77849690/podcast/rss,https://podcasts.apple.com/us/podcast/truy%E1%BB%87n-ma-b%E1%BA%BB-l%C3%A1i/id1598781555?uo=4,https://machuteam.vn/
51.36,64,"KÊNH TỬ VI - kênh truyện tâm linh, tử vi của người Việt",Kênh Tử Vi,vi,https://anchor.fm/s/319a9fa8/podcast/rss,https://podcasts.apple.com/vn/podcast/k%C3%AAnh-t%E1%BB%AD-vi-k%C3%AAnh-truy%E1%BB%87n-t%C3%A2m-linh-t%E1%BB%AD-vi-c%E1%BB%A7a-ng%C6%B0%E1%BB%9Di-vi%E1%BB%87t/id1528591535?uo=4,https://podcasters.spotify.com/pod/show/kenh-tu-vi-podcast
51.34,338,Blog Tiền Số Podcast,Blog Tiền Số,vi,https://anchor.fm/s/7edd4cac/podcast/rss,https://podcasts.apple.com/vn/podcast/blog-ti%E1%BB%81n-s%E1%BB%91-podcast/id1608763120?uo=4,https://blogtienso.net/
50.83,189,Chuyện Việt Nam,SBS,vi,https://feeds.sbs.com.au/viet-nam-tuan-qua,https://podcasts.apple.com/us/podcast/chuy%E1%BB%87n-vi%E1%BB%87t-nam/id1783022634?uo=4,https://www.sbs.com.au/language/vietnamese/vi/podcast/viet-nam-tuan-qua
50.73,163,MCV Network,MCV Network,vi,https://anchor.fm/s/87d6f4ac/podcast/rss,https://podcasts.apple.com/us/podcast/mcv-network/id1613096721?uo=4,https://podcasters.spotify.com/pod/show/mcv-network
50.7,90,Mặt Trời Nhỏ Xíu,Mặt Trời Nhỏ Xíu,vi,https://anchor.fm/s/68c71e5c/podcast/rss,https://podcasts.apple.com/us/podcast/m%E1%BA%B7t-tr%E1%BB%9Di-nh%E1%BB%8F-x%C3%ADu/id1585270736?uo=4,https://podcasters.spotify.com/pod/show/mt-tri-nh-xu
50.51,50,Hội Thánh Tin Lành Logos,Mục Sư: Nguyễn Đăng Thướng,vi,https://anchor.fm/s/e6c8fd98/podcast/rss,https://podcasts.apple.com/vn/podcast/h%E1%BB%99i-th%C3%A1nh-tin-l%C3%A0nh-logos/id1701057005?uo=4,https://podcasters.spotify.com/pod/show/nguyendangthuong
49.84,184,Dễ ngủ,Nguyễn Hồ Ngọc Hân,vi,https://anchor.fm/s/619805c4/podcast/rss,https://podcasts.apple.com/us/podcast/d%E1%BB%85-ng%E1%BB%A7/id1574987286?uo=4,https://dengu690664532.wordpress.com/
49.09,53,Lữ khách vui - Lm.Vui Chứng Nhân,Quy Tran,vi,https://anchor.fm/s/da9b9238/podcast/rss,https://podcasts.apple.com/us/podcast/l%E1%BB%AF-kh%C3%A1ch-vui-lm-vui-ch%E1%BB%A9ng-nh%C3%A2n/id1688914682?uo=4,https://lukhachvui.com
49.04,70,Học Kinh Thánh Từng Chương,MTHĐ,vi,https://anchor.fm/s/718fb6fc/podcast/rss,https://podcasts.apple.com/vn/podcast/h%E1%BB%8Dc-kinh-th%C3%A1nh-t%E1%BB%ABng-ch%C6%B0%C6%A1ng/id1621839431?uo=4,https://podcasters.spotify.com/pod/show/sang-the-ky
48.52,44,Lớp học chuyên đề,Mật ngọt,vi,https://anchor.fm/s/eb5a5460/podcast/rss,https://podcasts.apple.com/us/podcast/l%E1%BB%9Bp-h%E1%BB%8Dc-chuy%C3%AAn-%C4%91%E1%BB%81/id1712429699?uo=4,https://bkwsuvn.com/
47.95,289,Truyện của Bà Ngoại,Truyện của Bà Ngoại,vi,https://anchor.fm/s/101cf84f4/podcast/rss,https://podcasts.apple.com/us/podcast/truy%E1%BB%87n-c%E1%BB%A7a-b%C3%A0-ngo%E1%BA%A1i/id1799354095?uo=4,https://podcasters.spotify.com/pod/show/truyen-cua-ba-ngoai
47.9,13,Nghe để ngủ ngon 💤,UnionStar Records,vi,https://anchor.fm/s/eed22924/podcast/rss,https://podcasts.apple.com/us/podcast/nghe-%C4%91%E1%BB%83-ng%E1%BB%A7-ngon/id1734112712?uo=4,https://podcasters.spotify.com/pod/show/ambientsleep
47.85,46,The Runaways - A Vietnamese Dungeons and Dragons Podcast,Vietnamese Dungeons and Dragons,vi,https://anchor.fm/s/661dbf80/podcast/rss,https://podcasts.apple.com/vn/podcast/the-runaways-a-vietnamese-dungeons-and-dragons-podcast/id1581924569?uo=4,https://podcasters.spotify.com/pod/show/vietnamese-dungeons-and-dragons
47.58,120,THƯ VIỆN NGUYỄN ĐÌNH CHIỂU VĨNH LONG,Thư viện Nguyễn Đình Chiểu Vĩnh Long,vi,https://anchor.fm/s/5ea86ad4/podcast/rss,https://podcasts.apple.com/vn/podcast/th%C6%B0-vi%E1%BB%87n-nguy%E1%BB%85n-%C4%91%C3%ACnh-chi%E1%BB%83u-v%C4%A9nh-long/id1571545623?uo=4,https://thuvientinh.vinhlong.gov.vn/portal/wpthuvientinh/thuvientinh/page/index.cpx
47.52,90,Làn,Duong Thuy Dung,vi,https://anchor.fm/s/6fd62850/podcast/rss,https://podcasts.apple.com/us/podcast/l%C3%A0n/id1661535989?uo=4,https://www.facebook.com/duongthuydung0810?mibextid=LQQJ4d
47.47,96,Đế Chế - Kinh Doanh Tại Châu Á,1UpMedia,vi,https://anchor.fm/s/e4d0093c/podcast/rss,https://podcasts.apple.com/vn/podcast/%C4%91%E1%BA%BF-ch%E1%BA%BF-kinh-doanh-t%E1%BA%A1i-ch%C3%A2u-%C3%A1/id1697424977?uo=4,https://podcasters.spotify.com/pod/show/vnempires
47.35,198,🩵 Diệp Tít Thủ Thỉ Cùng Con 🩵,Diệp Tít,vi,https://anchor.fm/s/ff63e32c/podcast/rss,https://podcasts.apple.com/us/podcast/di%E1%BB%87p-t%C3%ADt-th%E1%BB%A7-th%E1%BB%89-c%C3%B9ng-con/id1794261600?uo=4,https://podcasters.spotify.com/pod/show/dieptitthuthicungcon
47.33,239,Đọc sách cùng Mẹ Bambi,Mẹ Bambi,vi,https://anchor.fm/s/f8baf4ac/podcast/rss,https://podcasts.apple.com/vn/podcast/%C4%91%E1%BB%8Dc-s%C3%A1ch-c%C3%B9ng-m%E1%BA%B9-bambi/id1757094542?uo=4,https://podcasters.spotify.com/pod/show/me-bambi
47.1,57,the finding audio,"Yenly, Duy Tin",vi-vi,https://anchor.fm/s/72b86178/podcast/rss,https://podcasts.apple.com/us/podcast/the-finding-audio/id1552145738?uo=4,https://thefindingaudio.podbean.com
46.13,33,Oddly normal,Van Nguyen,vi,https://feeds.simplecast.com/AfGWUmjw,https://podcasts.apple.com/us/podcast/oddly-normal/id1509630718?uo=4,https://oddly-podcast.com/
46.07,103,Anh Le's Free Talk,Anh Le,vi,https://anchor.fm/s/11e7ff20/podcast/rss,https://podcasts.apple.com/vn/podcast/anh-les-free-talk/id1492876509?uo=4,https://podcasters.spotify.com/pod/show/anhlefreetalk
45.5,512,Hà Nội tin mỗi chiều | Podcast | Đài Hà Nội,Hà Nội tin mỗi chiều | Đài Hà Nội,vi,https://anchor.fm/s/fc5367d4/podcast/rss,https://podcasts.apple.com/us/podcast/h%C3%A0-n%E1%BB%99i-tin-m%E1%BB%97i-chi%E1%BB%81u-podcast-%C4%91%C3%A0i-h%C3%A0-n%E1%BB%99i/id1702661554?uo=4,https://hanoionline.vn
45.46,88,Nu DOP Radio,Nu DOP,vi,https://anchor.fm/s/5c2f554c/podcast/rss,https://podcasts.apple.com/us/podcast/nu-dop-radio/id1568886889?uo=4,https://nudopradio.com
45.39,157,Tài Chính & Kinh Doanh,Tài Chính & Kinh Doanh,vi,https://anchor.fm/s/6a069144/podcast/rss,https://podcasts.apple.com/vn/podcast/t%C3%A0i-ch%C3%ADnh-kinh-doanh/id1584475982?uo=4,https://afacapital.vn/
44.99,28,Sy's Audio Book,SN Robert,vi,https://anchor.fm/s/9ab9ac90/podcast/rss,https://podcasts.apple.com/us/podcast/sys-audio-book/id1635106717?uo=4,https://podcasters.spotify.com/pod/show/sn-robert
44.87,150,ROXound by ROX Group,ROX Group,vi,https://anchor.fm/s/f38ec1c0/podcast/rss,https://podcasts.apple.com/us/podcast/roxound-by-rox-group/id1751463402?uo=4,Https://rox.vn
44.69,274,Đời Sale Logistics,Đời Sale Logistics,vi,https://anchor.fm/s/1054c3e74/podcast/rss,https://podcasts.apple.com/us/podcast/%C4%91%E1%BB%9Di-sale-logistics/id1846011939?uo=4,https://podcasters.spotify.com/pod/show/i-sale-logistics
44.59,197,Tâm Sự Nghề Làm Mẹ,Tâm Miu,vi,https://anchor.fm/s/5fddbb34/podcast/rss,https://podcasts.apple.com/us/podcast/t%C3%A2m-s%E1%BB%B1-ngh%E1%BB%81-l%C3%A0m-m%E1%BA%B9/id1534231674?uo=4,https://www.tammiu.com
44.58,41,EduStation,Vietcetera,vi,https://anchor.fm/s/1035de3c4/podcast/rss,https://podcasts.apple.com/us/podcast/edustation/id1596899375?uo=4,https://vietcetera.com
44.57,60,Phát Triển Bản Thân,Fonos,vi,https://feeds.transistor.fm/phat-tri-n-b-n-than,https://podcasts.apple.com/us/podcast/ph%C3%A1t-tri%E1%BB%83n-b%E1%BA%A3n-th%C3%A2n/id1573353804?uo=4,https://fonos.vn
44.46,76,Wealth-Being,VIETSUCCESS,vi,https://anchor.fm/s/e837c5b0/podcast/rss,https://podcasts.apple.com/us/podcast/wealth-being/id1713507657?uo=4,https://podcasters.spotify.com/pod/show/vietsuccess-podcast9
44.42,60,Gánh Xiếc - Bênh vực tự kỷ,Gánh Xiếc,vi,https://anchor.fm/s/7a3ae77c/podcast/rss,https://podcasts.apple.com/vn/podcast/g%C3%A1nh-xi%E1%BA%BFc-b%C3%AAnh-v%E1%BB%B1c-t%E1%BB%B1-k%E1%BB%B7/id1612224059?uo=4,https://ganhxiecnhaju.org
44.42,66,Spring Weed Podcast | The Gaianus Podcast,一卷 Nhất Quyển,vi,https://feeds.soundon.fm/podcasts/7673dc72-fb49-4b29-92b4-c48fc849595e.xml,https://podcasts.apple.com/vn/podcast/spring-weed-podcast-the-gaianus-podcast/id1619520383?uo=4,https://sites.google.com/view/springweed/
44.34,69,Đời không Đề - life is no title.,reddyonduty,vi,https://anchor.fm/s/825d6e70/podcast/rss,https://podcasts.apple.com/us/podcast/%C4%91%E1%BB%9Di-kh%C3%B4ng-%C4%91%E1%BB%81-life-is-no-title/id1608869790?uo=4,https://beacons.ai/reddyonduty
44.25,12,Góc Sách Nói,Nguyen Thanh Canh,vi,https://anchor.fm/s/f97c4a6c/podcast/rss,https://podcasts.apple.com/us/podcast/g%C3%B3c-s%C3%A1ch-n%C3%B3i/id1760685921?uo=4,https://podcasters.spotify.com/pod/show/thanhcanh
43.8,9,Trạm Chữa Lành - Healing Station,Mỹ Hạnh,vi,https://anchor.fm/s/6978cb20/podcast/rss,https://podcasts.apple.com/us/podcast/tr%E1%BA%A1m-ch%E1%BB%AFa-l%C3%A0nh-healing-station/id1584865580?uo=4,https://open.spotify.com/show/3rE5FaaVBNO4NU1KVPcs0w?si=3b71e6c3bbcd467b
43.72,331,Tinh tế Podcast Daily,Tinh tế,vi,https://anchor.fm/s/216ae00c/podcast/rss,https://podcasts.apple.com/us/podcast/tinh-t%E1%BA%BF-podcast-daily/id1515230764?uo=4,https://tinhte.vn
43.01,52,unlock fm,unlock fm,vi,https://anchor.fm/s/dec5d06c/podcast/rss,https://podcasts.apple.com/us/podcast/unlock-fm/id1492577897?uo=4,https://unlockfm.com
42.83,421,TU THÂN - NỖ LỰC ĐỂ BẢN THÂN TỐT HƠN MỖI NGÀY!,Tu Thân,vi,https://anchor.fm/s/4dcf97a0/podcast/rss,https://podcasts.apple.com/us/podcast/tu-th%C3%A2n-n%E1%BB%97-l%E1%BB%B1c-%C4%91%E1%BB%83-b%E1%BA%A3n-th%C3%A2n-t%E1%BB%91t-h%C6%A1n-m%E1%BB%97i-ng%C3%A0y/id1554823389?uo=4,http://quangcaoytb.com/
42.7,28,Kinh Địa Tạng Huyền Nghĩa,Namo A Di Đà Phật,vi,https://anchor.fm/s/907351dc/podcast/rss,https://podcasts.apple.com/us/podcast/kinh-%C4%91%E1%BB%8Ba-t%E1%BA%A1ng-huy%E1%BB%81n-ngh%C4%A9a/id1675629703?uo=4,https://podcasters.spotify.com/pod/show/namo-a-di--pht
42.54,100,Suối Đạo Vô Vi,Lương Sĩ Hằng - Vĩ Kiên,vi,https://feed.podbean.com/suoidaovovi/feed.xml,https://podcasts.apple.com/us/podcast/su%E1%BB%91i-%C4%91%E1%BA%A1o-v%C3%B4-vi/id1457392174?uo=4,https://suoidaovovi.podbean.com
42.08,216,Phạm Ngọc Anh,Phạm Ngọc Anh,vi,https://anchor.fm/s/224fc870/podcast/rss,https://podcasts.apple.com/vn/podcast/ph%E1%BA%A1m-ng%E1%BB%8Dc-anh/id1514376271?uo=4,https://phamngocanh.com/
41.86,216,Tuan Anh Podcast,Le Tuan Anh,vi,https://anchor.fm/s/1a69d614/podcast/rss,https://podcasts.apple.com/vn/podcast/tuan-anh-podcast/id1505986740?uo=4,https://anhtuanle.com/
41.75,68,Romanista Việt Nam Podcast,Khoa Ho,vi,https://anchor.fm/s/2c453914/podcast/rss,https://podcasts.apple.com/vn/podcast/romanista-vi%E1%BB%87t-nam-podcast/id1528068348?uo=4,https://podcasters.spotify.com/pod/show/romanista-vietnam
41.49,146,"Blog tôi viết, tôi tâm sự",Thanh Lê,vi,https://anchor.fm/s/4da8eba0/podcast/rss,https://podcasts.apple.com/vn/podcast/blog-t%C3%B4i-vi%E1%BA%BFt-t%C3%B4i-t%C3%A2m-s%E1%BB%B1/id1555109301?uo=4,https://blogtoiviettoitamsu.blogspot.com/
41.46,109,"Từ ngữ của Đời sống, Tin tốt và Sách Phúc Âm bài hát／Ngôn ngữ của nhóm chính ở Việt Nam.(Words of Life, Good news and Gospel songs / Languages of the main groups in Vietnam.)",Tze-John Liu,vi,https://vietnamgoodnews.podomatic.com/rss2.xml,https://podcasts.apple.com/vn/podcast/t%E1%BB%AB-ng%E1%BB%AF-c%E1%BB%A7a-%C4%91%E1%BB%9Di-s%E1%BB%91ng-tin-t%E1%BB%91t-v%C3%A0-s%C3%A1ch-ph%C3%BAc-%C3%A2m-b%C3%A0i-h%C3%A1t/id1696481127?uo=4,https://www.podomatic.com/podcasts/vietnamgoodnews
41.4,53,Đây /Không/ Phải là Podcast,Tín Nguyễn,vi,https://anchor.fm/s/4d2d5fe4/podcast/rss,https://podcasts.apple.com/vn/podcast/%C4%91%C3%A2y-kh%C3%B4ng-ph%E1%BA%A3i-l%C3%A0-podcast/id1554239482?uo=4,https://www.facebook.com/Thisisnotafashionpage
41.3,7,Sơn Tùng và kho Audiobook,Phạm Nguyễn Sơn Tùng,vi,https://anchor.fm/s/570e76c4/podcast/rss,https://podcasts.apple.com/us/podcast/s%C6%A1n-t%C3%B9ng-v%C3%A0-kho-audiobook/id1597600841?uo=4,https://www.youtube.com/channel/UC9pL8Nikj3OP1bm2xWix_4w
41.27,107,FYE Radio,FYE Radio,vi,https://anchor.fm/s/5a8909e0/podcast/rss,https://podcasts.apple.com/vn/podcast/fye-radio/id1567014278?uo=4,https://fye.org.vn
41.26,363,RACCON,RACCON,vi,https://anchor.fm/s/1096867f8/podcast/rss,https://podcasts.apple.com/us/podcast/raccon/id1840423190?uo=4,https://codehtht.com/
41.15,121,Cùng Huỳnh Làm Mẹ,Huỳnh Bùi,vi,https://anchor.fm/s/6f6ab8cc/podcast/rss,https://podcasts.apple.com/vn/podcast/c%C3%B9ng-hu%E1%BB%B3nh-l%C3%A0m-m%E1%BA%B9/id1585951863?uo=4,https://www.huynhbuicoaching.com
41.12,510,SEO Agency Việt Nam - SEO Marketing Tổng Thể,SEO Marketing Mentor,vi,https://anchor.fm/s/d6110acc/podcast/rss,https://podcasts.apple.com/us/podcast/seo-agency-vi%E1%BB%87t-nam-seo-marketing-t%E1%BB%95ng-th%E1%BB%83/id1660429185?uo=4,https://seomentorvietnam.vn/
40.89,70,Học Kinh Thánh từng chương,Cac Quan Xet,vi,https://anchor.fm/s/726e81c0/podcast/rss,https://podcasts.apple.com/us/podcast/h%E1%BB%8Dc-kinh-th%C3%A1nh-t%E1%BB%ABng-ch%C6%B0%C6%A1ng/id1621840084?uo=4,https://podcasters.spotify.com/pod/show/cac-quan-xet
40.54,192,Truyện cổ tích cho Bé,An Nguyen,vi,https://anchor.fm/s/10411e568/podcast/rss,https://podcasts.apple.com/us/podcast/truy%E1%BB%87n-c%E1%BB%95-t%C3%ADch-cho-b%C3%A9/id1810422798?uo=4,https://podcasters.spotify.com/pod/show/liam0968
40.39,90,Bình thường hoá,Vanesa,vi,https://anchor.fm/s/80cb4870/podcast/rss,https://podcasts.apple.com/us/podcast/b%C3%ACnh-th%C6%B0%E1%BB%9Dng-ho%C3%A1/id1672776215?uo=4,https://podcasters.spotify.com/pod/show/fleur.dutch
39.9,176,Hằng Hóm Hỉnh,hanghomhinhvlog,vi,https://anchor.fm/s/61464220/podcast/rss,https://podcasts.apple.com/vn/podcast/h%E1%BA%B1ng-h%C3%B3m-h%E1%BB%89nh/id1573964968?uo=4,https://hanghomhinh.com/
39.39,56,Nguy Cơ talkshow,VnExpress X S-World,vi,https://anchor.fm/s/556e6838/podcast/rss,https://podcasts.apple.com/us/podcast/nguy-c%C6%A1-talkshow/id1562417157?uo=4,https://podcasters.spotify.com/pod/show/nguycotalkshow
39.34,47,Small Talk With Nhi,Nhi Nguyễn,vi,https://anchor.fm/s/6351a3ac/podcast/rss,https://podcasts.apple.com/vn/podcast/small-talk-with-nhi/id1562567249?uo=4,https://nhirighthere.com
39.17,114,Cô Hai Podcast,Cô Hai,vi,https://anchor.fm/s/6546d394/podcast/rss,https://podcasts.apple.com/us/podcast/c%C3%B4-hai-podcast/id1802843186?uo=4,https://cohaipodcast.com
39.13,47,Gen Z Stories,Huỳnh Hữu Tài,vi,https://anchor.fm/s/941b210c/podcast/rss,https://podcasts.apple.com/vn/podcast/gen-z-stories/id1623330579?uo=4,https://wetransform.vn
39.07,100,VĂN NGHỆ CUỐI TUẦN,CRI,km,https://feed.kroraina.com.cn/api/channel/rss/63734472048d1b405d13d5d0.xml,https://podcasts.apple.com/us/podcast/v%C4%83n-ngh%C3%AA-cu%C3%B4-i-tu%C3%A2-n/id842342627?uo=4,
38.97,105,Sunhuyn Podcast,Sunhuyn,vi,https://anchor.fm/s/63606950/podcast/rss,https://podcasts.apple.com/us/podcast/sunhuyn-podcast/id1578099847?uo=4,http://sunhuyn.vn
38.82,21,"Những Vụ Án Kỳ Bí --Trinh thám, Kinh dị",PPcv,vi,https://anchor.fm/s/113a7600c/podcast/rss,https://podcasts.apple.com/us/podcast/nh%E1%BB%AFng-v%E1%BB%A5-%C3%A1n-k%E1%BB%B3-b%C3%AD-trinh-th%C3%A1m-kinh-d%E1%BB%8B/id1896937951?uo=4,https://podcasters.spotify.com/pod/show/fbi-united-states86
38.8,45,#kndnmidnight - Pyjama party Podcast,reddyonduty,vi,https://anchor.fm/s/d23447c0/podcast/rss,https://podcasts.apple.com/us/podcast/kndnmidnight-pyjama-party-podcast/id1657904291?uo=4,https://www.instagram.com/weare.inyoursight/
38.68,90,Chanh Mơ Đọc Truyện,LÉMON,vi,https://anchor.fm/s/76e29458/podcast/rss,https://podcasts.apple.com/us/podcast/chanh-m%C6%A1-%C4%91%E1%BB%8Dc-truy%E1%BB%87n/id1642906262?uo=4,https://lemonadeblogger22.wixsite.com/website
38.56,231,Vì sao thế nhỉ!,Vì sao thế nhỉ!,vi,https://anchor.fm/s/8453cddc/podcast/rss,https://podcasts.apple.com/us/podcast/v%C3%AC-sao-th%E1%BA%BF-nh%E1%BB%89/id1611114706?uo=4,https://visaothenhi.wordpress.com/
38.26,43,Pháp Âm Phật Giáo Hòa Hảo,Van Cong Hung,vi,https://anchor.fm/s/68702840/podcast/rss,https://podcasts.apple.com/vn/podcast/ph%C3%A1p-%C3%A2m-ph%E1%BA%ADt-gi%C3%A1o-h%C3%B2a-h%E1%BA%A3o/id1583944510?uo=4,https://vanconghung.com
38.25,192,Da liễu và Sức khoẻ,Nhóm radio podcast - Bệnh viện Da liễu Trung ương,vi,https://anchor.fm/s/48a12f78/podcast/rss,https://podcasts.apple.com/us/podcast/da-li%E1%BB%85u-v%C3%A0-s%E1%BB%A9c-kho%E1%BA%BB/id1552935048?uo=4,Hoivaynen.vn
38.19,36,Nghĩ Gì Nói Đó,Như Thùy,vi,https://anchor.fm/s/1ade1ed4/podcast/rss,https://podcasts.apple.com/vn/podcast/ngh%C4%A9-g%C3%AC-n%C3%B3i-%C4%91%C3%B3/id1520176542?uo=4,https://podcasters.spotify.com/pod/show/nghiginoido
38.18,53,Nhịp sống Sài Gòn - VOH,VOH Radio Online,vi,https://anchor.fm/s/1e4f964c/podcast/rss,https://podcasts.apple.com/us/podcast/nh%E1%BB%8Bp-s%E1%BB%91ng-s%C3%A0i-g%C3%B2n-voh/id1511441695?uo=4,https://podcasters.spotify.com/pod/show/nssg
38.14,133,Sách nói (by K),Kristine Nguyen,vi,https://anchor.fm/s/67c9a740/podcast/rss,https://podcasts.apple.com/vn/podcast/s%C3%A1ch-n%C3%B3i-by-k/id1583088865?uo=4,https://podcasters.spotify.com/pod/show/kristine-nguyen6
37.81,125,Việt Nam Tuần Này,RFA,vi,https://feeds.acast.com/public/shows/66c4e7c44bc29b3432041b80,https://podcasts.apple.com/us/podcast/vi%E1%BB%87t-nam-tu%E1%BA%A7n-n%C3%A0y/id1731182745?uo=4,https://www.rfa.org/vietnamese/podcasts/
37.71,140,Tai chinh quoc te cuoi tuan - Weekly financial analysis,Tran Khac Minh,vi,https://anchor.fm/s/4f662df4/podcast/rss,https://podcasts.apple.com/vn/podcast/tai-chinh-quoc-te-cuoi-tuan-weekly-financial-analysis/id1558862307?uo=4,https://www.youtube.com/trankhacminh
37.47,36,Lục Thư,Lục Thư,vi,https://anchor.fm/s/36bdcc08/podcast/rss,https://podcasts.apple.com/vn/podcast/l%E1%BB%A5c-th%C6%B0/id1675443633?uo=4,https://podcasters.spotify.com/pod/show/lucthu00
37.32,336,"Life in Fukuoka ""Vietnamese""",LOVE FM 76.1MHz,ja,https://lovefm.co.jp/podcasts/xml/352/62.xml,https://podcasts.apple.com/vn/podcast/life-in-fukuoka-vietnamese/id1502942407?uo=4,http://lovefm.co.jp/podcasts
37.13,33,Não Mandas Em Mim,Inês Lopes Gonçalves,pt-pt,https://anchor.fm/s/f789cd88/podcast/rss,https://podcasts.apple.com/us/podcast/n%C3%A3o-mandas-em-mim/id1752470431?uo=4,https://podcasters.spotify.com/pod/show/nao-mandas-em-mim
36.71,192,Truyền Hình Invest TV - Kênh Thông Tin Tài Chính Kinh Tế Bất Động Sản,truyenhinhinvesttv,vi,https://anchor.fm/s/5f0cbffc/podcast/rss,https://podcasts.apple.com/us/podcast/truy%E1%BB%81n-h%C3%ACnh-invest-tv-k%C3%AAnh-th%C3%B4ng-tin-t%C3%A0i-ch%C3%ADnh-kinh/id1571994954?uo=4,https://podcasters.spotify.com/pod/show/truyenhinhinvesttv
36.36,112,Trở Về Chính Mình - by Dao Chi Anh,Dao Chi Anh,vi,https://anchor.fm/s/102cd20/podcast/rss,https://podcasts.apple.com/us/podcast/tr%E1%BB%9F-v%E1%BB%81-ch%C3%ADnh-m%C3%ACnh-by-dao-chi-anh/id1270389632?uo=4,https://her.vn/
36.36,24,Phật Pháp Căn Bản,Làng Mai,vi,https://anchor.fm/s/eb2c6050/podcast/rss,https://podcasts.apple.com/us/podcast/ph%E1%BA%ADt-ph%C3%A1p-c%C4%83n-b%E1%BA%A3n/id1711994636?uo=4,https://langmai.org
36.35,122,Cosmic Writer,Hà Minh,vi,https://anchor.fm/s/63340be4/podcast/rss,https://podcasts.apple.com/us/podcast/cosmic-writer/id1596439377?uo=4,https://www.cosmicwriter.co/
36.33,120,Đọc Truyện Đêm Muộn,Liên Chu,vi,https://anchor.fm/s/643655c4/podcast/rss,https://podcasts.apple.com/us/podcast/%C4%91%E1%BB%8Dc-truy%E1%BB%87n-%C4%91%C3%AAm-mu%E1%BB%99n/id1577249649?uo=4,https://podcasters.spotify.com/pod/show/luu00ean-chu
35.71,326,MH Stories,MỸ HẠNH,vi,https://rss.buzzsprout.com/2312410.rss,https://podcasts.apple.com/us/podcast/mh-stories/id1880164184?uo=4,https://www.facebook.com/myhanhbientapvien
35.7,175,HRVN ACADEMY - Blog Nghề Nhân sự,HRVN ACADEMY,vi,https://anchor.fm/s/59946f20/podcast/rss,https://podcasts.apple.com/vn/podcast/hrvn-academy-blog-ngh%E1%BB%81-nh%C3%A2n-s%E1%BB%B1/id1624210996?uo=4,https://www.hrvnacademy.com/
35.51,216,Café PHÁP (Dharma Espresso),Thầy Hằng Trường,en,http://espresso.compassheart.com/caphe.rss,https://podcasts.apple.com/us/podcast/caf%C3%A9-ph%C3%A1p-dharma-espresso/id1347780741?uo=4,http://espresso.compassheart.com
35.33,30,Thanh Loc Than Tam,Thanh Loc Than Tam,vi,https://anchor.fm/s/35a1969c/podcast/rss,https://podcasts.apple.com/vn/podcast/thanh-loc-than-tam/id1531487839?uo=4,https://songchanhniem.com
35.13,162,Lắng Đọng Đêm Về,Lắng Đọng Đêm Về,vi,https://anchor.fm/s/3db1b31c/podcast/rss,https://podcasts.apple.com/us/podcast/l%E1%BA%AFng-%C4%91%E1%BB%8Dng-%C4%91%C3%AAm-v%E1%BB%81/id1538239656?uo=4,https://podcasters.spotify.com/pod/show/lng-ng-m-v
35.13,148,"Ơi, My đây!",MyMyPodcast,vi,https://anchor.fm/s/5ecd2b6c/podcast/rss,https://podcasts.apple.com/vn/podcast/%C6%A1i-my-%C4%91%C3%A2y/id1572181426?uo=4,https://www.facebook.com/diemmy.lam317
35.05,34,Pháp Hỷ,Pháp Hỷ,vi,https://anchor.fm/s/10287b614/podcast/rss,https://podcasts.apple.com/us/podcast/ph%C3%A1p-h%E1%BB%B7/id1802550376?uo=4,https://podcasters.spotify.com/pod/show/php-h
34.97,100,VnExpress Podcasts: Bạn ổn không,VnExpress,vi-vn,https://vnexpress.net/rss/podcast/ban-on-khong.rss,https://podcasts.apple.com/us/podcast/vnexpress-podcasts-b%E1%BA%A1n-%E1%BB%95n-kh%C3%B4ng/id1751444220?uo=4,https://vnexpress.net/vne-go/podcast/ban-on-khong
34.97,61,Sách nói AI,SÁCH NÓI AI,vi,https://anchor.fm/s/101ed6050/podcast/rss,https://podcasts.apple.com/us/podcast/s%C3%A1ch-n%C3%B3i-ai/id1800230029?uo=4,https://podcasters.spotify.com/pod/show/sachnoiai
34.97,308,GIẢI THƯỞNG GIỌNG THU VÀNG - CÂY BÚT TRẺ AUDIO,Cộng đồng Cây Bút Trẻ Việt Nam,vi,https://anchor.fm/s/6b7c39e8/podcast/rss,https://podcasts.apple.com/vn/podcast/gi%E1%BA%A3i-th%C6%B0%E1%BB%9Fng-gi%E1%BB%8Dng-thu-v%C3%A0ng-c%C3%A2y-b%C3%BAt-tr%E1%BA%BB-audio/id1586695242?uo=4,https://caybuttre.vn
34.6,28,PROUD VIETNAM,VIETSUCCESS,vi,https://anchor.fm/s/f7e72e9c/podcast/rss,https://podcasts.apple.com/vn/podcast/proud-vietnam/id1754074458?uo=4,https://podcasters.spotify.com/pod/show/proudvietnam
34.49,7,Sách Nói Nuôi Dạy Con,Quang Nguyễn,vi,https://anchor.fm/s/111fe0634/podcast/rss,https://podcasts.apple.com/us/podcast/s%C3%A1ch-n%C3%B3i-nu%C3%B4i-d%E1%BA%A1y-con/id1721544185?uo=4,https://podcasters.spotify.com/pod/show/quang-nguyn7
34.3,106,Chiều Sâu Tâm Thức,Chiều Sâu Tâm Thức,vi,https://anchor.fm/s/106903b14/podcast/rss,https://podcasts.apple.com/us/podcast/chi%E1%BB%81u-s%C3%A2u-t%C3%A2m-th%E1%BB%A9c/id1822680956?uo=4,https://podcasters.spotify.com/pod/show/chieu-sau-tam-thuc
34.29,71,Nghe Nói Là,cốm &amp; châu,vi,https://anchor.fm/s/568393b0/podcast/rss,https://podcasts.apple.com/us/podcast/nghe-n%C3%B3i-l%C3%A0/id1562799824?uo=4,https://podcasters.spotify.com/pod/show/nghe-noi-la
34.11,156,TÂM LÝ CƠ ĐỐC,Khám phá tâm lý qua lăng kính Cơ Đốc,vi,https://podcast.tamlycodoc.vn/tamlycodoc.xml,https://podcasts.apple.com/us/podcast/t%C3%A2m-l%C3%BD-c%C6%A1-%C4%91%E1%BB%91c/id1885523679?uo=4,https://youtube.com/channel/UC_UBb-qzN-lXW7oO9CIfofA
34.1,474,Băng và Lửa - Ice Fire Channel Radio,Ice Fire Channel,vi,https://anchor.fm/s/9e2b3bdc/podcast/rss,https://podcasts.apple.com/vn/podcast/b%C4%83ng-v%C3%A0-l%E1%BB%ADa-ice-fire-channel-radio/id1644855843?uo=4,https://icefirechannel.home.blog/
34.07,165,The VNU-IS Counselling Podcast,nguyễn thị như phương,vi,https://anchor.fm/s/5ea719b8/podcast/rss,https://podcasts.apple.com/vn/podcast/the-vnu-is-counselling-podcast/id1572201512?uo=4,https://podcasters.spotify.com/pod/show/nguyn-th-nh-phng
33.88,984,Kiến thức tâm linh và đời sống | Tâm Linh Toàn Thư,Tâm Linh Toàn Thư,vi,https://anchor.fm/s/6ab225e0/podcast/rss,https://podcasts.apple.com/us/podcast/ki%E1%BA%BFn-th%E1%BB%A9c-t%C3%A2m-linh-v%C3%A0-%C4%91%E1%BB%9Di-s%E1%BB%91ng-t%C3%A2m-linh-to%C3%A0n-th%C6%B0/id1585984818?uo=4,https://tamgioitoanthu.com
33.83,268,Dịch vụ hữu ích,SBS,vi,https://feeds.sbs.com.au/dich-vu-huu-ich,https://podcasts.apple.com/us/podcast/d%E1%BB%8Bch-v%E1%BB%A5-h%E1%BB%AFu-%C3%ADch/id1831428249?uo=4,https://www.sbs.com.au/language/vietnamese/vi/podcast/dich-vu-huu-ich
33.38,53,Mai Xuân Đạt VNOKRs,Mai Xuân Đạt,vi,https://anchor.fm/s/5ad53e14/podcast/rss,https://podcasts.apple.com/us/podcast/mai-xu%C3%A2n-%C4%91%E1%BA%A1t-vnokrs/id1567447761?uo=4,https://podcasters.spotify.com/pod/show/maixuandat
33.27,39,People Matter,VIETSUCCESS,vi,https://anchor.fm/s/e828b250/podcast/rss,https://podcasts.apple.com/us/podcast/people-matter/id1707142455?uo=4,https://podcasters.spotify.com/pod/show/people-matter
33.27,27,Từ Tôi,Serein Originals,vi,https://anchor.fm/s/fa424b7c/podcast/rss,https://podcasts.apple.com/vn/podcast/t%E1%BB%AB-t%C3%B4i/id1781131351?uo=4,https://serein.me
33.23,235,"BÁO VÀ PHÁT THANH, TRUYỀN HÌNH TUYÊN QUANG","Báo và phát thanh, truyền hình Tuyên Quang",vi,https://feeds.transistor.fm/bao-va-phat-thanh-truyen-hinh-tuyen-quang-podcast,https://podcasts.apple.com/vn/podcast/b%C3%A1o-v%C3%A0-ph%C3%A1t-thanh-truy%E1%BB%81n-h%C3%ACnh-tuy%C3%AAn-quang/id1896882769?uo=4,
33.14,143,Cao Ngọc Hiệp - Kinh Doanh - Sức Khoẻ.,Cao Ngọc Hiệp,vi,https://anchor.fm/s/5f145e60/podcast/rss,https://podcasts.apple.com/vn/podcast/cao-ng%E1%BB%8Dc-hi%E1%BB%87p-kinh-doanh-s%E1%BB%A9c-kho%E1%BA%BB/id1572205429?uo=4,https://youtube.com/@CaoNgocHiepOffiCial?si=oZfZSyeea5Vm630P
33.08,89,THAY ĐỔI TÂM THỨC,THAY ĐỔI TÂM THỨC,vi,https://anchor.fm/s/113a57c10/podcast/rss,https://podcasts.apple.com/us/podcast/thay-%C4%91%E1%BB%95i-t%C3%A2m-th%E1%BB%A9c/id1896915664?uo=4,https://podcasters.spotify.com/pod/show/thay-doi-tam-thuc2
32.88,91,"===""Lời của cuộc sống"", ""Tin tốt"", ""Bài hát Tin Mừng"" - Ngôn ngữ chính tại Việt Nam // ""Words of Life"", ""Good News"", ""Gospel Song"" / In Major Languages in Vietnam",Tze-John Liu,vi,https://vietnamgospelsongs.podomatic.com/rss2.xml,https://podcasts.apple.com/vn/podcast/l%E1%BB%9Di-c%E1%BB%A7a-cu%E1%BB%99c-s%E1%BB%91ng-tin-t%E1%BB%91t-b%C3%A0i-h%C3%A1t-tin-m%E1%BB%ABng-ng%C3%B4n-ng%E1%BB%AF/id1682143870?uo=4,https://www.podomatic.com/podcasts/vietnamgospelsongs
32.71,107,Quynh Huong Le Do,QHLD & MAYQ TEAM,vi,https://anchor.fm/s/5fdf875c/podcast/rss,https://podcasts.apple.com/us/podcast/quynh-huong-le-do/id1572757777?uo=4,https://podcasters.spotify.com/pod/show/ledoquynhhuong
32.69,66,Khách đến chơi nhà,Khuong Nguyen,vi,https://anchor.fm/s/7fb2c580/podcast/rss,https://podcasts.apple.com/us/podcast/kh%C3%A1ch-%C4%91%E1%BA%BFn-ch%C6%A1i-nh%C3%A0/id1618671421?uo=4,https://podcasters.spotify.com/pod/show/mackg100823
32.66,105,Podcast Nhân Sự,Podcast Nhân Sự,vi,https://anchor.fm/s/78e9f41c/podcast/rss,https://podcasts.apple.com/vn/podcast/podcast-nh%C3%A2n-s%E1%BB%B1/id1603113177?uo=4,https://podcastnhansu.com
32.64,36,Long - Du hoc va Phat trien,Long Vu,vi,https://anchor.fm/s/fd275d8c/podcast/rss,https://podcasts.apple.com/vn/podcast/long-du-hoc-va-phat-trien/id1777494628?uo=4,https://long-duhocphattrien.com.au
32.59,31,CAREER CHECK,VIETSUCCESS,en-us,https://anchor.fm/s/b3e9db54/podcast/rss,https://podcasts.apple.com/us/podcast/career-check/id1776069647?uo=4,https://podcasters.spotify.com/pod/show/peoplepeople2032
32.45,300,Podcast Báo Tuổi Trẻ,Báo Tuổi Trẻ,vi-vn,https://podcast.tuoitre.vn/podcast-feed.rss,https://podcasts.apple.com/us/podcast/podcast-b%C3%A1o-tu%E1%BB%95i-tr%E1%BA%BB/id1627456657?uo=4,https://podcast.tuoitre.vn
32.26,261,Sake'demy,Sake'demy,vi,https://anchor.fm/s/58e405cc/podcast/rss,https://podcasts.apple.com/us/podcast/sakedemy/id1565666787?uo=4,https://podcasters.spotify.com/pod/show/sakedemy
31.97,128,Tâm lý học và Tôi,psyme.org (Fanpage: PsyMe - Tâm lý học và Tôi),vi,https://anchor.fm/s/e6962bd4/podcast/rss,https://podcasts.apple.com/us/podcast/t%C3%A2m-l%C3%BD-h%E1%BB%8Dc-v%C3%A0-t%C3%B4i/id1702467177?uo=4,https://psyme.org/
31.88,90,Kim Ba Yoga,Đặng Kim Ba,vi,https://rss.buzzsprout.com/1879832.rss,https://podcasts.apple.com/us/podcast/kim-ba-yoga/id1592817499?uo=4,http://dangkimba.com/
31.78,90,Vitamin for the Soul,Van Nguyen,vi,https://anchor.fm/s/6f19809c/podcast/rss,https://podcasts.apple.com/us/podcast/vitamin-for-the-soul/id1620216626?uo=4,https://beacons.ai/vannguyen95
31.78,96,Ha Chu works,Ha Chu,vi,https://anchor.fm/s/2d3511dc/podcast/rss,https://podcasts.apple.com/us/podcast/ha-chu-works/id1524668842?uo=4,https://cooked.vn
31.77,93,Bạch Thoại Phật Pháp,www.pmtl.site,vi,https://www.spreaker.com/show/6422189/episodes/feed,https://podcasts.apple.com/vn/podcast/b%E1%BA%A1ch-tho%E1%BA%A1i-ph%E1%BA%ADt-ph%C3%A1p/id1869204075?uo=4,https://www.spreaker.com/podcast/bach-thoai-phat-phap--6422189
31.53,39,The Gen Health Podcast,NATURIQ Vietnam,vi,https://anchor.fm/s/1004e7270/podcast/rss,https://podcasts.apple.com/us/podcast/the-gen-health-podcast/id1807736462?uo=4,https://naturiq.co/
31.48,177,Huỳnh Minh Hiền Radio4U,Huỳnh Minh Hiền,vi,https://anchor.fm/s/43b65e70/podcast/rss,https://podcasts.apple.com/vn/podcast/hu%E1%BB%B3nh-minh-hi%E1%BB%81n-radio4u/id1544295735?uo=4,https://podcasters.spotify.com/pod/show/huynhminhhien-radio4u
31.46,77,Góc dành cho sách Chạm Tim,Bookish Journey,vi,https://anchor.fm/s/1073ca7b4/podcast/rss,https://podcasts.apple.com/us/podcast/g%C3%B3c-d%C3%A0nh-cho-s%C3%A1ch-ch%E1%BA%A1m-tim/id1843758814?uo=4,https://podcasters.spotify.com/pod/show/bookish-journey
31.11,382,Cột đèn Sân Vườn 365,Cột đèn Sân Vườn 365,vi,https://anchor.fm/s/10dd58e4c/podcast/rss,https://podcasts.apple.com/us/podcast/c%E1%BB%99t-%C4%91%C3%A8n-s%C3%A2n-v%C6%B0%E1%BB%9Dn-365/id1868606330?uo=4,https://cotdensanvuon365.com
31.11,129,Hoài Chia Sẻ: Ngành Hospitality & Công Sở,Hoài Chia Sẻ,vi,https://rss.buzzsprout.com/2338406.rss,https://podcasts.apple.com/vn/podcast/ho%C3%A0i-chia-s%E1%BA%BB-ng%C3%A0nh-hospitality-c%C3%B4ng-s%E1%BB%9F/id1737658201?uo=4,https://hoaichiase.buzzsprout.com
31.09,37,Đơn Giản Hoá Chuyện Ngành,Đơn Giản Hoá Chuyện Ngành,vi,https://anchor.fm/s/10405eb00/podcast/rss,https://podcasts.apple.com/vn/podcast/%C4%91%C6%A1n-gi%E1%BA%A3n-ho%C3%A1-chuy%E1%BB%87n-ng%C3%A0nh/id1810848623?uo=4,https://podcasters.spotify.com/pod/show/dongianhoachuyennganh
31.06,68,Nhã Nam Podcast,Nhã Nam Podcast,vi,https://anchor.fm/s/357cecac/podcast/rss,https://podcasts.apple.com/us/podcast/nh%C3%A3-nam-podcast/id1531372000?uo=4,nhanam.vn
31.0,152,MindFit,Minh Nguyen,vi,https://anchor.fm/s/10b1c51b8/podcast/rss,https://podcasts.apple.com/us/podcast/mindfit/id1849951461?uo=4,https://podcasters.spotify.com/pod/show/m81803
30.92,9,Sách Nói Phật Giáo,Quang Khanh,vi,https://anchor.fm/s/11268bbc8/podcast/rss,https://podcasts.apple.com/us/podcast/s%C3%A1ch-n%C3%B3i-ph%E1%BA%ADt-gi%C3%A1o/id1896513768?uo=4,https://podcasters.spotify.com/pod/show/quang-hng-nguyn2
30.9,175,The Ruby Nguyen Podcast,Ruby Nguyen,vi,https://anchor.fm/s/eb003cb4/podcast/rss,https://podcasts.apple.com/us/podcast/the-ruby-nguyen-podcast/id1533874231?uo=4,https://www.rni.institute/
30.88,87,Hà Mạnh,Hà Mạnh,vi,https://anchor.fm/s/b5113a2c/podcast/rss,https://podcasts.apple.com/vn/podcast/h%C3%A0-m%E1%BA%A1nh/id1646658695?uo=4,https://podcasters.spotify.com/pod/show/hamanh
30.86,342,Cố vấn SEO và AI Search - Tối ưu hóa công cụ tìm kiếm thế hệ mới,ALINHSEO MENTOR VIỆT NAM,vi,https://anchor.fm/s/10438b0a8/podcast/rss,https://podcasts.apple.com/us/podcast/c%E1%BB%91-v%E1%BA%A5n-seo-v%C3%A0-ai-search-t%E1%BB%91i-%C6%B0u-h%C3%B3a-c%C3%B4ng-c%E1%BB%A5-t%C3%ACm-ki%E1%BA%BFm-th%E1%BA%BF-h%E1%BB%87-m%E1%BB%9Bi/id1811147385?uo=4,https://seomentorvietnam.vn/
30.75,11,Đọc sách online,Dũng Nguyễn Văn,vi,https://anchor.fm/s/543c01f0/podcast/rss,https://podcasts.apple.com/us/podcast/%C4%91%E1%BB%8Dc-s%C3%A1ch-online/id1560722041?uo=4,https://podcasters.spotify.com/pod/show/quocdung
30.64,65,The Bookshelf Hanoi,The Bookshelf Hanoi,vi,https://anchor.fm/s/66e025e8/podcast/rss,https://podcasts.apple.com/us/podcast/the-bookshelf-hanoi/id1580892855?uo=4,https://thebookshelf.vn
30.57,99,"Từ ngữ của Đời sống, Tin tốt, Sách Phúc Âm bài hát của Nhóm dân tộc ở Việt Nam／(Words of Life, Good News, Gospel Songs of Ethnic Groups in Vietnam)",Tze-John Liu,vi,https://vietnamwordsoflife.podomatic.com/rss2.xml,https://podcasts.apple.com/vn/podcast/t%E1%BB%AB-ng%E1%BB%AF-c%E1%BB%A7a-%C4%91%E1%BB%9Di-s%E1%BB%91ng-tin-t%E1%BB%91t-s%C3%A1ch-ph%C3%BAc-%C3%A2m-b%C3%A0i-h%C3%A1t-c%E1%BB%A7a/id1696481213?uo=4,https://www.podomatic.com/podcasts/vietnamwordsoflife
30.29,40,Anh Hùng Lĩnh Nam,Kẻ Trộm Hương,vi,https://anchor.fm/s/f9443690/podcast/rss,https://podcasts.apple.com/us/podcast/anh-h%C3%B9ng-l%C4%A9nh-nam/id1768002896?uo=4,https://podcasters.spotify.com/pod/show/k-trm-hng9
30.04,31,Walmak Podcast: A Vietnamese-American Podcast,AlwaysWalmak.com,en,https://anchor.fm/s/10ded7b4c/podcast/rss,https://podcasts.apple.com/vn/podcast/walmak-podcast-a-vietnamese-american-podcast/id1838301358?uo=4,https://www.alwayswalmak.com/
29.99,45,VOH Radio Mẹ và Bé,VOH Radio Mẹ và Bé,vi,https://anchor.fm/s/ef4d4dc/podcast/rss,https://podcasts.apple.com/us/podcast/voh-radio-m%E1%BA%B9-v%C3%A0-b%C3%A9/id1494968627?uo=4,https://voh.com.vn/
29.94,300,DAO PHAT KHOA HOC VAT LY THIEN TONG VIET NAM,VIETNAMESE PHYSICAL SCIENTIFIC ZEN BUDDHISM,vi,https://feeds.captivate.fm/thientongmt/,https://podcasts.apple.com/vn/podcast/dao-phat-khoa-hoc-vat-ly-thien-tong-viet-nam/id1630517287?uo=4,https://thientongmt.com
29.8,36,Mèo lười đọc sách,Vân vovan,vi,https://anchor.fm/s/6b223434/podcast/rss,https://podcasts.apple.com/us/podcast/m%C3%A8o-l%C6%B0%E1%BB%9Di-%C4%91%E1%BB%8Dc-s%C3%A1ch/id1586366448?uo=4,https://www.buymeacoffee.com/Vanvovan
29.58,34,Chầm Chậm Chuyện Trò,TravelSig+,vi,https://anchor.fm/s/f7d4f308/podcast/rss,https://podcasts.apple.com/vn/podcast/ch%E1%BA%A7m-ch%E1%BA%ADm-chuy%E1%BB%87n-tr%C3%B2/id1753894117?uo=4,https://travelsig.vn/
29.57,104,Pa Kể Cải Nghe,Pa Cải,vi,https://anchor.fm/s/fca4e654/podcast/rss,https://podcasts.apple.com/us/podcast/pa-k%E1%BB%83-c%E1%BA%A3i-nghe/id1846565079?uo=4,https://www.catappaclass.com
29.52,47,CVN Discovery,CVN Nest,vi,https://anchor.fm/s/5cd29450/podcast/rss,https://podcasts.apple.com/us/podcast/cvn-discovery/id1571428910?uo=4,https://cvndigital.com/
29.45,64,Podcast Tiếng Pháp,Vitirouge,vi,https://anchor.fm/s/5c460968/podcast/rss,https://podcasts.apple.com/us/podcast/podcast-ti%E1%BA%BFng-ph%C3%A1p/id1579620178?uo=4,http://vitirouge.com/
29.28,87,BLV Anh Quân,BLV Anh Quân,vi,https://anchor.fm/s/20dfba2c/podcast/rss,https://podcasts.apple.com/us/podcast/blv-anh-qu%C3%A2n/id1513086857?uo=4,https://podcasters.spotify.com/pod/show/blvanhquan
29.1,50,PGHH,RIU PODCAST,vi,https://anchor.fm/s/dd8483b0/podcast/rss,https://podcasts.apple.com/us/podcast/pghh/id1679268437?uo=4,https://podcasters.spotify.com/pod/show/riuca
29.09,221,Truyện Phật Giáo,Truyện Phật Giáo,vi,https://anchor.fm/s/d9d296a8/podcast/rss,https://podcasts.apple.com/us/podcast/truy%E1%BB%87n-ph%E1%BA%ADt-gi%C3%A1o/id1668734746?uo=4,https://www.tiktok.com/@truyen_phat_giao
28.98,71,Cùng An,An Tran,vi,https://anchor.fm/s/da0b9bec/podcast/rss,https://podcasts.apple.com/us/podcast/c%C3%B9ng-an/id1678548913?uo=4,https://onthecard.me/tranlengocan
28.8,112,Trải nghiệm cùng Adele,Adele Doan,vi,https://anchor.fm/s/460d1a9c/podcast/rss,https://podcasts.apple.com/vn/podcast/tr%E1%BA%A3i-nghi%E1%BB%87m-c%C3%B9ng-adele/id1531670998?uo=4,https://careerlab.asia
28.78,53,Giác Mê Tâm Kệ,Trần Phi Long,vi,https://anchor.fm/s/66cdcd08/podcast/rss,https://podcasts.apple.com/vn/podcast/gi%C3%A1c-m%C3%AA-t%C3%A2m-k%E1%BB%87/id1582006418?uo=4,https://podcasters.spotify.com/pod/show/trn-phi-long
28.75,9,TPN - Kinh Tế Tài Chính Xã Hội,Nha,vi,https://anchor.fm/s/9e3b416c/podcast/rss,https://podcasts.apple.com/vn/podcast/tpn-kinh-t%E1%BA%BF-t%C3%A0i-ch%C3%ADnh-x%C3%A3-h%E1%BB%99i/id1629000411?uo=4,https://podcasters.spotify.com/pod/show/nhadev
28.65,90,"Đọc, Đọc Nữa, Đọc Mãi","Đọc, đọc nữa đọc mãi",vi,https://anchor.fm/s/6ee4d824/podcast/rss,https://podcasts.apple.com/vn/podcast/%C4%91%E1%BB%8Dc-%C4%91%E1%BB%8Dc-n%E1%BB%AFa-%C4%91%E1%BB%8Dc-m%C3%A3i/id1589583152?uo=4,https://podcasters.spotify.com/pod/show/u0110u1ecdc-u0111u1ecdc-nu1eefa-u0111u1ecdc-mu00e3i
28.53,43,021 Station - Nhà ga 021,021 Station - Nhà Ga 021,en,https://media.rss.com/021station/feed.xml,https://podcasts.apple.com/us/podcast/021-station-nh%C3%A0-ga-021/id1546453754?uo=4,https://rss.com/podcasts/021station
28.52,26,Why You Run,TEB - The Early Birds,vi,https://feeds.transistor.fm/why-you-run,https://podcasts.apple.com/us/podcast/why-you-run/id1677258383?uo=4,
28.41,34,On Balance,VIETSUCCESS,vi,https://anchor.fm/s/85480d98/podcast/rss,https://podcasts.apple.com/us/podcast/on-balance/id1612395415?uo=4,https://podcasters.spotify.com/pod/show/on-balance-podcast
28.1,135,Kinh Thánh Trực Tuyến,Chien Lac,vi,https://anchor.fm/s/5e5fe8b8/podcast/rss,https://podcasts.apple.com/us/podcast/kinh-th%C3%A1nh-tr%E1%BB%B1c-tuy%E1%BA%BFn/id1571066464?uo=4,https://kinhthanhtructuyen.com
28.08,337,NOXMAG Podcast - Phiên bản Việt Nam,ANDREA MILANO AI,vi,https://noxmag.com/podcast-vi.xml,https://podcasts.apple.com/vn/podcast/noxmag-podcast-phi%C3%AAn-b%E1%BA%A3n-vi%E1%BB%87t-nam/id6784095286?uo=4,https://noxmag.com/vi/
28.04,171,Tóm tắt nội dung murli,Mật ngọt,vi,https://anchor.fm/s/105124bb0/podcast/rss,https://podcasts.apple.com/vn/podcast/t%C3%B3m-t%E1%BA%AFt-n%E1%BB%99i-dung-murli/id1815186272?uo=4,https://murlivn.com
27.95,30,Thiền & Thương Yêu,Anh Le,vi,https://rss.buzzsprout.com/1824325.rss,https://podcasts.apple.com/us/podcast/thi%E1%BB%81n-th%C6%B0%C6%A1ng-y%C3%AAu/id1807093546?uo=4,http://linktr.ee/zenwithmiu
27.89,20,Kinh Thập Thiện,Thích Trúc Thái Minh,vi,https://anchor.fm/s/e9a9eab8/podcast/rss,https://podcasts.apple.com/vn/podcast/kinh-th%E1%BA%ADp-thi%E1%BB%87n/id1811928572?uo=4,https://thaythichtructhaiminh.com/
27.78,28,Du Học Chữa Lành (C2U Podcast),Hang Tran,vi,https://feeds.zencastr.com/f/p2zyIXFm.rss,https://podcasts.apple.com/vn/podcast/du-h%E1%BB%8Dc-ch%E1%BB%AFa-l%C3%A0nh-c2u-podcast/id1636128306?uo=4,https://connectoyou.com
27.68,283,Lời Chúa Mỗi Ngày – Podcast Công Giáo,Uyen Le,vi,https://anchor.fm/s/10bbadd9c/podcast/rss,https://podcasts.apple.com/us/podcast/l%E1%BB%9Di-ch%C3%BAa-m%E1%BB%97i-ng%C3%A0y-podcast-c%C3%B4ng-gi%C3%A1o/id1853452424?uo=4,https://podcasters.spotify.com/pod/show/uyen-le1
27.48,71,Một tâm hồn đầy Nắng!,Phạm Châu Anh,vi,https://anchor.fm/s/646ae0f0/podcast/rss,https://podcasts.apple.com/us/podcast/m%E1%BB%99t-t%C3%A2m-h%E1%BB%93n-%C4%91%E1%BA%A7y-n%E1%BA%AFng/id1583900300?uo=4,https://podcasters.spotify.com/pod/show/phm-chu-anh
27.42,217,Bóng đá 5Goal,5Goal,vi,https://anchor.fm/s/af325cf8/podcast/rss,https://podcasts.apple.com/us/podcast/b%C3%B3ng-%C4%91%C3%A1-5goal/id1639047347?uo=4,https://5goal.vip/
27.35,94,Cơm áo gạo tiền,SBS,vi,https://feeds.sbs.com.au/money-talks,https://podcasts.apple.com/us/podcast/c%C6%A1m-%C3%A1o-g%E1%BA%A1o-ti%E1%BB%81n/id1781111029?uo=4,https://www.sbs.com.au/language/vietnamese/vi/podcast/money-talks
27.24,40,Chuyện Trò Cùng Phan,Phan Lương,vi,https://anchor.fm/s/cf6cdac/podcast/rss,https://podcasts.apple.com/us/podcast/chuy%E1%BB%87n-tr%C3%B2-c%C3%B9ng-phan/id1571140710?uo=4,https://podcasters.spotify.com/pod/show/phan-luong-chuyen-tro
27.17,43,M.A.D.,"Vietcetera, The Lab Saigon",vi,https://anchor.fm/s/103661634/podcast/rss,https://podcasts.apple.com/us/podcast/m-a-d/id1556066749?uo=4,https://www.buzzsprout.com/1721009
27.08,637,Ngducbang09,Nguyen Duc Bang,vi,https://anchor.fm/s/84fcf9ac/podcast/rss,https://podcasts.apple.com/vn/podcast/ngducbang09/id1610952573?uo=4,https://linktr.ee/ngducbang09
27.07,70,Inner World Podcast,Thina Lê,vi,https://anchor.fm/s/e6958bac/podcast/rss,https://podcasts.apple.com/us/podcast/inner-world-podcast/id1713652747?uo=4,https://podcasters.spotify.com/pod/show/thina-le
26.88,83,Sách và Sống,trambi,vi,https://anchor.fm/s/e9917820/podcast/rss,https://podcasts.apple.com/vn/podcast/s%C3%A1ch-v%C3%A0-s%E1%BB%91ng/id1711312766?uo=4,https://podcasters.spotify.com/pod/show/trambi
26.5,71,Đắp Chăn Nằm Nghe Tun Kể,Tun Cảm Ơn,vi,https://anchor.fm/s/7de8f0d0/podcast/rss,https://podcasts.apple.com/us/podcast/%C4%91%E1%BA%AFp-ch%C4%83n-n%E1%BA%B1m-nghe-tun-k%E1%BB%83/id1613101635?uo=4,https://podcasters.spotify.com/pod/show/tun-pham
26.44,12,Xóm Truyện Cầu Vồng,Ron,vi,https://anchor.fm/s/f259abf8/podcast/rss,https://podcasts.apple.com/us/podcast/x%C3%B3m-truy%E1%BB%87n-c%E1%BA%A7u-v%E1%BB%93ng/id1835259285?uo=4,https://www.youtube.com/@xomtruyencauvonglgbt
26.26,99,Cẩm nang du lịch,SBS,vi,https://feeds.sbs.com.au/travel-stories,https://podcasts.apple.com/us/podcast/c%E1%BA%A9m-nang-du-l%E1%BB%8Bch/id1780723540?uo=4,https://www.sbs.com.au/language/vietnamese/vi/podcast/travel-stories
26.2,133,Trải cùng Ohkhago,Ohkhago,vi,https://anchor.fm/s/c0a4f18/podcast/rss,https://podcasts.apple.com/us/podcast/tr%E1%BA%A3i-c%C3%B9ng-ohkhago/id1468148934?uo=4,https://www.ohkhago.com
26.13,37,Mắc Nói & Dung Dị,Duy Tran,vi,https://rss.buzzsprout.com/1726547.rss,https://podcasts.apple.com/vn/podcast/m%E1%BA%AFc-n%C3%B3i-dung-d%E1%BB%8B/id1557090100?uo=4,https://www.buzzsprout.com/1726547
25.92,28,KNKB Thảo Luận Chủ Nhật Podcast,Không Nói Không Biết,vi,https://anchor.fm/s/532699ec/podcast/rss,https://podcasts.apple.com/vn/podcast/knkb-th%E1%BA%A3o-lu%E1%BA%ADn-ch%E1%BB%A7-nh%E1%BA%ADt-podcast/id1560234547?uo=4,https://podcasters.spotify.com/pod/show/knkb
25.76,61,Có Những Người Như Chúng Ta,Rogers Official,vi,https://anchor.fm/s/45a25374/podcast/rss,https://podcasts.apple.com/us/podcast/c%C3%B3-nh%E1%BB%AFng-ng%C6%B0%E1%BB%9Di-nh%C6%B0-ch%C3%BAng-ta/id1655687035?uo=4,https://youtube.com/rogers.official
25.73,91,Justbangtanvn Podcast,Justbangtanvn Podcast,vi,https://anchor.fm/s/5caca114/podcast/rss,https://podcasts.apple.com/us/podcast/justbangtanvn-podcast/id1569217915?uo=4,https://podcasters.spotify.com/pod/show/justbangtanvn-podcast
25.7,57,Trải nghiệm?!,Nhi Nguyen,vi,https://anchor.fm/s/de6dea78/podcast/rss,https://podcasts.apple.com/us/podcast/tr%E1%BA%A3i-nghi%E1%BB%87m/id1681003622?uo=4,http://trainghiempodcast.com/
25.69,95,ARI,ARI,vi,https://anchor.fm/s/e46f7c0c/podcast/rss,https://podcasts.apple.com/us/podcast/ari/id1693548936?uo=4,https://podcasters.spotify.com/pod/show/duyenari
25.69,132,FuSusu Podcast,FuSuSu.com,vi,https://fususu.com/feed/podcast/,https://podcasts.apple.com/vn/podcast/fususu-podcast/id1501793039?uo=4,https://fususu.com/
25.64,45,Phan Thảo Phương (Mèo),Phan Thao Phuong,vi,https://anchor.fm/s/6b25a63c/podcast/rss,https://podcasts.apple.com/vn/podcast/phan-th%E1%BA%A3o-ph%C6%B0%C6%A1ng-m%C3%A8o/id1586369425?uo=4,https://podcasters.spotify.com/pod/show/phan-thao-phuong
25.54,51,Lươn1311,Lươn1311,vi,https://anchor.fm/s/52f31540/podcast/rss,https://podcasts.apple.com/us/podcast/l%C6%B0%C6%A1n1311/id1559783806?uo=4,https://www.youtube.com/c/L%C6%B0%C6%A1n1311
25.53,22,Đường xưa mây trắng - TS Thích Nhất Hạnh - Giọng đọc Chiếu Thành,udng🌦️,vi,https://anchor.fm/s/107f8c520/podcast/rss,https://podcasts.apple.com/us/podcast/%C4%91%C6%B0%E1%BB%9Dng-x%C6%B0a-m%C3%A2y-tr%E1%BA%AFng-ts-th%C3%ADch-nh%E1%BA%A5t-h%E1%BA%A1nh-gi%E1%BB%8Dng-%C4%91%E1%BB%8Dc-chi%E1%BA%BFu-th%C3%A0nh/id1831022640?uo=4,https://podcasters.spotify.com/pod/show/leo-maccomic
25.52,61,Tiểu thuyết gia On-Air,Kênh VOV Giao thông (VOVGT),vi,https://anchor.fm/s/2758d80c/podcast/rss,https://podcasts.apple.com/us/podcast/ti%E1%BB%83u-thuy%E1%BA%BFt-gia-on-air/id1519554806?uo=4,https://podcasters.spotify.com/pod/show/thuyet-tieu
25.47,42,Học Kinh Thánh từng chương,DanSoKy,de,https://anchor.fm/s/7213a46c/podcast/rss,https://podcasts.apple.com/us/podcast/h%E1%BB%8Dc-kinh-th%C3%A1nh-t%E1%BB%ABng-ch%C6%B0%C6%A1ng/id1621840061?uo=4,https://podcasters.spotify.com/pod/show/dansoky
25.42,21,KINH Địa Tạng,Thầy Thích Trúc Thái Minh,vi,https://anchor.fm/s/eeab059c/podcast/rss,https://podcasts.apple.com/us/podcast/kinh-%C4%91%E1%BB%8Ba-t%E1%BA%A1ng/id1811776256?uo=4,https://thaythichtructhaiminh.com/
25.37,157,Chuyện kể cho bé _ Cô Ủn Ỉn,Cô Ủn Ỉn,vi,https://anchor.fm/s/fcad7684/podcast/rss,https://podcasts.apple.com/us/podcast/chuy%E1%BB%87n-k%E1%BB%83-cho-b%C3%A9-c%C3%B4-%E1%BB%A7n-%E1%BB%89n/id1781011054?uo=4,https://podcasters.spotify.com/pod/show/moe-adal
25.34,27,Bookaholic - Podcast của Kẻ Nghiện Sách,Bookaholic - Podcast Của Kẻ Nghiện Sách,vi,https://anchor.fm/s/37ef3918/podcast/rss,https://podcasts.apple.com/us/podcast/bookaholic-podcast-c%E1%BB%A7a-k%E1%BA%BB-nghi%E1%BB%87n-s%C3%A1ch/id1518379588?uo=4,https://podcasters.spotify.com/pod/show/bookaholic-podcast
25.23,15,Đêm Nghe Chuyện,Đêm Nghe Chuyện,vi,https://anchor.fm/s/1123ce00c/podcast/rss,https://podcasts.apple.com/us/podcast/%C4%91%C3%AAm-nghe-chuy%E1%BB%87n/id1896644861?uo=4,https://podcasters.spotify.com/pod/show/dem-nghe-chuyen
25.21,52,TỨ QUÍ RADIO,TỨ QUÍ RADIO - tuquiradio.com,vi,https://anchor.fm/s/e578eebc/podcast/rss,https://podcasts.apple.com/vn/podcast/t%E1%BB%A9-qu%C3%AD-radio/id1738252099?uo=4,https://podcasters.spotify.com/pod/show/tuqui-radio
24.89,20,Cái Ổ Podcast,Neo,vi,https://anchor.fm/s/69928ce0/podcast/rss,https://podcasts.apple.com/vn/podcast/c%C3%A1i-%E1%BB%95-podcast/id1672216276?uo=4,https://podcasters.spotify.com/pod/show/caiopodcast
24.79,32,Đọc sách cùng Phủ,Đọc sách cùng Phủ,vi,https://anchor.fm/s/9bfe45d4/podcast/rss,https://podcasts.apple.com/us/podcast/%C4%91%E1%BB%8Dc-s%C3%A1ch-c%C3%B9ng-ph%E1%BB%A7/id1627643665?uo=4,https://podcasters.spotify.com/pod/show/doc-sach-cung-phu
24.77,99,Cúc ku - Thành phố đã đi ngủ chưa?,Cuc ku,vi,https://anchor.fm/s/2f795fac/podcast/rss,https://podcasts.apple.com/us/podcast/c%C3%BAc-ku-th%C3%A0nh-ph%E1%BB%91-%C4%91%C3%A3-%C4%91i-ng%E1%BB%A7-ch%C6%B0a/id1526575655?uo=4,https://podcasters.spotify.com/pod/show/cuc-cu
24.77,305,Review sách hay,Review sách hay,vi,https://anchor.fm/s/e670d988/podcast/rss,https://podcasts.apple.com/vn/podcast/review-s%C3%A1ch-hay/id1699915982?uo=4,https://podcasters.spotify.com/pod/show/phan-th-hu
24.68,211,"Tin Nóng Siêu Vắn - Tin tổng hợp siêu nhanh, siêu ngắn phát lúc 7h00 sáng hàng ngày",Tin Nóng Siêu Vắn,vi,https://anchor.fm/s/4ce4d7ec/podcast/rss,https://podcasts.apple.com/vn/podcast/tin-n%C3%B3ng-si%C3%AAu-v%E1%BA%AFn-tin-t%E1%BB%95ng-h%E1%BB%A3p-si%C3%AAu-nhanh-si%C3%AAu-ng%E1%BA%AFn/id1553848685?uo=4,https://about.me/tuanha
24.65,12,"When words fail,",Hải Long Phan Vũ,vi,https://anchor.fm/s/44e14c38/podcast/rss,https://podcasts.apple.com/us/podcast/when-words-fail/id1545808843?uo=4,https://podcasters.spotify.com/pod/show/phanvuhailong
24.63,30,#NTN - Nghề trong Người,reddyonduty,vi,https://anchor.fm/s/da52b1f8/podcast/rss,https://podcasts.apple.com/vn/podcast/ntn-ngh%E1%BB%81-trong-ng%C6%B0%E1%BB%9Di/id1688114067?uo=4,https://linktr.ee/weare.inyoursight
24.6,32,Kênh Đọc Sách Lê Hoàng Hải,Lê Hoàng Hải,vi,https://anchor.fm/s/101554d10/podcast/rss,https://podcasts.apple.com/vn/podcast/k%C3%AAnh-%C4%91%E1%BB%8Dc-s%C3%A1ch-l%C3%AA-ho%C3%A0ng-h%E1%BA%A3i/id1799055075?uo=4,https://podcasters.spotify.com/pod/show/c-nguyn65
24.41,28,Ma quỷ đang thống trị thế giới của chúng ta,9truth,vi,http://rss.castbox.fm/everest/9d141099b7314e7e896a36254df7a617.xml,https://podcasts.apple.com/us/podcast/ma-qu%E1%BB%B7-%C4%91ang-th%E1%BB%91ng-tr%E1%BB%8B-th%E1%BA%BF-gi%E1%BB%9Bi-c%E1%BB%A7a-ch%C3%BAng-ta/id1544691091?uo=4,https://castbox.fm/ch/3616462
24.41,28,Ma quỷ đang thống trị thế giới chúng ta,One Bottle 1,vi,https://anchor.fm/s/1c8264ac/podcast/rss,https://podcasts.apple.com/us/podcast/ma-qu%E1%BB%B7-%C4%91ang-th%E1%BB%91ng-tr%E1%BB%8B-th%E1%BA%BF-gi%E1%BB%9Bi-ch%C3%BAng-ta/id1508156452?uo=4,https://podcasters.spotify.com/pod/show/one-bottle-1
24.41,20,Ma quỷ đang thống trị thế giới của chúng ta,Vi.Clip360,vi,https://anchor.fm/s/438e4fc0/podcast/rss,https://podcasts.apple.com/vn/podcast/ma-qu%E1%BB%B7-%C4%91ang-th%E1%BB%91ng-tr%E1%BB%8B-th%E1%BA%BF-gi%E1%BB%9Bi-c%E1%BB%A7a-ch%C3%BAng-ta/id1544078754?uo=4,https://vi.clip360.top/nhung-cuon-sach-hay-nen-xem/
24.38,25,Marketing Insider,Duc Nguyen,vi,https://anchor.fm/s/d0a368b4/podcast/rss,https://podcasts.apple.com/us/podcast/marketing-insider/id1656582742?uo=4,https://podcasters.spotify.com/pod/show/marketinginsider
24.36,57,Thuần Podcast,Thuần,vi,https://anchor.fm/s/4831476c/podcast/rss,https://podcasts.apple.com/us/podcast/thu%E1%BA%A7n-podcast/id1571496739?uo=4,https://podcasters.spotify.com/pod/show/thuanpodcast
24.23,29,Kinh Thánh 100 tuần,Hoan,vi,https://anchor.fm/s/67c246f8/podcast/rss,https://podcasts.apple.com/us/podcast/kinh-th%C3%A1nh-100-tu%E1%BA%A7n/id1581360177?uo=4,https://podcasters.spotify.com/pod/show/hoandinh
24.18,147,RADIO VÙNG ĐẤT TINH THẦN SUNNYCARE,RADIO VÙNG ĐẤT TINH THẦN SUNNYCARE,vi,https://anchor.fm/s/103ccd680/podcast/rss,https://podcasts.apple.com/us/podcast/radio-v%C3%B9ng-%C4%91%E1%BA%A5t-tinh-th%E1%BA%A7n-sunnycare/id1826063580?uo=4,https://sunnycare.vn/
24.12,49,Nhật Ký Thất Nghiệp,Vi,vi,https://anchor.fm/s/d391fd24/podcast/rss,https://podcasts.apple.com/vn/podcast/nh%E1%BA%ADt-k%C3%BD-th%E1%BA%A5t-nghi%E1%BB%87p/id1658147544?uo=4,https://rainbowvi.org/
23.9,406,On thi DGNL,Ôn thi Đánh Giá Năng Lực,vi,https://anchor.fm/s/dccf61c4/podcast/rss,https://podcasts.apple.com/vn/podcast/on-thi-dgnl/id1694316853?uo=4,https://onthidgnl.com/
23.85,29,Audiobook,https://www.docbangtai.com/,en,https://anchor.fm/s/c03d7a0/podcast/rss,https://podcasts.apple.com/us/podcast/audiobook/id1468304606?uo=4,https://www.docbangtai.com/
23.83,28,Khai Thị,Sư Phụ Khai Thị,vi,https://anchor.fm/s/8f15a7cc/podcast/rss,https://podcasts.apple.com/vn/podcast/khai-th%E1%BB%8B/id1618057190?uo=4,https://podcasters.spotify.com/pod/show/spkt
23.78,67,Sống khoẻ,VN Podcast,vi,https://anchor.fm/s/f482540c/podcast/rss,https://podcasts.apple.com/vn/podcast/s%E1%BB%91ng-kho%E1%BA%BB/id1715241368?uo=4,https://podcasters.spotify.com/pod/show/songkhoe
23.75,55,CHUYỆN DU HỌC PODCAST,College Compass by Everest Education,vi,https://anchor.fm/s/4f83120c/podcast/rss,https://podcasts.apple.com/vn/podcast/chuy%E1%BB%87n-du-h%E1%BB%8Dc-podcast/id1556759326?uo=4,https://bit.ly/E2-college-compass
23.66,62,Tóm tắt sách cùng Tanya,Tóm tắt sách cùng Tanya,vi,https://anchor.fm/s/5c5583e8/podcast/rss,https://podcasts.apple.com/us/podcast/t%C3%B3m-t%E1%BA%AFt-s%C3%A1ch-c%C3%B9ng-tanya/id1568992226?uo=4,https://podcasters.spotify.com/pod/show/tm-tt-sch-cng-tanya
23.65,144,Life Mentor - Cha Mẹ Dẫn Lối,Life Mentor,vi,https://anchor.fm/s/5d8020d4/podcast/rss,https://podcasts.apple.com/vn/podcast/life-mentor-cha-m%E1%BA%B9-d%E1%BA%ABn-l%E1%BB%91i/id1570944029?uo=4,https://lifementor.vn/
23.64,199,Podcast Quốc hội và Cử tri,Báo Đại biểu nhân dân,vi,https://anchor.fm/s/df57413c/podcast/rss,https://podcasts.apple.com/us/podcast/podcast-qu%E1%BB%91c-h%E1%BB%99i-v%C3%A0-c%E1%BB%AD-tri/id1683333046?uo=4,https://daibieunhandan.vn/
23.61,36,The Money Date,Vietcetera,vi,https://anchor.fm/s/1035bc274/podcast/rss,https://podcasts.apple.com/us/podcast/the-money-date/id1605300241?uo=4,https://www.buzzsprout.com/1919838
23.5,48,em chị Trang,Thu Trang,vi,https://anchor.fm/s/2e3e85b8/podcast/rss,https://podcasts.apple.com/vn/podcast/em-ch%E1%BB%8B-trang/id1525571129?uo=4,https://podcasters.spotify.com/pod/show/hunh-thu-trang
23.44,84,Kien Tran,Kien Tran,en,https://anchor.fm/s/3d93de64/podcast/rss,https://podcasts.apple.com/us/podcast/kien-tran/id1538336754?uo=4,https://podcasters.spotify.com/pod/show/dungchaytheosodong
23.44,33,Nó Kìa Podcast,Linh & Lân,vi,https://anchor.fm/s/694d8f28/podcast/rss,https://podcasts.apple.com/vn/podcast/n%C3%B3-k%C3%ACa-podcast/id1583338187?uo=4,https://podcasters.spotify.com/pod/show/nka-podcast
23.39,102,Tieng Viet Oi,Tieng Viet Oi,vi,https://anchor.fm/s/726227a4/podcast/rss,https://podcasts.apple.com/vn/podcast/tieng-viet-oi/id1651060133?uo=4,https://www.tiengvietoi.com/
23.33,192,9 Phút Kinh Doanh Đột Phá,9 Phút Kinh Doanh Đột Phá,vi,https://anchor.fm/s/5ad8db78/podcast/rss,https://podcasts.apple.com/us/podcast/9-ph%C3%BAt-kinh-doanh-%C4%91%E1%BB%99t-ph%C3%A1/id1567228851?uo=4,https://podcasters.spotify.com/pod/show/9pkddp
23.01,37,Lắng by Mindful-Nest,"Phạm Hà, Ceri Lan, Nam Taro, Minh Nhật",vi,https://anchor.fm/s/5335c32c/podcast/rss,https://podcasts.apple.com/us/podcast/l%E1%BA%AFng-by-mindful-nest/id1573150728?uo=4,https://www.mindful-nest.com/
23.01,146,thu anh béo,Thu Anh,vi,https://anchor.fm/s/6a7f573c/podcast/rss,https://podcasts.apple.com/vn/podcast/thu-anh-b%C3%A9o/id1585832204?uo=4,https://podcasters.spotify.com/pod/show/thuanh-chan
22.87,29,CHÙA DƯỢC SƯ - LÂM ĐỒNG,ChuaDuocSu.org,vi,https://anchor.fm/s/3d154e64/podcast/rss,https://podcasts.apple.com/vn/podcast/ch%C3%B9a-d%C6%B0%E1%BB%A3c-s%C6%B0-l%C3%A2m-%C4%91%E1%BB%93ng/id1553660796?uo=4,https://chuaduocsu.org
22.79,77,Love Touch | T R A M Y E U,Pure Coach | BB,vi,https://anchor.fm/s/5faeeb38/podcast/rss,https://podcasts.apple.com/us/podcast/love-touch-t-r-a-m-y-e-u/id1571454002?uo=4,https://bit.ly/3KfWJ9P
22.75,441,"Kinh Thánh – Tiếng Việt (Vietnamese, Tân Ước + Thi Thiên và Châm Ngôn)",International Scripture Ministries,vi,https://feed.pod.co/kinh-thnh-ting-vit-vietnamese,https://podcasts.apple.com/vn/podcast/kinh-th%C3%A1nh-ti%E1%BA%BFng-vi%E1%BB%87t-vietnamese-t%C3%A2n-%C6%B0%E1%BB%9Bc-thi-thi%C3%AAn/id1896875436?uo=4,https://pod.co/kinh-thnh-ting-vit-vietnamese
22.72,66,Chạm Vào Tri Thức - Tâm Trí Rộng Mở,Better Me,vi,https://anchor.fm/s/1082ca4d0/podcast/rss,https://podcasts.apple.com/us/podcast/ch%E1%BA%A1m-v%C3%A0o-tri-th%E1%BB%A9c-t%C3%A2m-tr%C3%AD-r%E1%BB%99ng-m%E1%BB%9F/id1832665889?uo=4,https://podcasters.spotify.com/pod/show/hng-nguyn43
22.6,100,VnExpress Podcasts: Giải mã,VnExpress,vi-vn,https://vnexpress.net/rss/podcast/giai-ma.rss,https://podcasts.apple.com/us/podcast/vnexpress-podcasts-gi%E1%BA%A3i-m%C3%A3/id1751444197?uo=4,https://vnexpress.net/vne-go/podcast/giai-ma
22.6,39,Học Kinh Thánh từng chương,Luật Lệ Ký Phục Truyền,de-de,https://anchor.fm/s/72682154/podcast/rss,https://podcasts.apple.com/us/podcast/h%E1%BB%8Dc-kinh-th%C3%A1nh-t%E1%BB%ABng-ch%C6%B0%C6%A1ng/id1621840177?uo=4,https://podcasters.spotify.com/pod/show/lut-l-k-phc-truyn
22.57,32,The Reader Podcast,Đặng Thị Hồng Vân,vi,https://anchor.fm/s/69d3ff90/podcast/rss,https://podcasts.apple.com/us/podcast/the-reader-podcast/id1585289383?uo=4,https://podcasters.spotify.com/pod/show/the-reader-podcast
22.46,81,Đường Xưa Mây Trắng - Theo Gót Chân Bụt,Kẻ Trộm Hương,vi,https://anchor.fm/s/d8909510/podcast/rss,https://podcasts.apple.com/us/podcast/%C4%91%C6%B0%E1%BB%9Dng-x%C6%B0a-m%C3%A2y-tr%E1%BA%AFng-theo-g%C3%B3t-ch%C3%A2n-b%E1%BB%A5t/id1662747400?uo=4,https://podcasters.spotify.com/pod/show/ke-trom-huong
22.46,92,HIEUSEO,Hiếu Đặng,vi,https://anchor.fm/s/111d775f0/podcast/rss,https://podcasts.apple.com/vn/podcast/hieuseo/id1895332642?uo=4,https://hieuseo.com/
22.38,39,Podcast - Tell a Story - Chung Nhà Với Cậu,Tác Giả: Hinaga - Dịch Giả: Tranh admin thích - Sản Xuất: Ōkami Studio,vi,https://anchor.fm/s/fa2dfbe0/podcast/rss,https://podcasts.apple.com/vn/podcast/podcast-tell-a-story-chung-nh%C3%A0-v%E1%BB%9Bi-c%E1%BA%ADu/id1764754390?uo=4,https://podcasters.spotify.com/pod/show/okamistudio
22.31,30,Hello Y Khoa,Hello Y Khoa Podcast,vi,https://anchor.fm/s/ac220400/podcast/rss,https://podcasts.apple.com/vn/podcast/hello-y-khoa/id1654649877?uo=4,https://helloykhoa.com/
22.29,30,Chhia-pang Hòng-sàng Kio̍k 車幫放送局,Tó-sū ê Tâi-gí Chhia-pang 島嶼ê台語車幫,zh-hant,https://feeds.soundon.fm/podcasts/e8c8ccb0-3bdf-49dd-9e48-7cd781ab8d00.xml,https://podcasts.apple.com/us/podcast/chhia-pang-h%C3%B2ng-s%C3%A0ng-kio-k-%E8%BB%8A%E5%B9%AB%E6%94%BE%E9%80%81%E5%B1%80/id1675105349?uo=4,https://www.youtube.com/@TSTGCP
22.24,28,Tân Ước (The New Testament in Vietnamese),Orthodox Christian Teaching,vi,https://anchor.fm/s/d753262c/podcast/rss,https://podcasts.apple.com/vn/podcast/t%C3%A2n-%C6%B0%E1%BB%9Bc-the-new-testament-in-vietnamese/id1661324749?uo=4,https://www.accsheepfold.com
22.2,33,The Coming Wave Podcast,Daniel Nguyen and Pham Thanh Son,vi,https://anchor.fm/s/f9a76b0c/podcast/rss,https://podcasts.apple.com/us/podcast/the-coming-wave-podcast/id1762376024?uo=4,https://linktr.ee/thecomingwavepodcast
22.13,81,hoangthoughts,Hoang Nguyen,vi,https://anchor.fm/s/6c44d8e4/podcast/rss,https://podcasts.apple.com/us/podcast/hoangthoughts/id1706653907?uo=4,https://www.hoangthoughts.com
22.1,100,Saturday Podcast,Câu hỏi Tại sao,vi,https://anchor.fm/s/f4e43708/podcast/rss,https://podcasts.apple.com/vn/podcast/saturday-podcast/id1745369512?uo=4,https://podcasters.spotify.com/pod/show/7podcast
21.6,57,Góc Tâm Tình,Vu,vi,https://rss.buzzsprout.com/1875627.rss,https://podcasts.apple.com/us/podcast/g%C3%B3c-t%C3%A2m-t%C3%ACnh/id1591682682?uo=4,https://vule.buzzsprout.com
21.56,35,The Blue Expat,Link Phuong Nguyen,vi,https://feeds.acast.com/public/shows/647700fa9aab2f001135cb5f,https://podcasts.apple.com/us/podcast/the-blue-expat/id1519570223?uo=4,https://theblueexpat.com
21.55,38,Diepdaydreaming,"Hoang Ngoc Diep, Nguyen Ha Duong",vi,https://anchor.fm/s/35a59544/podcast/rss,https://podcasts.apple.com/vn/podcast/diepdaydreaming/id1491432793?uo=4,http://www.diepdaydreaming.com/
21.27,43,Dat Huynh,Dat Huynh,vi,https://rss.buzzsprout.com/2019750.rss,https://podcasts.apple.com/us/podcast/dat-huynh/id1634769629?uo=4,http://tiendatguru.com
21.27,22,Nghiền ngẫm và Chia sẻ Murli,Mật ngọt,vi,https://anchor.fm/s/ef3c126c/podcast/rss,https://podcasts.apple.com/vn/podcast/nghi%E1%BB%81n-ng%E1%BA%ABm-v%C3%A0-chia-s%E1%BA%BB-murli/id1721728937?uo=4,https://bkwsuvn.com/
21.25,111,Thanh Hải Radio,THANH HẢI RADIO,en,https://anchor.fm/s/5c6aa034/podcast/rss,https://podcasts.apple.com/vn/podcast/thanh-h%E1%BA%A3i-radio/id1594714248?uo=4,https://podcasters.spotify.com/pod/show/nhabaothanhhai
21.24,70,李講古我來聽・用台語講100個台灣人的故事,用台語講100個台灣人的故事,zh-tw,https://anchor.fm/s/56ebda38/podcast/rss,https://podcasts.apple.com/us/podcast/%E6%9D%8E%E8%AC%9B%E5%8F%A4%E6%88%91%E4%BE%86%E8%81%BD-%E7%94%A8%E5%8F%B0%E8%AA%9E%E8%AC%9B100%E5%80%8B%E5%8F%B0%E7%81%A3%E4%BA%BA%E7%9A%84%E6%95%85%E4%BA%8B/id1576436697?uo=4,https://www.taigistory.com/
21.23,14,#BYBS,Giang Gy,vi,https://anchor.fm/s/1f9aa8fc/podcast/rss,https://podcasts.apple.com/vn/podcast/bybs/id1518470090?uo=4,https://gianggy.com
21.11,215,Top Kinh Doanh,Top Kinh Doanh,vi,https://anchor.fm/s/67194238/podcast/rss,https://podcasts.apple.com/us/podcast/top-kinh-doanh/id1581318689?uo=4,https://topkinhdoanh.com/
21.07,77,Hà Nội FM,Hà Nội Fm,vi,https://anchor.fm/s/49c0abf4/podcast/rss,https://podcasts.apple.com/vn/podcast/h%C3%A0-n%E1%BB%99i-fm/id1550889192?uo=4,https://www.instagram.com/hanoi.fm/
20.97,126,"Mekong MMO - Kênh chia sẻ kiến thức, kinh nghiệm cho anh em MMO Việt Nam",Mekong MMO,vi,https://anchor.fm:443/s/13f95fd4/podcast/rss,https://podcasts.apple.com/vn/podcast/mekong-mmo-k%C3%AAnh-chia-s%E1%BA%BB-ki%E1%BA%BFn-th%E1%BB%A9c-kinh-nghi%E1%BB%87m-cho-anh/id1501338542?uo=4,https://mekongmmo.com/
20.97,126,"Mekong MMO - Kênh chia sẻ kiến thức, kinh nghiệm cho anh em MMO Việt Nam",Mekong MMO,vi,https://anchor.fm/s/13f95fd4/podcast/rss,https://podcasts.apple.com/vn/podcast/mekong-mmo-k%C3%AAnh-chia-s%E1%BA%BB-ki%E1%BA%BFn-th%E1%BB%A9c-kinh-nghi%E1%BB%87m-cho-anh/id1500644184?uo=4,https://mekongmmo.com/
20.96,114,Ngẫm Ký Sự,Ngẫm Ký Sự,vi,https://anchor.fm/s/1026a9444/podcast/rss,https://podcasts.apple.com/us/podcast/ng%E1%BA%ABm-k%C3%BD-s%E1%BB%B1/id1879190736?uo=4,https://www.ganjingworld.com/s/kRVlgorz9V
20.85,31,Bình Sách Dịch,Sử Sinh,vi,https://anchor.fm/s/103f260a8/podcast/rss,https://podcasts.apple.com/us/podcast/b%C3%ACnh-s%C3%A1ch-d%E1%BB%8Bch/id1675371019?uo=4,https://castbox.fm/ch/5335133
20.79,160,An Nhiên đọc truyện,Louis Truong,vi,https://anchor.fm/s/7dcbcb7c/podcast/rss,https://podcasts.apple.com/us/podcast/an-nhi%C3%AAn-%C4%91%E1%BB%8Dc-truy%E1%BB%87n/id1605384032?uo=4,https://podcasters.spotify.com/pod/show/truyendocdingu
20.79,247,Tĩnh nguyện Lời Sống Hằng Ngày,Our Daily Bread Ministries,vi,https://feeds.transistor.fm/tinh-nguyen-loi-song-hang-ngay,https://podcasts.apple.com/us/podcast/t%C4%A9nh-nguy%E1%BB%87n-l%E1%BB%9Di-s%E1%BB%91ng-h%E1%BA%B1ng-ng%C3%A0y/id6798575772?uo=4,
20.78,53,Triệu Nguyễn Huyền Trang,Một người kể chuyện,vi,https://anchor.fm/s/5e2995b0/podcast/rss,https://podcasts.apple.com/us/podcast/tri%E1%BB%87u-nguy%E1%BB%85n-huy%E1%BB%81n-trang/id1584453540?uo=4,https://trieunguyenhuyentrang.com
20.76,24,Yêu Lành,Vietcetera,vi,https://anchor.fm/s/103664578/podcast/rss,https://podcasts.apple.com/us/podcast/y%C3%AAu-l%C3%A0nh/id1653066577?uo=4,https://www.buzzsprout.com/2077419
20.73,99,VnExpress Podcasts: Hộp đen,VnExpress,vi-vn,https://vnexpress.net/rss/podcast/hop-den.rss,https://podcasts.apple.com/us/podcast/vnexpress-podcasts-h%E1%BB%99p-%C4%91en/id1751444260?uo=4,https://vnexpress.net/vne-go/podcast/hop-den
20.69,8,f4rse - Tài Nguyên Ôn Lại Kiến Thức - For Personal Only,NDT,en,https://anchor.fm/s/66f88110/podcast/rss,https://podcasts.apple.com/vn/podcast/f4rse-t%C3%A0i-nguy%C3%AAn-%C3%B4n-l%E1%BA%A1i-ki%E1%BA%BFn-th%E1%BB%A9c-for-personal-only/id1581072602?uo=4,https://podcasters.spotify.com/pod/show/f4rse
20.67,69,Trang In Tech,Trang Nguyen (Tracy),vi,https://anchor.fm/s/c084cc98/podcast/rss,https://podcasts.apple.com/us/podcast/trang-in-tech/id1679956207?uo=4,https://trangintech.com/
20.65,40,Gen Z Truyền,Vietcetera,vi,https://anchor.fm/s/103342c14/podcast/rss,https://podcasts.apple.com/us/podcast/gen-z-truy%E1%BB%81n/id1604776152?uo=4,https://www.buzzsprout.com/1919084
20.55,93,Dương Alex,Dương Alex,vi,https://anchor.fm/s/118c9d60/podcast/rss,https://podcasts.apple.com/vn/podcast/d%C6%B0%C6%A1ng-alex/id1491451278?uo=4,https://www.youtube.com/channel/UCUcx8DrsOUaLlhU6o17npKg/?sub_confirmation=1
20.46,39,Chuyện nhà #NGO,SonTa Foundation,vi,https://anchor.fm/s/5ed21154/podcast/rss,https://podcasts.apple.com/us/podcast/chuy%E1%BB%87n-nh%C3%A0-ngo/id1575847837?uo=4,https://www.sontafoundation.org
20.44,92,ATú Story Podcast,ATú Story podcast,vi,https://anchor.fm/s/96b9fe74/podcast/rss,https://podcasts.apple.com/vn/podcast/at%C3%BA-story-podcast/id1633224538?uo=4,https://podcasters.spotify.com/pod/show/b-t-kute
20.36,10,Warm welcome to K Book,Phan Duy Chinh,vi,https://anchor.fm/s/68ac5eb4/podcast/rss,https://podcasts.apple.com/vn/podcast/warm-welcome-to-k-book/id1584204913?uo=4,https://podcasters.spotify.com/pod/show/phan-duy-chinh
20.31,48,Dám Khác Biệt 🎙,Howard - damkhacbiet.com,en,https://anchor.fm/s/50422354/podcast/rss,https://podcasts.apple.com/us/podcast/d%C3%A1m-kh%C3%A1c-bi%E1%BB%87t/id1557628208?uo=4,https://www.damkhacbiet.com/
20.26,6,"Course Click - Học trọn đời, Đổi tương lai","Course Click - Học trọn đời, Đổi tương lai",vi,https://anchor.fm/s/3e089358/podcast/rss,https://podcasts.apple.com/vn/podcast/course-click-h%E1%BB%8Dc-tr%E1%BB%8Dn-%C4%91%E1%BB%9Di-%C4%91%E1%BB%95i-t%C6%B0%C6%A1ng-lai/id1538505709?uo=4,https://www.courseclick.org/
20.25,28,VietAnhTalk,Nguyễn Việt Anh,vi,https://anchor.fm/s/f30e0904/podcast/rss,https://podcasts.apple.com/us/podcast/vietanhtalk/id1735095603?uo=4,https://buymeacoffee.com/vietanhtalk
20.12,100,Phát triển Kinh doanh - Phát triển con người -Nguyễn Thị Thanh Liêm Radio Kênh Radio online này là để hàng ngày chia sẻ các bài nói chuyện tâm sự về Kinh doanh và Phát triển con người,liem1985ntt,en,https://feed.podbean.com/liem1985ntt/feed.xml,https://podcasts.apple.com/us/podcast/ph%C3%A1t-tri%E1%BB%83n-kinh-doanh-ph%C3%A1t-tri%E1%BB%83n-con-ng%C6%B0%E1%BB%9Di-nguy%E1%BB%85n-th%E1%BB%8B/id1894979325?uo=4,https://liem1985ntt.podbean.com
20.08,100,VnExpress Podcasts: VnExpress Hôm nay,VnExpress,vi-vn,https://vnexpress.net/rss/podcast/vnexpress-hom-nay.rss,https://podcasts.apple.com/us/podcast/vnexpress-podcasts-vnexpress-h%C3%B4m-nay/id1751444063?uo=4,https://vnexpress.net/vne-go/podcast/vnexpress-hom-nay
19.97,34,GEN Z CHẢ BÍT Z,genzchabietgi,vi,https://anchor.fm/s/c723743c/podcast/rss,https://podcasts.apple.com/vn/podcast/gen-z-ch%E1%BA%A3-b%C3%ADt-z/id1653603227?uo=4,https://podcasters.spotify.com/pod/show/genzchabietz
19.94,67,MÂY Podcast,Khánh Vân,vi,https://anchor.fm/s/6fb98254/podcast/rss,https://podcasts.apple.com/us/podcast/m%C3%A2y-podcast/id1607469704?uo=4,https://podcasters.spotify.com/pod/show/ng-khnh-vn
19.91,30,Phần du Phần học,VSAF - Vietnamese Student Association in Finland,vi,https://anchor.fm/s/537959e8/podcast/rss,https://podcasts.apple.com/vn/podcast/ph%E1%BA%A7n-du-ph%E1%BA%A7n-h%E1%BB%8Dc/id1748590744?uo=4,https://www.facebook.com/vsaf.org/
19.73,57,Mysorevietnam sangha,Hieu Tran,vi,https://anchor.fm/s/3c0895d0/podcast/rss,https://podcasts.apple.com/vn/podcast/mysorevietnam-sangha/id1536450485?uo=4,https://www.facebook.com/yoga3h
19.72,39,THIỀN 21 NGÀY,Soul Coach,vi,https://anchor.fm/s/63d654d0/podcast/rss,https://podcasts.apple.com/vn/podcast/thi%E1%BB%81n-21-ng%C3%A0y/id1578135118?uo=4,https://soulcoach.vn/thien-21-ngay/
19.68,152,TẢN MẠN NINH BÌNH,Radio Báo Ninh Bình,vi,https://rss.buzzsprout.com/2221627.rss,https://podcasts.apple.com/us/podcast/t%E1%BA%A3n-m%E1%BA%A1n-ninh-b%C3%ACnh/id1699330366?uo=4,https://baoninhbinh.org.vn
19.64,64,Áudio Excitação [+18],A.E,pt-br,https://anchor.fm/s/2269c590/podcast/rss,https://podcasts.apple.com/us/podcast/%C3%A1udio-excita%C3%A7%C3%A3o-18/id1515805631?uo=4,Instagram.com/audioexcitacao
19.61,17,I See You,Minh Niệm,vi,https://anchor.fm/s/1004f0fdc/podcast/rss,https://podcasts.apple.com/us/podcast/i-see-you/id1868289064?uo=4,https://mientinhthuc.vn/
19.61,104,Amateur Psychology - Tay mơ học đời bằng Tâm lý học,Nguyen Doan Minh Thu,vi,https://anchor.fm/s/31c96068/podcast/rss,https://podcasts.apple.com/us/podcast/amateur-psychology-tay-m%C6%A1-h%E1%BB%8Dc-%C4%91%E1%BB%9Di-b%E1%BA%B1ng-t%C3%A2m-l%C3%BD-h%E1%BB%8Dc/id1528591043?uo=4,https://www.amateurpsychology.com
19.49,40,CHUYỆN THẦM KÍN,VOV Live,vi,https://anchor.fm/s/38243460/podcast/rss,https://podcasts.apple.com/us/podcast/chuy%C3%AA-n-th%C3%A2-m-ki-n/id1533408268?uo=4,https://podcasters.spotify.com/pod/show/vov-live
19.47,17,Confession & Talk Show Cùng Dương FG,Dương FG,en,https://anchor.fm/s/8e9dc2d4/podcast/rss,https://podcasts.apple.com/vn/podcast/confession-talk-show-c%C3%B9ng-d%C6%B0%C6%A1ng-fg/id1620832565?uo=4,https://podcasters.spotify.com/pod/show/nam-khnh-v
19.43,54,bob-up radio | Podcast Tiếng Việt,Bob Tuan Nghia,vi,https://anchor.fm/s/1ea7cf10/podcast/rss,https://podcasts.apple.com/us/podcast/bob-up-radio-podcast-ti%E1%BA%BFng-vi%E1%BB%87t/id1569228293?uo=4,https://podcasters.spotify.com/pod/show/bob-tuan-nghia
19.39,103,Góc nhỏ văn thơ,Phan Luong,vi,https://anchor.fm/s/5e479a74/podcast/rss,https://podcasts.apple.com/us/podcast/g%C3%B3c-nh%E1%BB%8F-v%C4%83n-th%C6%A1/id1571314385?uo=4,Luonghoangphan.com
19.38,52,Born Empath,Han,vi,https://anchor.fm/s/5ad79e48/podcast/rss,https://podcasts.apple.com/vn/podcast/born-empath/id1567421853?uo=4,https://atplink.com/bornempath
19.34,20,INTERVIEW PICK WITH,Mạc Ngọc Anh Minh,vi,https://anchor.fm/s/10cab0eac/podcast/rss,https://podcasts.apple.com/us/podcast/interview-pick-with/id1860815035?uo=4,https://podcasters.spotify.com/pod/show/interview-pick-with-minh
19.34,25,GIẢI THỂ VĂN HOÁ ĐẢNG,Giải Thể Văn Hoá Đảng,vi,https://anchor.fm/s/31996084/podcast/rss,https://podcasts.apple.com/us/podcast/gi%E1%BA%A3i-th%E1%BB%83-v%C4%83n-ho%C3%A1-%C4%91%E1%BA%A3ng/id1528240524?uo=4,https://podcasters.spotify.com/pod/show/giaithevanhoadang
19.34,25,Giải thể văn hoá đảng,9Truth,vi,http://rss.castbox.fm/everest/c13080693fe74ac58671a9a02d6b0712.xml,https://podcasts.apple.com/us/podcast/gi%E1%BA%A3i-th%E1%BB%83-v%C4%83n-ho%C3%A1-%C4%91%E1%BA%A3ng/id1544017601?uo=4,https://castbox.fm/ch/3593155
19.22,86,Đêm Yên Nghe,Tuyền Tuyền,vi,https://anchor.fm/s/363e2bc4/podcast/rss,https://podcasts.apple.com/vn/podcast/%C4%91%C3%AAm-y%C3%AAn-nghe/id1531939041?uo=4,https://podcasters.spotify.com/pod/show/demyennghe
19.07,49,Góc nhỏ của Bảo,MỘT CẬU BÉ LẮM LỜI,vi,https://anchor.fm/s/5df8c1b0/podcast/rss,https://podcasts.apple.com/vn/podcast/g%C3%B3c-nh%E1%BB%8F-c%E1%BB%A7a-b%E1%BA%A3o/id1571082354?uo=4,https://podcasters.spotify.com/pod/show/baogiatalkative
19.0,23,Dear Vietnamese,Tim,vi,https://anchor.fm/s/d32a14c/podcast/rss,https://podcasts.apple.com/vn/podcast/dear-vietnamese/id1477842867?uo=4,https://anchor.fm/dashboard/podcast/edit
18.96,43,Đồng ra đồng vào,Young&Wealthy,vi,https://anchor.fm/s/1035e0a70/podcast/rss,https://podcasts.apple.com/us/podcast/%C4%91%E1%BB%93ng-ra-%C4%91%E1%BB%93ng-v%C3%A0o/id1604494337?uo=4,https://dongradongvao.buzzsprout.com
18.96,19,TESOL TALK - Talkshow dành cho giáo viên Tiếng Anh Việt Nam,TESOL Talk,vi,https://anchor.fm/s/104ac4f18/podcast/rss,https://podcasts.apple.com/us/podcast/tesol-talk-talkshow-d%C3%A0nh-cho-gi%C3%A1o-vi%C3%AAn-ti%E1%BA%BFng-anh-vi%E1%BB%87t-nam/id1813345140?uo=4,https://tse-tesol.edu.vn/tesol-talk-talkshow-danh-cho-giao-vien-tieng-anh-viet-nam/
18.95,39,Chung Cư Tuổi Trẻ,Chung Cư Tuổi Trẻ,vi,https://anchor.fm/s/267912e4/podcast/rss,https://podcasts.apple.com/us/podcast/chung-c%C6%B0-tu%E1%BB%95i-tr%E1%BA%BB/id1522202884?uo=4,chungcutuoitre.com
18.94,51,Đọc Sách cùng Cá,Tổ Cá,vi,https://anchor.fm/s/4efbacb8/podcast/rss,https://podcasts.apple.com/vn/podcast/%C4%91%E1%BB%8Dc-s%C3%A1ch-c%C3%B9ng-c%C3%A1/id1557613623?uo=4,https://podcasters.spotify.com/pod/show/tocacoffee
18.94,79,Kênh Việt Happiness Station,Kenh Viet Happiness Station,vi,https://anchor.fm/s/57ed35d0/podcast/rss,https://podcasts.apple.com/vn/podcast/k%C3%AAnh-vi%E1%BB%87t-happiness-station/id1567374031?uo=4,https://sites.google.com/view/kenh-viet/trang-ch%E1%BB%A7?authuser=0
18.85,66,Noi's Blog Podcast,Noi Nguyen,vi,https://api.substack.com/feed/podcast/1808689.rss,https://podcasts.apple.com/vn/podcast/nois-blog-podcast/id1805401083?uo=4,https://noinguyenvan.substack.com/podcast
18.8,19,Em bé ơi,Tú và Mây,vi,https://anchor.fm/s/fd31da50/podcast/rss,https://podcasts.apple.com/us/podcast/em-b%C3%A9-%C6%A1i/id1777985582?uo=4,https://podcasters.spotify.com/pod/show/my-tr-l
18.76,22,La Bàn,La Bàn,vi,https://anchor.fm/s/e58f182c/podcast/rss,https://podcasts.apple.com/vn/podcast/la-b%C3%A0n/id1696562755?uo=4,https://podcasters.spotify.com/pod/show/labanduhocsaudaihoc
18.62,28,Chưng Cất Tương Lai,ACDT,vi,https://anchor.fm/s/1105a44c8/podcast/rss,https://podcasts.apple.com/vn/podcast/ch%C6%B0ng-c%E1%BA%A5t-t%C6%B0%C6%A1ng-lai/id1886629982?uo=4,https://podcasters.spotify.com/pod/show/acdt-zone
18.61,19,Love And Life,Love &amp; Life,vi,https://anchor.fm/s/66278e70/podcast/rss,https://podcasts.apple.com/us/podcast/love-and-life/id1658574645?uo=4,https://podcasters.spotify.com/pod/show/loveandlife
18.61,24,Cafe Bất Động Sản,VIETSUCCESS,vi,https://anchor.fm/s/6c4387c8/podcast/rss,https://podcasts.apple.com/vn/podcast/cafe-b%E1%BA%A5t-%C4%91%E1%BB%99ng-s%E1%BA%A3n/id1596921671?uo=4,https://podcasters.spotify.com/pod/show/bat-dong-san-cafe
18.56,67,Hello Thu Hà,Hello Thu Hà,vi,https://anchor.fm/s/88a28d60/podcast/rss,https://podcasts.apple.com/us/podcast/hello-thu-h%C3%A0/id1617970091?uo=4,https://podcasters.spotify.com/pod/show/le-thi-thu-ha
18.56,113,Quran Bi Kurdî,@quranbikurdi,tr,https://anchor.fm/s/ff02d3e8/podcast/rss,https://podcasts.apple.com/us/podcast/quran-bi-kurd%C3%AE/id1787288745?uo=4,https://podcasters.spotify.com/pod/show/quranbikurdi
18.51,177,Kinh Doanh | Marketing | Livestream | Hiền Hoài Marketing,Hiền Hoài Marketing,vi,https://anchor.fm/s/68183e64/podcast/rss,https://podcasts.apple.com/vn/podcast/kinh-doanh-marketing-livestream-hi%E1%BB%81n-ho%C3%A0i-marketing/id1583776254?uo=4,https://sites.google.com/view/hienhoaimarketing
18.47,10,VIETSUCCESS TẾT 2026 - TẾT BỀN TẾT KHỞI,Vietsuccess,vi,https://anchor.fm/s/100509938/podcast/rss,https://podcasts.apple.com/vn/podcast/vietsuccess-t%E1%BA%BFt-2026-t%E1%BA%BFt-b%E1%BB%81n-t%E1%BA%BFt-kh%E1%BB%9Fi/id1792382068?uo=4,https://podcasters.spotify.com/pod/show/vietsuccess-podcast-tet
18.43,17,#LifeSoul - Chữa lành Khoa học,reddyonduty,vi,https://anchor.fm/s/e68b0ee8/podcast/rss,https://podcasts.apple.com/us/podcast/lifesoul-ch%E1%BB%AFa-l%C3%A0nh-khoa-h%E1%BB%8Dc/id1700649427?uo=4,https://beacons.ai/weare.inyoursight
18.42,20,CHĂM SÓC SỨC KHOẺ TOÀN DIỆN,CHĂM SÓC SỨC KHOẺ TOÀN DIỆN THEO QUY LUẬT VŨ TRỤ,vi,https://anchor.fm/s/588fced0/podcast/rss,https://podcasts.apple.com/us/podcast/ch%C4%83m-s%C3%B3c-s%E1%BB%A9c-kho%E1%BA%BB-to%C3%A0n-di%E1%BB%87n/id1586863513?uo=4,https://podcasters.spotify.com/pod/show/cssktd
18.4,29,Học Kinh Thánh Từng Chương,Le Vi Ky,vi,https://anchor.fm/s/72100190/podcast/rss,https://podcasts.apple.com/us/podcast/h%E1%BB%8Dc-kinh-th%C3%A1nh-t%E1%BB%ABng-ch%C6%B0%C6%A1ng/id1621839940?uo=4,https://podcasters.spotify.com/pod/show/le-vi-ky
18.38,102,HR Management for Leaders,TalentSite HR Consulting,vi,https://anchor.fm/s/9ab58480/podcast/rss,https://podcasts.apple.com/us/podcast/hr-management-for-leaders/id1627167959?uo=4,https://podcasters.spotify.com/pod/show/talentsite-hr-consulting
18.31,24,Unhappykids,Những đứa trẻ không hạnh phúc,vi,https://anchor.fm/s/86d4c1d8/podcast/rss,https://podcasts.apple.com/vn/podcast/unhappykids/id1614650521?uo=4,https://unhappykids.wordpress.com/
18.27,89,Đông Đông Đây,Dongdongday,vi,https://anchor.fm/s/6d347840/podcast/rss,https://podcasts.apple.com/vn/podcast/%C4%91%C3%B4ng-%C4%91%C3%B4ng-%C4%91%C3%A2y/id1626822325?uo=4,https://podcasters.spotify.com/pod/show/dong-810
18.25,75,Hồ Sơ Vụ Án,Hồ Sơ Vụ Án,vi,https://anchor.fm/s/655beeb4/podcast/rss,https://podcasts.apple.com/us/podcast/h%E1%BB%93-s%C6%A1-v%E1%BB%A5-%C3%A1n/id1578771532?uo=4,https://open.spotify.com/show/2y2kqzbNLdqoPRDpyZKTzG
18.19,24,Luyện nghe tiếng Ý ^^,NGUYỄN DIỆU THẢO,it,https://anchor.fm/s/66adb1e4/podcast/rss,https://podcasts.apple.com/us/podcast/luy%E1%BB%87n-nghe-ti%E1%BA%BFng-%C3%BD/id1580664419?uo=4,https://podcasters.spotify.com/pod/show/ascoltarelitaliano
18.19,178,TRUYỆN PHẬT PHÁP,Trung Thành Đinh,vi,https://anchor.fm/s/a6f25804/podcast/rss,https://podcasts.apple.com/vn/podcast/truy%E1%BB%87n-ph%E1%BA%ADt-ph%C3%A1p/id1634406636?uo=4,https://podcasters.spotify.com/pod/show/truyenphatphap
18.13,13,KINH Hiền Nhân,Thầy Thích Trúc Thái Minh,vi,https://anchor.fm/s/eab7e8b0/podcast/rss,https://podcasts.apple.com/us/podcast/kinh-hi%E1%BB%81n-nh%C3%A2n/id1811919854?uo=4,https://thaythichtructhaiminh.com/
18.13,63,NGUYỄN MINH NGỌC ™ | PODCAST FOR MY SON,Nguyễn Minh Ngọc ™,vi,https://anchor.fm/s/e616cb3c/podcast/rss,https://podcasts.apple.com/us/podcast/nguy%E1%BB%85n-minh-ng%E1%BB%8Dc-podcast-for-my-son/id1700900278?uo=4,https://nguyenminhngoc.vn
18.12,79,Kim Mạnh Quyền,(Kim Mạnh Quyền),vi,https://anchor.fm/s/6991878c/podcast/rss,https://podcasts.apple.com/us/podcast/kim-m%E1%BA%A1nh-quy%E1%BB%81n/id1585718743?uo=4,https://kimmanhquyen.com
18.12,65,Radio Tâm Sự cùng Cô Yến,Phạm Thị Yến,vi,https://anchor.fm/s/e6e025b8/podcast/rss,https://podcasts.apple.com/us/podcast/radio-t%C3%A2m-s%E1%BB%B1-c%C3%B9ng-c%C3%B4-y%E1%BA%BFn/id1705185731?uo=4,https://phamthiyen.com
18.09,124,Soi Sáng,SoiSangSound,vi,https://anchor.fm/s/65e787d0/podcast/rss,https://podcasts.apple.com/us/podcast/soi-s%C3%A1ng/id1579560782?uo=4,https://podcasters.spotify.com/pod/show/thng-phm
17.96,32,Săn việc ở Tây,Lan Dung Vu,vi,https://rss.buzzsprout.com/1240427.rss,https://podcasts.apple.com/vn/podcast/s%C4%83n-vi%E1%BB%87c-%E1%BB%9F-t%C3%A2y/id1525092911?uo=4,https://www.buzzsprout.com/1240427
17.95,87,chuyện Trang kể,Trang Nguyen (Nina),vi,https://anchor.fm/s/43fc78ec/podcast/rss,https://podcasts.apple.com/vn/podcast/chuy%E1%BB%87n-trang-k%E1%BB%83/id1544637143?uo=4,https://talestrangtells.blogspot.com/
17.83,82,Linh Quy Ơi (Sau Giờ Làm),Dành cho những người đang đứng trước quyết định lớn nhưng chưa đủ rõ để chọn.,vi,https://anchor.fm/s/df662490/podcast/rss,https://podcasts.apple.com/vn/podcast/linh-quy-%C6%A1i-sau-gi%E1%BB%9D-l%C3%A0m/id1715224488?uo=4,https://linhquyoi.substack.com/
17.79,25,Review Truyện ST | Review Truyện Tranh,reviewtruyen,vi,https://anchor.fm/s/dcf4289c/podcast/rss,https://podcasts.apple.com/us/podcast/review-truy%E1%BB%87n-st-review-truy%E1%BB%87n-tranh/id1678026155?uo=4,https://podcasters.spotify.com/pod/show/reviewtruyen
17.77,34,Vũ Trụ Trong Đầu,VuTruTrongDau,vi,https://anchor.fm/s/ca2da2b0/podcast/rss,https://podcasts.apple.com/vn/podcast/v%C5%A9-tr%E1%BB%A5-trong-%C4%91%E1%BA%A7u/id1653769278?uo=4,https://podcasters.spotify.com/pod/show/vutrutrongdau
17.77,130,Bảo Trâm's Podcast,Kiều Oanh,vi,https://anchor.fm/s/67d6bcdc/podcast/rss,https://podcasts.apple.com/vn/podcast/b%E1%BA%A3o-tr%C3%A2ms-podcast/id1567398695?uo=4,https://baotramblog.com/
17.76,114,News - Tin Nhanh công nghệ,Tin nhanh công nghệ,vi,https://anchor.fm/s/10afc78fc/podcast/rss,https://podcasts.apple.com/us/podcast/news-tin-nhanh-c%C3%B4ng-ngh%E1%BB%87/id1849817407?uo=4,https://home.taduyduc.vn/
17.7,138,Trạm Đọc,Trạm Đọc,vi,https://anchor.fm/s/5cf0d08c/podcast/rss,https://podcasts.apple.com/us/podcast/tr%E1%BA%A1m-%C4%91%E1%BB%8Dc/id1576287092?uo=4,https://tramdoc.vn
17.7,290,Tiếp cận Thị trường Toàn cầu cho Thiết bị Y tế,Pure Global,vi,https://feeds.captivate.fm/tip-cn-th-trng-ton-cu/,https://podcasts.apple.com/us/podcast/ti%E1%BA%BFp-c%E1%BA%ADn-th%E1%BB%8B-tr%C6%B0%E1%BB%9Dng-to%C3%A0n-c%E1%BA%A7u-cho-thi%E1%BA%BFt-b%E1%BB%8B-y-t%E1%BA%BF/id1836276434?uo=4,https://www.pureglobal.com/
17.67,60,Lalalan,La,vi,https://anchor.fm/s/c9047c60/podcast/rss,https://podcasts.apple.com/vn/podcast/lalalan/id1661572589?uo=4,https://huonglan2016.wordpress.com/
17.62,18,AWR Vietnamese / tiếng Việt / Việt ngữ,Adventist World Radio,vi-us,https://feeds.feedburner.com/VIESD_VOH,https://podcasts.apple.com/vn/podcast/awr-vietnamese-ti%E1%BA%BFng-vi%E1%BB%87t-vi%E1%BB%87t-ng%E1%BB%AF/id378059739?uo=4,https://www.awr.org/program/VIESD_VOH
17.58,100,Danh Tác Văn Học,CRI,en,https://feed.kroraina.com.cn/api/channel/rss/6373445e048d1b405d13d51a.xml,https://podcasts.apple.com/us/podcast/danh-t%C3%A1c-v%C4%83n-ho-c/id1558391664?uo=4,
17.56,16,The Antigravity Show,SHINPHAMM,vi,https://anchor.fm/s/55478718/podcast/rss,https://podcasts.apple.com/us/podcast/the-antigravity-show/id1561458490?uo=4,https://podcasters.spotify.com/pod/show/theantigravityshow
17.54,17,Ngã Thì Thôi,Ngã Thì Thôi,en,https://feeds.acast.com/public/shows/6469ce4a1c5ef40010399f56,https://podcasts.apple.com/vn/podcast/ng%C3%A3-th%C3%AC-th%C3%B4i/id1605464617?uo=4,https://www.ngathithoi.com/
17.52,22,Nghĩ Kỹ Nói Bừa,Đũa Sắt,vi,http://cast.rocks/hosting/21391/feeds/7T0CM.xml,https://podcasts.apple.com/us/podcast/ngh%C4%A9-k%E1%BB%B9-n%C3%B3i-b%E1%BB%ABa/id1502350247?uo=4,https://nghikynoibua.com/
17.51,70,The Lawyers Talk,BLawyers Vietnam,vi,https://anchor.fm/s/e6715a70/podcast/rss,https://podcasts.apple.com/vn/podcast/the-lawyers-talk/id1711171646?uo=4,https://www.blawyersvn.com/
17.47,129,9show,9show,vi,https://anchor.fm/s/5cf843f8/podcast/rss,https://podcasts.apple.com/us/podcast/9show/id1569966557?uo=4,https://9show.vn/
17.34,100,Podcast VietNamNet,VietNamNet,vi,https://vietnamnet.vn/podcast-google.rss,https://podcasts.apple.com/us/podcast/podcast-vietnamnet/id1695535499?uo=4,https://vietnamnet.vn/podcast
17.3,34,Chi de Papillon,Chi Hoang,vi,https://rss.buzzsprout.com/1728511.rss,https://podcasts.apple.com/us/podcast/chi-de-papillon/id1587568924?uo=4,https://chidepapillon.buzzsprout.com
17.29,71,Bimthu.tv,Thư Lê,vi,https://anchor.fm/s/16f20f60/podcast/rss,https://podcasts.apple.com/vn/podcast/bimthu-tv/id1504199612?uo=4,Bimthu.tv
17.28,36,SGP2020,SGP2020,vi,https://raw.githubusercontent.com/SGP-2020/.github/main/podcast_tom_tat_full.rss,https://podcasts.apple.com/us/podcast/sgp2020/id1563988833?uo=4,https://sgp2020.club
17.26,63,Có j dui?,KMie.,vi,https://anchor.fm/s/be787878/podcast/rss,https://podcasts.apple.com/us/podcast/c%C3%B3-j-dui/id1717058767?uo=4,https://podcasters.spotify.com/pod/show/podcastcojdui
17.19,18,Tiếng Nói Của Lẽ Thật,Lẽ Thật,vi,https://anchor.fm/s/14b9cdf0/podcast/rss,https://podcasts.apple.com/us/podcast/ti%E1%BA%BFng-n%C3%B3i-c%E1%BB%A7a-l%E1%BA%BD-th%E1%BA%ADt/id1501064255?uo=4,https://lethat.vn
17.17,192,Chế độ dinh dưỡng &amp; cách chăm sóc môi sau khi phun,Thẩm Mỹ Linh Anh,vi,https://anchor.fm/s/11389b458/podcast/rss,https://podcasts.apple.com/vn/podcast/ch%E1%BA%BF-%C4%91%E1%BB%99-dinh-d%C6%B0%E1%BB%A1ng-c%C3%A1ch-ch%C4%83m-s%C3%B3c-m%C3%B4i-sau-khi-phun/id6792966824?uo=4,https://thammylinhanh.vn/
17.15,66,ConCuaTui - Học làm cha mẹ chủ động,ConCuaTui,vi,https://anchor.fm/s/e4ef9b44/podcast/rss,https://podcasts.apple.com/us/podcast/concuatui-h%E1%BB%8Dc-l%C3%A0m-cha-m%E1%BA%B9-ch%E1%BB%A7-%C4%91%E1%BB%99ng/id1695523832?uo=4,https://concuatui.com
17.04,48,Sách nói mỗi ngày,Nu Pham,vi,https://anchor.fm/s/5ea3402c/podcast/rss,https://podcasts.apple.com/us/podcast/s%C3%A1ch-n%C3%B3i-m%E1%BB%97i-ng%C3%A0y/id1573541336?uo=4,https://podcasters.spotify.com/pod/show/nu-pham
16.95,59,Thương hiệu và truyền thông,Quyền Vũ,vi,https://anchor.fm/s/69e1ea74/podcast/rss,https://podcasts.apple.com/vn/podcast/th%C6%B0%C6%A1ng-hi%E1%BB%87u-v%C3%A0-truy%E1%BB%81n-th%C3%B4ng/id1754074848?uo=4,https://vudigital.co/
16.9,15,Nghe Kể Truyện - Story Time,Đọc Truyện,vi,https://feeds.redcircle.com/86158c12-bc73-4820-9cd5-f277a01270a1,https://podcasts.apple.com/us/podcast/nghe-k%E1%BB%83-truy%E1%BB%87n-story-time/id1574636632?uo=4,https://redcircle.com/shows/k-truyn-em-khuya
16.9,32,Vincent Radio,Vincent Radio,vi,https://anchor.fm/s/d899667c/podcast/rss,https://podcasts.apple.com/vn/podcast/vincent-radio/id1662305012?uo=4,https://podcasters.spotify.com/pod/show/vincentradio06
16.9,24,Listening and Running,Tuấn Nguyễn Thọ,vi,https://anchor.fm/s/103245adc/podcast/rss,https://podcasts.apple.com/vn/podcast/listening-and-running/id1805717650?uo=4,https://podcasters.spotify.com/pod/show/tun-nguyn-th
16.88,42,Hồ Biểu Chánh - Tiểu Thuyết Và Truyện Ngắn,Kẻ Trộm Hương,vi,https://anchor.fm/s/e9380e48/podcast/rss,https://podcasts.apple.com/us/podcast/h%E1%BB%93-bi%E1%BB%83u-ch%C3%A1nh-ti%E1%BB%83u-thuy%E1%BA%BFt-v%C3%A0-truy%E1%BB%87n-ng%E1%BA%AFn/id1754157353?uo=4,https://podcasters.spotify.com/pod/show/k-trm-hng
16.85,22,The IUF Show,Harley & Hạ Uyên,vi,https://anchor.fm/s/25f06ffc/podcast/rss,https://podcasts.apple.com/us/podcast/the-iuf-show/id1529817150?uo=4,https://podcasters.spotify.com/pod/show/theiufshow
16.83,59,TẠNG LUẬT NIKAYA,MINH ĐĂNG PODCAST,vi,https://anchor.fm/s/103f59c64/podcast/rss,https://podcasts.apple.com/us/podcast/t%E1%BA%A1ng-lu%E1%BA%ADt-nikaya/id1809878953?uo=4,https://podcasters.spotify.com/pod/show/d-d-b
16.83,28,Ngọn Đèn Soi Đường,Ngọn Đèn Soi Đường,vi,https://anchor.fm/s/10d4b37d8/podcast/rss,https://podcasts.apple.com/vn/podcast/ng%E1%BB%8Dn-%C4%91%C3%A8n-soi-%C4%91%C6%B0%E1%BB%9Dng/id1866293831?uo=4,https://podcasters.spotify.com/pod/show/nhn-su-hiu-thu60
16.82,82,Sống đơn giản,2livesimple Official,vi,https://anchor.fm/s/10551b48/podcast/rss,https://podcasts.apple.com/us/podcast/s%E1%BB%91ng-%C4%91%C6%A1n-gi%E1%BA%A3n/id1488380350?uo=4,http://2livesimple.com/
16.7,33,Notes by Mira,Mira Pham,vi,https://anchor.fm/s/103af79b4/podcast/rss,https://podcasts.apple.com/us/podcast/notes-by-mira/id1809046956?uo=4,https://podcasters.spotify.com/pod/show/phm-minh-vn
16.65,30,Cùng Đi Đức,Cùng đi Đức,vi,https://anchor.fm/s/fa65770/podcast/rss,https://podcasts.apple.com/vn/podcast/c%C3%B9ng-%C4%91i-%C4%91%E1%BB%A9c/id1484816827?uo=4,https://podcasters.spotify.com/pod/show/cungdiduc
16.64,353,In Việt Nhật - Công Ty TNHH Giải Pháp In Ấn Việt Nhật,In Việt Nhật,vi,https://anchor.fm/s/10287433c/podcast/rss,https://podcasts.apple.com/us/podcast/in-vi%E1%BB%87t-nh%E1%BA%ADt-c%C3%B4ng-ty-tnhh-gi%E1%BA%A3i-ph%C3%A1p-in-%E1%BA%A5n-vi%E1%BB%87t-nh%E1%BA%ADt/id1849558092?uo=4,https://invietnhat.vn/
16.6,65,Dế Mèn Du Ký,Đào Minh Tiến,vi,https://anchor.fm/s/e4de2300/podcast/rss,https://podcasts.apple.com/us/podcast/d%E1%BA%BF-m%C3%A8n-du-k%C3%BD/id1605540994?uo=4,https://podcasters.spotify.com/pod/show/demenduky
16.59,15,JoyFM - Sức khỏe,JoyFM,vi,https://anchor.fm/s/5ed40a04/podcast/rss,https://podcasts.apple.com/vn/podcast/joyfm-s%E1%BB%A9c-kh%E1%BB%8Fe/id1571662867?uo=4,https://joyfm.vn/
16.52,27,Radio95z's Podcast,Radio95z,vi-vi,https://anchor.fm/s/7e4a107c/podcast/rss,https://podcasts.apple.com/vn/podcast/radio95zs-podcast/id1516702199?uo=4,https://www.buzzsprout.com/1136675
16.5,34,"Hải Dương Radio-Văn hóa, giải trí",Đài PT-TH Hải Dương,vi,https://anchor.fm/s/da0d8ec0/podcast/rss,https://podcasts.apple.com/us/podcast/h%E1%BA%A3i-d%C6%B0%C6%A1ng-radio-v%C4%83n-h%C3%B3a-gi%E1%BA%A3i-tr%C3%AD/id1671693015?uo=4,http://www.haiduongtv.com.vn/
16.5,29,PHÁP ÂM NGUYÊN THUỶ,Phật Pháp Audio,vi,https://anchor.fm/s/bad179e0/podcast/rss,https://podcasts.apple.com/us/podcast/ph%C3%A1p-%C3%A2m-nguy%C3%AAn-thu%E1%BB%B7/id1702737483?uo=4,https://podcasters.spotify.com/pod/show/phapamnguyenthuy
16.5,100,HỘP THƯ NGỌC ÁNH,CRI,vi,https://feed.kroraina.com.cn/api/channel/rss/637343dc048d1b405d13d4b4.xml,https://podcasts.apple.com/us/podcast/h%C3%B4-p-th%C6%B0-ngo-c-a-nh/id842342668?uo=4,
16.48,41,DataZen Labs,Dobby,vi,https://anchor.fm/s/ec55863c/podcast/rss,https://podcasts.apple.com/us/podcast/datazen-labs/id1714947100?uo=4,https://podcasters.spotify.com/pod/show/datazenlabs
16.48,28,Giáo lý Hôn nhân Công giáo,Hoan,vi,https://anchor.fm/s/67f69408/podcast/rss,https://podcasts.apple.com/us/podcast/gi%C3%A1o-l%C3%BD-h%C3%B4n-nh%C3%A2n-c%C3%B4ng-gi%C3%A1o/id1581383834?uo=4,https://podcasters.spotify.com/pod/show/hoan7
16.46,42,Làm Podcast với The Blue Expat,Link Po Nguyen,vi,https://www.spreaker.com/show/4888629/episodes/feed,https://podcasts.apple.com/vn/podcast/l%C3%A0m-podcast-v%E1%BB%9Bi-the-blue-expat/id1565108308?uo=4,https://theblueexpat.com/lampodcast/
16.39,65,Thế giới vận hành như thế nào,Mos Talk,vi,https://feeds.soundon.fm/podcasts/deb189c2-47ea-4181-aece-018183eccf2e.xml,https://podcasts.apple.com/vn/podcast/th%E1%BA%BF-gi%E1%BB%9Bi-v%E1%BA%ADn-h%C3%A0nh-nh%C6%B0-th%E1%BA%BF-n%C3%A0o/id1839764734?uo=4,https://player.soundon.fm/p/deb189c2-47ea-4181-aece-018183eccf2e
16.34,59,Chọn nghề gì?,SBS,vi,https://feeds.sbs.com.au/choose-your-career,https://podcasts.apple.com/vn/podcast/ch%E1%BB%8Dn-ngh%E1%BB%81-g%C3%AC/id1877833537?uo=4,https://www.sbs.com.au/language/vietnamese/vi/podcast/chon-nghe-gi
16.24,7,ĐỨC NHẪN,Trang,vi,https://anchor.fm/s/64039aa8/podcast/rss,https://podcasts.apple.com/us/podcast/%C4%91%E1%BB%A9c-nh%E1%BA%ABn/id1595567837?uo=4,https://podcasters.spotify.com/pod/show/trang07
16.18,97,VIF,Vietnam Investment Forum,vi,https://anchor.fm/s/f739d47c/podcast/rss,https://podcasts.apple.com/vn/podcast/vif/id1750444878?uo=4,https://www.youtube.com/@kttc.onecom
16.12,18,Vietnam Marketing,Vietsuccess,vi,https://anchor.fm/s/e828c128/podcast/rss,https://podcasts.apple.com/us/podcast/vietnam-marketing/id1707139880?uo=4,https://podcasters.spotify.com/pod/show/people-matter4
15.98,20,Cuộc sống quanh ta #podcastViet,Cuộc Sống Quanh Ta,vi,https://anchor.fm/s/ec78a860/podcast/rss,https://podcasts.apple.com/us/podcast/cu%E1%BB%99c-s%E1%BB%91ng-quanh-ta-podcastviet/id1715193979?uo=4,https://podcasters.spotify.com/pod/show/cuc-sng-quanh-ta
15.91,30,Đêm Radio,Tiber Nguyen,vi,https://anchor.fm/s/64551dd8/podcast/rss,https://podcasts.apple.com/vn/podcast/%C4%91%C3%AAm-radio/id1577117078?uo=4,https://facebook.com/nghenoiradio/
15.91,99,Midori Cafe,Minh Đoàn,ja,https://anchor.fm/s/36478b60/podcast/rss,https://podcasts.apple.com/vn/podcast/midori-cafe/id1531896677?uo=4,annhanhumay.wordpress.com
15.84,39,TRẦN GIA THÁI - TÁC GIẢ TÁC PHẨM,"Thơ, Truyện ngắn, tiểu thuyết",vi,https://anchor.fm/s/db7f9b90/podcast/rss,https://podcasts.apple.com/vn/podcast/tr%E1%BA%A7n-gia-th%C3%A1i-t%C3%A1c-gi%E1%BA%A3-t%C3%A1c-ph%E1%BA%A9m/id1674495470?uo=4,https://podcasters.spotify.com/pod/show/tran-gia-thai
15.78,195,Bóng đá 7m - 7msport - 7m livescore - Cập nhật tỷ số 7m 24/7,Bóng Đá 7M,vi,https://anchor.fm/s/6a3811ec/podcast/rss,https://podcasts.apple.com/us/podcast/b%C3%B3ng-%C4%91%C3%A1-7m-7msport-7m-livescore-c%E1%BA%ADp-nh%E1%BA%ADt-t%E1%BB%B7-s%E1%BB%91-7m-24-7/id1585563914?uo=4,https://xosofast.net/
15.77,20,Cởi Mở Happy Hour,Vietcetera,vi,https://anchor.fm/s/103666a94/podcast/rss,https://podcasts.apple.com/us/podcast/c%E1%BB%9Fi-m%E1%BB%9F-happy-hour/id1617029710?uo=4,https://www.buzzsprout.com/1965885
15.68,29,Mới đẻ hôm qua,Trần Nhật Nghi,vi,https://anchor.fm/s/547c37d4/podcast/rss,https://podcasts.apple.com/vn/podcast/m%E1%BB%9Bi-%C4%91%E1%BA%BB-h%C3%B4m-qua/id1564960139?uo=4,https://podcasters.spotify.com/pod/show/nhatngi77
15.64,52,Sức khỏe là vàng,SBS,vi,https://feeds.sbs.com.au/suc-khoe-la-vang,https://podcasts.apple.com/vn/podcast/s%E1%BB%A9c-kh%E1%BB%8Fe-l%C3%A0-v%C3%A0ng/id1819650479?uo=4,https://www.sbs.com.au/language/vietnamese/vi/podcast/suc-khoe-la-vang
15.62,9,Tuyển tập Podcast của ChiVT,Tran Chi,vi,https://anchor.fm/s/57528e68/podcast/rss,https://podcasts.apple.com/vn/podcast/tuy%E1%BB%83n-t%E1%BA%ADp-podcast-c%E1%BB%A7a-chivt/id1568917205?uo=4,https://vutranchi.com
15.54,19,SỐNG MỘT ĐỜI RỰC RỠ,MC Hoàng Oanh,vi,https://anchor.fm/s/ebe6c968/podcast/rss,https://podcasts.apple.com/vn/podcast/s%E1%BB%91ng-m%E1%BB%99t-%C4%91%E1%BB%9Di-r%E1%BB%B1c-r%E1%BB%A1/id1756478991?uo=4,https://podcasters.spotify.com/pod/show/mchoangoanh
15.48,83,Di Trú Radio,Di Trú Radio,vi,https://anchor.fm/s/49136304/podcast/rss,https://podcasts.apple.com/vn/podcast/di-tr%C3%BA-radio/id1550873206?uo=4,https://www.taquanghuy.com
15.47,83,Kiến Thức Quân Sự,Nguyễn Việt Cường,vi,https://anchor.fm/s/73a79cd4/podcast/rss,https://podcasts.apple.com/us/podcast/ki%E1%BA%BFn-th%E1%BB%A9c-qu%C3%A2n-s%E1%BB%B1/id1594847373?uo=4,https://podcasters.spotify.com/pod/show/viet-cuong-nguyen
15.37,39,hannah's notes,bui thi my hanh,vi,https://anchor.fm/s/5e635ea8/podcast/rss,https://podcasts.apple.com/vn/podcast/hannahs-notes/id1572423119?uo=4,https://www.facebook.com/hannah.notes.podcast
15.34,12,One __ at a Time (Vietnamese),Nguyên.,en,https://feed.podbean.com/ngoixuonguongtra/feed.xml,https://podcasts.apple.com/vn/podcast/one-at-a-time-vietnamese/id1842501759?uo=4,https://ngoixuonguongtra.podbean.com
15.31,87,Đón nhận cuộc sống,Đón nhận cuộc sống,vi,https://anchor.fm/s/ff5a0ec4/podcast/rss,https://podcasts.apple.com/vn/podcast/%C4%91%C3%B3n-nh%E1%BA%ADn-cu%E1%BB%99c-s%E1%BB%91ng/id1788712569?uo=4,https://podcasters.spotify.com/pod/show/dncspodcast
15.29,41,Nấm Nành,Nấm Nành,vi,https://anchor.fm/s/6171030c/podcast/rss,https://podcasts.apple.com/us/podcast/n%E1%BA%A5m-n%C3%A0nh/id1574127647?uo=4,https://podcasters.spotify.com/pod/show/nam-nanh
15.28,41,Andrew Bay Bổng 💸💸💸,A Flying Andrew,vi,https://anchor.fm/s/3d3063fc/podcast/rss,https://podcasts.apple.com/vn/podcast/andrew-bay-b%E1%BB%95ng/id1537531070?uo=4,https://aflyingandrew.com
15.27,15,YOUNG MARKETERS PODCAST,Marketing Fundamentals. Vietnam Stories. Young Marketers.,vi,https://anchor.fm/s/86f885b4/podcast/rss,https://podcasts.apple.com/vn/podcast/young-marketers-podcast/id1613141587?uo=4,https://podcasters.spotify.com/pod/show/young-marketers-podcast
15.2,56,Tạp chí Thể thao,SBS,vi,https://feeds.sbs.com.au/tap-chi-the-thao,https://podcasts.apple.com/us/podcast/t%E1%BA%A1p-ch%C3%AD-th%E1%BB%83-thao/id1831428616?uo=4,https://www.sbs.com.au/language/vietnamese/vi/podcast/tap-chi-the-thao
15.04,23,"ALOHA - Phụ Nữ Hiện Đại, Không Xúi Dại",Aloha,vi,https://anchor.fm/s/8a97b190/podcast/rss,https://podcasts.apple.com/us/podcast/aloha-ph%E1%BB%A5-n%E1%BB%AF-hi%E1%BB%87n-%C4%91%E1%BA%A1i-kh%C3%B4ng-x%C3%BAi-d%E1%BA%A1i/id1633016029?uo=4,https://podcasters.spotify.com/pod/show/aloha-tamsu
15.01,33,Dòng Chảy Trung Hoa,Dòng Chảy Trung Hoa,vi,https://anchor.fm/s/114f97d78/podcast/rss,https://podcasts.apple.com/us/podcast/d%C3%B2ng-ch%E1%BA%A3y-trung-hoa/id6791439167?uo=4,https://www.youtube.com/@DongChayTrungHoa
14.89,39,More Perspectives,Duy Thanh Nguyen,vi,https://anchor.fm/s/45501140/podcast/rss,https://podcasts.apple.com/us/podcast/more-perspectives/id1586594659?uo=4,https://www.youtube.com/duythanhish
14.89,33,30 ngày chuyển động cùng bất động sản,Batdongsan.com.vn,vi,https://anchor.fm/s/6665c7bc/podcast/rss,https://podcasts.apple.com/us/podcast/30-ng%C3%A0y-chuy%E1%BB%83n-%C4%91%E1%BB%99ng-c%C3%B9ng-b%E1%BA%A5t-%C4%91%E1%BB%99ng-s%E1%BA%A3n/id1580934377?uo=4,https://podcasters.spotify.com/pod/show/batdongsancomvn
14.88,38,Coffee &amp; Tea with Minh,Hue Minh,vi,https://anchor.fm/s/536ed554/podcast/rss,https://podcasts.apple.com/vn/podcast/coffee-tea-with-minh/id1562952032?uo=4,https://www.monsoleil.ca
14.86,11,KINH Bát Đại Nhân Giác,Thích Trúc Thái Minh,vi,https://anchor.fm/s/e907f050/podcast/rss,https://podcasts.apple.com/vn/podcast/kinh-b%C3%A1t-%C4%91%E1%BA%A1i-nh%C3%A2n-gi%C3%A1c/id1709077927?uo=4,https://thichtructhaiminh.com
14.85,30,Giết Con Chim Nhại,Midnight Stories,vi,https://anchor.fm/s/40059e94/podcast/rss,https://podcasts.apple.com/us/podcast/gi%E1%BA%BFt-con-chim-nh%E1%BA%A1i/id1540598132?uo=4,https://podcasters.spotify.com/pod/show/hoang-manh
14.85,15,Bốn Chấm Không,Truc Giang & Thuy Ngan,vi-vi,https://anchor.fm/s/7d333308/podcast/rss,https://podcasts.apple.com/vn/podcast/b%E1%BB%91n-ch%E1%BA%A5m-kh%C3%B4ng/id1520153571?uo=4,https://bon-cham-khong.simplecast.com
14.83,94,Thiên Nhiên,ThienNhien,vi,https://anchor.fm/s/4a20a770/podcast/rss,https://podcasts.apple.com/us/podcast/thi%C3%AAn-nhi%C3%AAn/id1590901342?uo=4,https://www.thiennhien.net
14.75,64,ĐÀN ÔNG SIGMA,Danido,vi,https://anchor.fm/s/f8ec5b8c/podcast/rss,https://podcasts.apple.com/us/podcast/%C4%91%C3%A0n-%C3%B4ng-sigma/id1765866443?uo=4,https://www.youtube.com/@DanOngSigma
14.69,52,5AM Generations,5AM Generations,vi,https://anchor.fm/s/f19e0100/podcast/rss,https://podcasts.apple.com/vn/podcast/5am-generations/id1729357511?uo=4,https://podcasters.spotify.com/pod/show/5amgenerations
14.66,357,Hôm nay ngày gì?,A Week TV,vi,https://anchor.fm/s/55a96dfc/podcast/rss,https://podcasts.apple.com/us/podcast/h%C3%B4m-nay-ng%C3%A0y-g%C3%AC/id1572179635?uo=4,https://podcasters.spotify.com/pod/show/aweek-tv
14.66,43,Tuấn Anh kể chuyện,Tuấn Anh kể chuyện,vi,https://anchor.fm/s/617bacbc/podcast/rss,https://podcasts.apple.com/vn/podcast/tu%E1%BA%A5n-anh-k%E1%BB%83-chuy%E1%BB%87n/id1574157066?uo=4,https://anchor.fm/tuananhkechuyen
14.66,23,the insight,Linh Nguyen,vi,https://anchor.fm/s/4a2defd4/podcast/rss,https://podcasts.apple.com/vn/podcast/the-insight/id1554731837?uo=4,https://linhnguyeninsights.website2.me
14.6,18,Blue Ventures Series - Khởi Nghiệp Thành Công,VIETSUCCESS,vi,https://anchor.fm/s/bfb5d30c/podcast/rss,https://podcasts.apple.com/us/podcast/blue-ventures-series-kh%E1%BB%9Fi-nghi%E1%BB%87p-th%C3%A0nh-c%C3%B4ng/id1649875999?uo=4,https://podcasters.spotify.com/pod/show/blueventureseries
14.56,58,Breath - Thiền định cho cuộc sống hiện đại,Tiến sĩ Lê Thu Trang,vi,https://anchor.fm/s/59ed6814/podcast/rss,https://podcasts.apple.com/us/podcast/breath-thi%E1%BB%81n-%C4%91%E1%BB%8Bnh-cho-cu%E1%BB%99c-s%E1%BB%91ng-hi%E1%BB%87n-%C4%91%E1%BA%A1i/id1566698223?uo=4,https://breath.vn
14.54,31,Demento - A New Beginning,Le Xuan Khoa,vi,https://anchor.fm/s/67900df0/podcast/rss,https://podcasts.apple.com/vn/podcast/demento-a-new-beginning/id1585657471?uo=4,http://demento.vn/
14.49,162,OMBook Audio - Đọc sách giùm bạn,Mật ngọt,vi,https://anchor.fm/s/1054c9b08/podcast/rss,https://podcasts.apple.com/us/podcast/ombook-audio-%C4%91%E1%BB%8Dc-s%C3%A1ch-gi%C3%B9m-b%E1%BA%A1n/id1816409609?uo=4,https://thienrajayoga.com/ombook/
14.48,50,Gặp gỡ người Việt ở Úc,SBS,vi,https://feeds.sbs.com.au/gap-go-nguoi-viet-o-uc,https://podcasts.apple.com/us/podcast/g%E1%BA%B7p-g%E1%BB%A1-ng%C6%B0%E1%BB%9Di-vi%E1%BB%87t-%E1%BB%9F-%C3%BAc/id1831187810?uo=4,https://www.sbs.com.au/language/vietnamese/vi/podcast/gap-go-nguoi-viet-o-uc
14.48,23,Thử.Thật.Thách,28Unique,vi,https://anchor.fm/s/f0960230/podcast/rss,https://podcasts.apple.com/vn/podcast/th%E1%BB%AD-th%E1%BA%ADt-th%C3%A1ch/id1726735289?uo=4,https://podcasters.spotify.com/pod/show/thuthatthachpodcast
14.45,41,Thiền dẫn với Coach Lương Ngọc Tiên,Coach Luong Ngoc Tien,vi,https://anchor.fm/s/4b71dd38/podcast/rss,https://podcasts.apple.com/us/podcast/thi%E1%BB%81n-d%E1%BA%ABn-v%E1%BB%9Bi-coach-l%C6%B0%C6%A1ng-ng%E1%BB%8Dc-ti%C3%AAn/id1552813397?uo=4,https://www.luongngoctien.com
14.38,54,Học Từ BẢO HIỂM,Doan Ngoc Anh,vi,https://anchor.fm/s/fc93fca4/podcast/rss,https://podcasts.apple.com/us/podcast/h%E1%BB%8Dc-t%E1%BB%AB-b%E1%BA%A3o-hi%E1%BB%83m/id1778194456?uo=4,https://podcasters.spotify.com/pod/show/hoc-tu-baohiem
14.37,15,EMOTIONAL AF,Zoey Nguyen - Minh Trang,vi,https://media.rss.com/sitbackmt-zoey/feed.xml,https://podcasts.apple.com/us/podcast/emotional-af/id1643882483?uo=4,https://rss.com/podcasts/sitbackmt-zoey
14.35,19,Tây Du Ký Podcast,Tay Du Ky Podcast,vi,https://anchor.fm/s/376d87ec/podcast/rss,https://podcasts.apple.com/vn/podcast/t%C3%A2y-du-k%C3%BD-podcast/id1532795588?uo=4,https://podcasters.spotify.com/pod/show/tay-du-ky-podcast
14.29,63,Gen Z Tập Lớn,hoangphuonglinh,vi,https://anchor.fm/s/64e3aad0/podcast/rss,https://podcasts.apple.com/us/podcast/gen-z-t%E1%BA%ADp-l%E1%BB%9Bn/id1577980821?uo=4,https://podcasters.spotify.com/pod/show/genztaplon
14.29,261,Cập nhật Y khoa mới nhất,Ykhoa,vi,https://anchor.fm/s/dc3d1634/podcast/rss,https://podcasts.apple.com/us/podcast/c%E1%BA%ADp-nh%E1%BA%ADt-y-khoa-m%E1%BB%9Bi-nh%E1%BA%A5t/id1680403934?uo=4,https://podcasters.spotify.com/pod/show/ykhoa
14.25,32,Podcast Tiệm của Cáo,Tiệm của Cáo,vi,https://anchor.fm/s/60e051a4/podcast/rss,https://podcasts.apple.com/us/podcast/podcast-ti%E1%BB%87m-c%E1%BB%A7a-c%C3%A1o/id1558354081?uo=4,https://podcasters.spotify.com/pod/show/tim-ca-co
14.17,56,A little garden,Trần Thị Xuân Đào,en,https://anchor.fm/s/6b557eac/podcast/rss,https://podcasts.apple.com/vn/podcast/a-little-garden/id1586641907?uo=4,https://podcasters.spotify.com/pod/show/alittlegarden
14.16,26,Góc Nhìn-Quan Điểm,Góc Nhìn - Quan Điểm,vi,https://anchor.fm/s/f0cfa47c/podcast/rss,https://podcasts.apple.com/vn/podcast/g%C3%B3c-nh%C3%ACn-quan-%C4%91i%E1%BB%83m/id1726104240?uo=4,https://podcasters.spotify.com/pod/show/gnqd
14.16,66,Minh Tuệ Podcast,Minh Tuệ,vi,https://anchor.fm/s/73793c90/podcast/rss,https://podcasts.apple.com/vn/podcast/minh-tu%E1%BB%87-podcast/id1605345301?uo=4,https://podcasters.spotify.com/pod/show/minh-tu7
14.09,29,TIẾNG THƠ,ĐÀI TIẾNG NÓI VIỆT NAM,vi,https://anchor.fm/s/6a6387b4/podcast/rss,https://podcasts.apple.com/vn/podcast/ti%E1%BA%BFng-th%C6%A1/id1587934249?uo=4,https://podcasters.spotify.com/pod/show/vov6
14.07,95,Cô Linh Dinh Dưỡng,Cô Linh Dinh Dưỡng,vi,https://anchor.fm/s/110ad0014/podcast/rss,https://podcasts.apple.com/us/podcast/c%C3%B4-linh-dinh-d%C6%B0%E1%BB%A1ng/id1888117761?uo=4,https://podcasters.spotify.com/pod/show/ditconme
14.07,38,Dần lớn,Oanh Duong Sam,vi,https://anchor.fm/s/869caf28/podcast/rss,https://podcasts.apple.com/us/podcast/d%E1%BA%A7n-l%E1%BB%9Bn/id1614081830?uo=4,https://oanhduongsam.com
14.06,102,Mê Đầu Tư - MEINVEST,Tô Triều,vi,https://anchor.fm/s/121b4998/podcast/rss,https://podcasts.apple.com/vn/podcast/m%C3%AA-%C4%91%E1%BA%A7u-t%C6%B0-meinvest/id1493350953?uo=4,https://www.tohaitrieu.net
14.05,31,Kháng Thương,Vietcetera,vi,https://anchor.fm/s/103344190/podcast/rss,https://podcasts.apple.com/us/podcast/kh%C3%A1ng-th%C6%B0%C6%A1ng/id1734766380?uo=4,https://www.buzzsprout.com/2326554
14.03,18,Mật Mã Da Vinci - Dan Brown,Kẻ Nghiện Sách,vi,https://anchor.fm/s/393f7418/podcast/rss,https://podcasts.apple.com/us/podcast/m%E1%BA%ADt-m%C3%A3-da-vinci-dan-brown/id1534099388?uo=4,https://podcasters.spotify.com/pod/show/k-nghin-sch
13.97,15,Trăm Năm Sân Khấu,Vietcetera,vi,https://anchor.fm/s/103663a24/podcast/rss,https://podcasts.apple.com/vn/podcast/tr%C4%83m-n%C4%83m-s%C3%A2n-kh%E1%BA%A5u/id1676727964?uo=4,https://www.buzzsprout.com/2150034
13.93,50,Thư gửi tiền kiếp,Lê Hoài Phương,vi,https://anchor.fm/s/10ba98434/podcast/rss,https://podcasts.apple.com/us/podcast/th%C6%B0-g%E1%BB%ADi-ti%E1%BB%81n-ki%E1%BA%BFp/id1853164293?uo=4,https://hyperfollow.com/lehoaiphuong
13.89,25,Một Cây Tùng,Duy Tung Vu,vi,https://anchor.fm/s/e961b658/podcast/rss,https://podcasts.apple.com/vn/podcast/m%E1%BB%99t-c%C3%A2y-t%C3%B9ng/id1722130266?uo=4,https://podcasters.spotify.com/pod/show/motcaytung
13.85,31,Nghe lời Phật dạy,Truong Dang,vi,https://anchor.fm/s/dbef25dc/podcast/rss,https://podcasts.apple.com/us/podcast/nghe-l%E1%BB%9Di-ph%E1%BA%ADt-d%E1%BA%A1y/id1676184428?uo=4,https://podcasters.spotify.com/pod/show/tattruong369
13.83,21,Nghe Tóm Tắt Sách Victor,Victor,vi,https://anchor.fm/s/60d6f780/podcast/rss,https://podcasts.apple.com/vn/podcast/nghe-t%C3%B3m-t%E1%BA%AFt-s%C3%A1ch-victor/id1573584982?uo=4,https://podcasters.spotify.com/pod/show/victor8867
13.81,181,PODCAST L&D MWG,Podcast L&D MWG,vi,https://anchor.fm/s/64a720c4/podcast/rss,https://podcasts.apple.com/us/podcast/podcast-l-d-mwg/id1581227766?uo=4,https://podcasters.spotify.com/pod/show/mwgpodcast
13.81,26,Monet's Talk,Linh,vi,https://anchor.fm/s/5426f224/podcast/rss,https://podcasts.apple.com/us/podcast/monets-talk/id1560732075?uo=4,https://podcasters.spotify.com/pod/show/deeptalkwithmonet
13.79,114,Miền ký ức 197X,Cong Han Pham,vi,https://anchor.fm/s/fab89070/podcast/rss,https://podcasts.apple.com/us/podcast/mi%E1%BB%81n-k%C3%BD-%E1%BB%A9c-197x/id1766674174?uo=4,https://podcasters.spotify.com/pod/show/mienkyuc197x
13.76,21,Cạn Ly,91 line,vi,https://anchor.fm/s/6481103c/podcast/rss,https://podcasts.apple.com/vn/podcast/c%E1%BA%A1n-ly/id1577077647?uo=4,https://podcasters.spotify.com/pod/show/can-ly
13.73,76,Gap Year tuổi 30,Hoà Trần,vi,https://anchor.fm/s/641f50cc/podcast/rss,https://podcasts.apple.com/us/podcast/gap-year-tu%E1%BB%95i-30/id1650136825?uo=4,https://youtube.com/hoagapyear
13.73,154,Dominic Duy Khang,Dominic Duy Khang,vi,https://anchor.fm/s/dfca90c4/podcast/rss,https://podcasts.apple.com/vn/podcast/dominic-duy-khang/id1684091328?uo=4,https://podcasters.spotify.com/pod/show/dominicduykhang
13.64,112,Vì Sao Thế - Kiến Thức Thú Vị,Vì Sao Thế,vi,https://anchor.fm/s/5ea0e700/podcast/rss,https://podcasts.apple.com/us/podcast/v%C3%AC-sao-th%E1%BA%BF-ki%E1%BA%BFn-th%E1%BB%A9c-th%C3%BA-v%E1%BB%8B/id1571468085?uo=4,https://podcasters.spotify.com/pod/show/studio-vtech
13.59,49,Listen and Share,Johnnie-C,vi,https://anchor.fm/s/10f8723f4/podcast/rss,https://podcasts.apple.com/us/podcast/listen-and-share/id1880949506?uo=4,https://podcasters.spotify.com/pod/show/chin-inh
13.59,56,Unwritten Me,Unwritten Me,vi,https://anchor.fm/s/25d0eccc/podcast/rss,https://podcasts.apple.com/us/podcast/unwritten-me/id1519919611?uo=4,https://podcasters.spotify.com/pod/show/unwritten30s
13.59,22,MoonTalk with Linh Dao,Moontalk with Linh Dao,vi,https://anchor.fm/s/f0e999cc/podcast/rss,https://podcasts.apple.com/vn/podcast/moontalk-with-linh-dao/id1726332543?uo=4,https://podcasters.spotify.com/pod/show/moontalk-with-linh-dao
13.59,57,Hiếu Đây Podcast,Hiếu Đây,vi,https://anchor.fm/s/7a42f14c/podcast/rss,https://podcasts.apple.com/vn/podcast/hi%E1%BA%BFu-%C4%91%C3%A2y-podcast/id1619658753?uo=4,https://podcasters.spotify.com/pod/show/hieudaypodcast
13.51,27,"AI đọc sách, báo",EchoVerse,vi,https://anchor.fm/s/103d25074/podcast/rss,https://podcasts.apple.com/vn/podcast/ai-%C4%91%E1%BB%8Dc-s%C3%A1ch-b%C3%A1o/id1809402715?uo=4,https://podcasters.spotify.com/pod/show/echoversepod
13.5,129,Học để làm Người,Mr. D,vi,https://anchor.fm/s/6540fab4/podcast/rss,https://podcasts.apple.com/vn/podcast/h%E1%BB%8Dc-%C4%91%E1%BB%83-l%C3%A0m-ng%C6%B0%E1%BB%9Di/id1578357109?uo=4,https://podcasters.spotify.com/pod/show/mr-d51
13.49,39,Giáo lý Dự tòng Công giáo,Hoan,vi,https://anchor.fm/s/67f70de8/podcast/rss,https://podcasts.apple.com/us/podcast/gi%C3%A1o-l%C3%BD-d%E1%BB%B1-t%C3%B2ng-c%C3%B4ng-gi%C3%A1o/id1581387479?uo=4,https://podcasters.spotify.com/pod/show/hoan4
13.49,53,Cổ nhạc Việt Nam,SBS,vi,https://feeds.sbs.com.au/co-nhac-viet-nam,https://podcasts.apple.com/us/podcast/c%E1%BB%95-nh%E1%BA%A1c-vi%E1%BB%87t-nam/id1831186332?uo=4,https://www.sbs.com.au/language/vietnamese/vi/podcast/co-nhac-viet-nam
13.44,13,Move by Chan,Chan,vi,https://anchor.fm/s/419077d4/podcast/rss,https://podcasts.apple.com/us/podcast/move-by-chan/id1535811399?uo=4,https://movebychan.com
13.43,38,Phong Phong,Phương,vi,https://anchor.fm/s/73e23344/podcast/rss,https://podcasts.apple.com/us/podcast/phong-phong/id1599190870?uo=4,https://podcasters.spotify.com/pod/show/l-phng
13.42,47,Z Talk Podcast,Prac x Studio,vi,https://anchor.fm/s/6f37c444/podcast/rss,https://podcasts.apple.com/vn/podcast/z-talk-podcast/id1589740913?uo=4,https://www.youtube.com/channel/UCKmth9pbGv2HTzVfamErUFg
13.38,78,Otis Report - Podcast Đầu tư tài chính,Otis Report,vi,https://anchor.fm/s/6682ddd4/podcast/rss,https://podcasts.apple.com/vn/podcast/otis-report-podcast-%C4%91%E1%BA%A7u-t%C6%B0-t%C3%A0i-ch%C3%ADnh/id1586569662?uo=4,https://otis.report
13.37,145,Bách Hoá Viển Vông,Bách Hoá Viển Vông,vi,https://anchor.fm/s/e7a54c08/podcast/rss,https://podcasts.apple.com/us/podcast/b%C3%A1ch-ho%C3%A1-vi%E1%BB%83n-v%C3%B4ng/id1728028525?uo=4,http://chiepclass.com
13.37,28,Tâm sự cùng Ưng Đen,Ưng Đen,vi,https://anchor.fm/s/5f97881c/podcast/rss,https://podcasts.apple.com/vn/podcast/t%C3%A2m-s%E1%BB%B1-c%C3%B9ng-%C6%B0ng-%C4%91en/id1572498291?uo=4,https://podcasters.spotify.com/pod/show/ng-en
13.35,40,MaX Beatz Audio,MaX Beatz Audio,vi,https://anchor.fm/s/112a917f4/podcast/rss,https://podcasts.apple.com/us/podcast/max-beatz-audio/id1896706593?uo=4,https://podcasters.spotify.com/pod/show/yen-kim5
13.35,43,Yêu Bếp Radio,Yêu Bếp Radio,vi,https://anchor.fm/s/65a8f1f0/podcast/rss,https://podcasts.apple.com/vn/podcast/y%C3%AAu-b%E1%BA%BFp-radio/id1578876469?uo=4,http://www.esheepkitchen.com/
13.34,74,Học tiếng Anh cùng SBS,SBS,vi,https://feeds.sbs.com.au/hoc-tieng-anh-cung-sbs,https://podcasts.apple.com/vn/podcast/h%E1%BB%8Dc-ti%E1%BA%BFng-anh-c%C3%B9ng-sbs/id1796725908?uo=4,https://www.sbs.com.au/language/vietnamese/vi/podcast/hoc-tieng-anh-cung-sbs
13.3,23,MARvelous Podcast,Marketing AI,vi,https://anchor.fm/s/749e937c/podcast/rss,https://podcasts.apple.com/vn/podcast/marvelous-podcast/id1616104156?uo=4,https://marketingai.vn/kenh-podcast/
13.2,33,Bậc thầy kể chuyện - Masters of storycraft,TADA LE,en,https://feeds.transistor.fm/b-c-th-y-k-chuy-n-masters-of-storycraft,https://podcasts.apple.com/vn/podcast/b%E1%BA%ADc-th%E1%BA%A7y-k%E1%BB%83-chuy%E1%BB%87n-masters-of-storycraft/id1833886006?uo=4,http://tadale.com
13.2,5,Nhân Vật Wiki,Nhanvatwiki,vi,https://anchor.fm/s/daa33ac4/podcast/rss,https://podcasts.apple.com/vn/podcast/nh%C3%A2n-v%E1%BA%ADt-wiki/id1671284111?uo=4,https://nhanvat.wiki/
13.19,22,DUCK's WIKIPEDIA,DUCKINGDOM,vi,https://anchor.fm/s/54cf1648/podcast/rss,https://podcasts.apple.com/vn/podcast/ducks-wikipedia/id1561090628?uo=4,https://www.facebook.com/Duckingdom180603
13.15,28,Lặng Nhìn Mây Bay,Lặng Nhìn Mây Bay,vi,https://anchor.fm/s/10d4b2900/podcast/rss,https://podcasts.apple.com/vn/podcast/l%E1%BA%B7ng-nh%C3%ACn-m%C3%A2y-bay/id1866294020?uo=4,https://podcasters.spotify.com/pod/show/nhn-su-hiu-thu6
13.14,79,Giá Vàng Online,Giá Vàng Online,vi,https://anchor.fm/s/5bd07824/podcast/rss,https://podcasts.apple.com/vn/podcast/gi%C3%A1-v%C3%A0ng-online/id1568341358?uo=4,https://vangvn.org
13.09,50,Anniethefree,Quynh An,vi,https://anchor.fm/s/e281b310/podcast/rss,https://podcasts.apple.com/vn/podcast/anniethefree/id1697607038?uo=4,https://podcasters.spotify.com/pod/show/anniethefree
13.06,36,Dấn thân Show,Lean In Vietnam,vi,https://anchor.fm/s/2cd35848/podcast/rss,https://podcasts.apple.com/vn/podcast/d%E1%BA%A5n-th%C3%A2n-show/id1528048157?uo=4,https://podcasters.spotify.com/pod/show/danthanshow
13.04,30,Bài học hay,Khánh,vi,https://anchor.fm/s/112ec58c0/podcast/rss,https://podcasts.apple.com/vn/podcast/b%C3%A0i-h%E1%BB%8Dc-hay/id1896801821?uo=4,https://www.youtube.com/@baihochay365
12.98,22,Alo! Ngành kể nè,MarZone Podcast,vi,https://anchor.fm/s/6428c3f0/podcast/rss,https://podcasts.apple.com/us/podcast/alo-ng%C3%A0nh-k%E1%BB%83-n%C3%A8/id1576674690?uo=4,https://www.facebook.com/marzonevlu
12.95,40,Mỗi tuần vài chương,Kim Chung,vi,https://anchor.fm/s/5c7d2e34/podcast/rss,https://podcasts.apple.com/vn/podcast/m%E1%BB%97i-tu%E1%BA%A7n-v%C3%A0i-ch%C6%B0%C6%A1ng/id1572550465?uo=4,https://podcasters.spotify.com/pod/show/nguyn-th-kim-chung
12.9,51,Hà thành hương xưa vị cũ,Hà Thành hương xưa vị cũ,vi,https://anchor.fm/s/bab87918/podcast/rss,https://podcasts.apple.com/vn/podcast/h%C3%A0-th%C3%A0nh-h%C6%B0%C6%A1ng-x%C6%B0a-v%E1%BB%8B-c%C5%A9/id1646579919?uo=4,https://podcasters.spotify.com/pod/show/hathanhhuongxuavicu
12.9,28,"Audio Hồi ký nghệ sĩ Kim Cương - Sống cho người, sống cho mình",Kim Cương,vi,https://anchor.fm/s/8be7d0d4/podcast/rss,https://podcasts.apple.com/vn/podcast/audio-h%E1%BB%93i-k%C3%BD-ngh%E1%BB%87-s%C4%A9-kim-c%C6%B0%C6%A1ng-s%E1%BB%91ng-cho-ng%C6%B0%E1%BB%9Di-s%E1%BB%91ng-cho-m%C3%ACnh/id1616519596?uo=4,https://podcasters.spotify.com/pod/show/kim-cng
12.82,30,How2Money x Doctor Housing,Znews,vi,https://anchor.fm/s/a35b8fd0/podcast/rss,https://podcasts.apple.com/us/podcast/how2money-x-doctor-housing/id1632170620?uo=4,https://www.youtube.com/@ZingPodcast
12.82,28,Bài giảng DSCN,Dưỡng Sinh Cội Nguồn,vi,https://anchor.fm/s/9b5e19ec/podcast/rss,https://podcasts.apple.com/vn/podcast/b%C3%A0i-gi%E1%BA%A3ng-dscn/id1629354282?uo=4,https://podcasters.spotify.com/pod/show/baigiangdscn
12.77,39,Giữa Đại Lộ Cung Ứng,LSC FTU2,vi,https://anchor.fm/s/7e1cd9e0/podcast/rss,https://podcasts.apple.com/vn/podcast/gi%E1%BB%AFa-%C4%91%E1%BA%A1i-l%E1%BB%99-cung-%E1%BB%A9ng/id1605422132?uo=4,https://www.linkedin.com/company/lsc-ftu-2
12.65,51,Explain Nation - The Podcast,Explain Nation,vi,https://anchor.fm/s/427849ec/podcast/rss,https://podcasts.apple.com/us/podcast/explain-nation-the-podcast/id1542813266?uo=4,https://youtube.com/ExplainNation
12.64,31,"Giải Nghĩa và Bài Giảng Sách Khải Huyền - Thời kỳ của Antichrist, Sự Tuận Đạo, Sự Cất Lên và Vương Quốc Ngàn Năm Sắp Xảy Ra Không? ( II )",The New Life Mission,vi,https://feeds.castos.com/6or2d,https://podcasts.apple.com/us/podcast/gi%E1%BA%A3i-ngh%C4%A9a-v%C3%A0-b%C3%A0i-gi%E1%BA%A3ng-s%C3%A1ch-kh%E1%BA%A3i-huy%E1%BB%81n-th%E1%BB%9Di-k%E1%BB%B3-c%E1%BB%A7a/id1658336660?uo=4,https://www.bjnewlife.org/vi/book/bookDetail.php?bidx=705&part=1
12.64,235,Gao ST25 Chinh Hang - Gao Ong Cua,Gạo ST25 Chính Hãng - Gạo Ông Cua,vi,https://anchor.fm/s/e8efdefc/podcast/rss,https://podcasts.apple.com/vn/podcast/gao-st25-chinh-hang-gao-ong-cua/id1713378526?uo=4,https://gaophuongnam.vn
12.61,153,Chị Sophie Kể Chuyện,Sophie Tell Story,vi,https://anchor.fm/s/dbdd25a8/podcast/rss,https://podcasts.apple.com/us/podcast/ch%E1%BB%8B-sophie-k%E1%BB%83-chuy%E1%BB%87n/id1671433065?uo=4,https://podcasters.spotify.com/pod/show/sophie-tell-story
12.59,38,Trí Minh Lê,Trí Minh Lê,vi,https://anchor.fm/s/6b619e30/podcast/rss,https://podcasts.apple.com/vn/podcast/tr%C3%AD-minh-l%C3%AA/id1586653260?uo=4,https://podcasters.spotify.com/pod/show/tr-minh-l
12.58,11,Quán Bar Bí Mật Bittersweet,Nhật Trường,vi,https://anchor.fm/s/664ece18/podcast/rss,https://podcasts.apple.com/vn/podcast/qu%C3%A1n-bar-b%C3%AD-m%E1%BA%ADt-bittersweet/id1580002742?uo=4,https://facebook.com/BittersweetCocktailBar
12.58,32,Nguyễn Hoàng Ngọc Cẩm Tú,Nguyễn Hoàng Ngọc Cẩm Tú,vi,https://anchor.fm/s/10bcf3120/podcast/rss,https://podcasts.apple.com/vn/podcast/nguy%E1%BB%85n-ho%C3%A0ng-ng%E1%BB%8Dc-c%E1%BA%A9m-t%C3%BA/id6806746845?uo=4,https://podcasters.spotify.com/pod/show/tnh-tu---kam-anh
12.57,24,Hài Kịch Truyền Thanh - CVN,CVN Nest,vi,https://anchor.fm/s/934ba88c/podcast/rss,https://podcasts.apple.com/us/podcast/h%C3%A0i-k%E1%BB%8Bch-truy%E1%BB%81n-thanh-cvn/id1638564671?uo=4,https://cvndigital.com/
12.55,61,Phàm Nhân Tu Tiên Truyện,MinH,vi,https://anchor.fm/s/304bdf2c/podcast/rss,https://podcasts.apple.com/us/podcast/ph%C3%A0m-nh%C3%A2n-tu-ti%C3%AAn-truy%E1%BB%87n/id1531496138?uo=4,https://minhiep.com/
12.55,19,Đọc sách cùng Hailey,Khánh Huyền Hoàng,vi,https://anchor.fm/s/481097d8/podcast/rss,https://podcasts.apple.com/vn/podcast/%C4%91%E1%BB%8Dc-s%C3%A1ch-c%C3%B9ng-hailey/id1550231854?uo=4,https://anchor.fm/dashboard
12.55,20,Suy ngẫm cuộc sống &amp;sách,THAO Kiệm lời,vi,https://anchor.fm/s/eab76188/podcast/rss,https://podcasts.apple.com/vn/podcast/suy-ng%E1%BA%ABm-cu%E1%BB%99c-s%E1%BB%91ng-s%C3%A1ch/id1710891289?uo=4,https://podcasters.spotify.com/pod/show/thao-kim-li
12.46,55,Tìm về chính mình,Hồng Anh Nguyễn,vi,https://anchor.fm/s/e2c94acc/podcast/rss,https://podcasts.apple.com/us/podcast/t%C3%ACm-v%E1%BB%81-ch%C3%ADnh-m%C3%ACnh/id1703395309?uo=4,https://podcasters.spotify.com/pod/show/timvechinhminh
12.45,27,Tâm Lý Ơi (Dear Mind),Tâm Lý Ơi ( Dear Mind),vi,https://anchor.fm/s/5b1c3544/podcast/rss,https://podcasts.apple.com/us/podcast/t%C3%A2m-l%C3%BD-%C6%A1i-dear-mind/id1499707700?uo=4,https://podcasters.spotify.com/pod/show/van-tran8
12.4,28,Đọc Sách Thay Bạn,Ơ Kìa! Chang đây nè,vi,https://anchor.fm/s/a55f6d88/podcast/rss,https://podcasts.apple.com/vn/podcast/%C4%91%E1%BB%8Dc-s%C3%A1ch-thay-b%E1%BA%A1n/id1633570037?uo=4,https://www.youtube.com/c/ƠkìaChangđâynè
12.35,47,I Am NGA - Khu vườn ngôn từ,Nga.,vi,https://anchor.fm/s/586170e4/podcast/rss,https://podcasts.apple.com/us/podcast/i-am-nga-khu-v%C6%B0%E1%BB%9Dn-ng%C3%B4n-t%E1%BB%AB/id1662398175?uo=4,https://iamnga.home.blog/
12.29,39,Ler Ther Podcast,Thảo Lê,vi,https://anchor.fm/s/68cfe924/podcast/rss,https://podcasts.apple.com/us/podcast/ler-ther-podcast/id1737179303?uo=4,https://www.youtube.com/channel/UCeuaiwCWmU1D9_eeeaprWgA
12.27,15,Từ Cắt Bì Thuộc Thể Đến Giáo Lý Cầu Nguyện Ăn Năn (I) - Những Bài Giảng Theo Thư Ga-la-ti,The New Life Mission,vi,https://feeds.castos.com/4knw8,https://podcasts.apple.com/vn/podcast/t%E1%BB%AB-c%E1%BA%AFt-b%C3%AC-thu%E1%BB%99c-th%E1%BB%83-%C4%91%E1%BA%BFn-gi%C3%A1o-l%C3%BD-c%E1%BA%A7u-nguy%E1%BB%87n-%C4%83n-n%C4%83n-i/id1669665852?uo=4,https://www.bjnewlife.org/vi/book/bookDetail.php?bidx=717&part=1&findLang=Vietnamese
12.25,49,Dòng Chảy Công Nghệ,ACDT,vi,https://raw.githubusercontent.com/techukr/podcastRSS-vi/main/rss.xml,https://podcasts.apple.com/vn/podcast/d%C3%B2ng-ch%E1%BA%A3y-c%C3%B4ng-ngh%E1%BB%87/id1895501187?uo=4,https://raw.githubusercontent.com/techukr/podcastRSS-vi/main/rss.xml
12.16,49,KHƠI NGUỒN CẢM HỨNG HTV7,NewZ,vi,https://anchor.fm/s/b4438730/podcast/rss,https://podcasts.apple.com/vn/podcast/kh%C6%A1i-ngu%E1%BB%93n-c%E1%BA%A3m-h%E1%BB%A9ng-htv7/id1682194966?uo=4,https://youtube.com/playlist?list=PL0tXp53SNyUfSVSpNMYgmsGs5M13Y_3gV
12.15,93,Chuyện Xưa Cho Dễ Ngủ,An Giấc,en-us,https://www.patreon.com/public-rss/15854196?show=2109881,https://podcasts.apple.com/us/podcast/chuy%E1%BB%87n-x%C6%B0a-cho-d%E1%BB%85-ng%E1%BB%A7/id1895311578?uo=4,https://www.patreon.com/collection/2109881
12.15,101,Linhthinkslinhtinh,Khanh Linh,vi,http://rss.castbox.fm/everest/9c2dd1c0e0a24ee883ab945b17a17c9f.xml,https://podcasts.apple.com/vn/podcast/linhthinkslinhtinh/id1579289474?uo=4,https://castbox.fm/ch/3706508
12.14,34,CHUYỆN KỂ OLOGY,Hoangology English,vi,https://anchor.fm/s/71286434/podcast/rss,https://podcasts.apple.com/us/podcast/chuy%E1%BB%87n-k%E1%BB%83-ology/id1592289771?uo=4,http://hoangtoeic.com/
12.1,73,Nhà Đầu Tư Thông Minh,Nhà Đầu Tư Thông Minh,vi,https://anchor.fm/s/6295c90c/podcast/rss,https://podcasts.apple.com/vn/podcast/nh%C3%A0-%C4%91%E1%BA%A7u-t%C6%B0-th%C3%B4ng-minh/id1575395513?uo=4,https://podcasters.spotify.com/pod/show/nhadaututhongminh
12.09,21,Đối Thoại,Trang và Xê,vi,https://anchor.fm/s/2e6854d8/podcast/rss,https://podcasts.apple.com/vn/podcast/%C4%91%E1%BB%91i-tho%E1%BA%A1i/id1561651296?uo=4,https://podcasters.spotify.com/pod/show/tracy135
12.07,71,Người dẫn dắt Chuyện Nhặt,Tâm lý học dễ hiểu,vi,https://anchor.fm/s/b54296e4/podcast/rss,https://podcasts.apple.com/vn/podcast/ng%C6%B0%E1%BB%9Di-d%E1%BA%ABn-d%E1%BA%AFt-chuy%E1%BB%87n-nh%E1%BA%B7t/id1674717408?uo=4,https://podcasters.spotify.com/pod/show/nguoidandatchuyennhat
12.02,87,Tìm hiểu nước Úc,SBS,vi,https://sbs-ondemand.streamguys1.com/huong-dan-dinh-cu/,https://podcasts.apple.com/vn/podcast/t%C3%ACm-hi%E1%BB%83u-n%C6%B0%E1%BB%9Bc-%C3%BAc/id1721476059?uo=4,https://www.sbs.com.au/language/vietnamese/vi/podcast/australia-explained-vietnamese
11.96,143,TOPMAT - Chuyên gia vật liệu,TOPMAT,vi,https://anchor.fm/s/f8471a14/podcast/rss,https://podcasts.apple.com/us/podcast/topmat-chuy%C3%AAn-gia-v%E1%BA%ADt-li%E1%BB%87u/id1756063898?uo=4,https://topmatstore.vn/
11.91,63,Ghi-đông Radio,#ghiđông,vi,https://anchor.fm/s/515b097c/podcast/rss,https://podcasts.apple.com/us/podcast/ghi-%C4%91%C3%B4ng-radio/id1564592490?uo=4,https://www.facebook.com/ghidongpodcast
11.9,45,EM 19,Nguyệt Anh,vi,https://anchor.fm/s/654f6f7c/podcast/rss,https://podcasts.apple.com/vn/podcast/em-19/id1578911599?uo=4,https://podcasters.spotify.com/pod/show/anh-nguyn-nguyt
11.87,32,Giọng ca Việt Úc,SBS,vi,https://feeds.sbs.com.au/giong-ca-viet-uc,https://podcasts.apple.com/us/podcast/gi%E1%BB%8Dng-ca-vi%E1%BB%87t-%C3%BAc/id1868596227?uo=4,https://www.sbs.com.au/language/vietnamese/vi/podcast/giong-ca-viet-uc
11.76,42,VnExpress Podcasts: Tôi kể,VnExpress,vi-vn,https://vnexpress.net/rss/podcast/toi-ke.rss,https://podcasts.apple.com/us/podcast/vnexpress-podcasts-t%C3%B4i-k%E1%BB%83/id1723267943?uo=4,https://vnexpress.net/vne-go/podcast/toi-ke
11.75,67,Bảo Dưỡng Cơ Khí,Nguyễn Thanh Sơn,vi,https://anchor.fm/s/7cf85fa8/podcast/rss,https://podcasts.apple.com/vn/podcast/b%E1%BA%A3o-d%C6%B0%E1%BB%A1ng-c%C6%A1-kh%C3%AD/id1604510157?uo=4,https://www.baoduongcokhi.com
11.66,35,Thiền 21 ngày – Kiến tạo sức mạnh từ sự tĩnh tại,Soul Coach,vi,https://anchor.fm/s/109330018/podcast/rss,https://podcasts.apple.com/vn/podcast/thi%E1%BB%81n-21-ng%C3%A0y-ki%E1%BA%BFn-t%E1%BA%A1o-s%E1%BB%A9c-m%E1%BA%A1nh-t%E1%BB%AB-s%E1%BB%B1-t%C4%A9nh-t%E1%BA%A1i/id1838855110?uo=4,https://soulcoach.vn/
11.65,44,Business Pilates Vietnam Podcast,Nutrifort Academy,vi,https://anchor.fm/s/f1e752ec/podcast/rss,https://podcasts.apple.com/us/podcast/business-pilates-vietnam-podcast/id1736447620?uo=4,https://www.nutrifort-academy.com/
11.62,38,Nhân vật chính,nhân vật chính,vi,https://anchor.fm/s/e22ee4a0/podcast/rss,https://podcasts.apple.com/vn/podcast/nh%C3%A2n-v%E1%BA%ADt-ch%C3%ADnh/id1691786528?uo=4,NhanVatChinh.com
11.56,12,Healthier Happier,Vietsuccess,vi,https://anchor.fm/s/10a8a4318/podcast/rss,https://podcasts.apple.com/us/podcast/healthier-happier/id1846797608?uo=4,https://podcasters.spotify.com/pod/show/healthierhappier
11.56,21,Bói Tâm,Minh Niệm,vi,https://anchor.fm/s/10da45840/podcast/rss,https://podcasts.apple.com/us/podcast/b%C3%B3i-t%C3%A2m/id1868289614?uo=4,https://mientinhthuc.vn/
11.55,41,Game Đào Tạo,Game Đào Tạo,vi,https://anchor.fm/s/5dca8624/podcast/rss,https://podcasts.apple.com/us/podcast/game-%C4%91%C3%A0o-t%E1%BA%A1o/id1572085892?uo=4,https://www.gamedaotao.vn
11.52,37,The Optics by The IELTS Workshop,The IELTS Workshop,vi,https://anchor.fm/s/db56fde8/podcast/rss,https://podcasts.apple.com/vn/podcast/the-optics-by-the-ielts-workshop/id1675811444?uo=4,https://onthiielts.com.vn/
11.5,102,Học tiếng Trung cùng Wang Long - Learn Chinese with Wang Long,王俊龙,zh-cn,https://anchor.fm/s/8c2bda04/podcast/rss,https://podcasts.apple.com/us/podcast/h%E1%BB%8Dc-ti%E1%BA%BFng-trung-c%C3%B9ng-wang-long-learn-chinese-with-wang-long/id1616762661?uo=4,https://podcasters.spotify.com/pod/show/wang-jun-long-666
11.5,66,365 Ngày Với Các Gia Đình,Truyền Thông Dòng Tên,vi,https://anchor.fm/s/10fc214a0/podcast/rss,https://podcasts.apple.com/us/podcast/365-ng%C3%A0y-v%E1%BB%9Bi-c%C3%A1c-gia-%C4%91%C3%ACnh/id1884242992?uo=4,https://podcasters.spotify.com/pod/show/truyn-thng-dng-tn8
11.49,10,Chân Lý Cuộc Sống - Những lời Phật dạy - WAVES,Chân Lý Cuộc Sống & Waves,vi-vn,https://pinecast.com/feed/chan-ly-cuoc-song,https://podcasts.apple.com/us/podcast/ch%C3%A2n-l%C3%BD-cu%E1%BB%99c-s%E1%BB%91ng-nh%E1%BB%AFng-l%E1%BB%9Di-ph%E1%BA%ADt-d%E1%BA%A1y-waves/id1492423068?uo=4,https://waves8.com
11.46,38,Thanh Niên Tin Lành Podcast,Khối Thanh Niên TLH HTTLVN,vi,https://anchor.fm/s/6f22cabc/podcast/rss,https://podcasts.apple.com/vn/podcast/thanh-ni%C3%AAn-tin-l%C3%A0nh-podcast/id1593967688?uo=4,https://khoithanhnientinlanh.bio.link/
11.43,76,LỜI PHẬT DẠY - MỞ KHÓA SỨC MẠNH TRÍ TUỆ CỦA ĐỨC PHẬT VỚI NHỮNG BÀI HỌC ẤN TƯỢNG,Phòng Thu Âm Ninh Kiều (NK Recording Studio),vi,https://anchor.fm/s/f7e712e0/podcast/rss,https://podcasts.apple.com/us/podcast/l%E1%BB%9Di-ph%E1%BA%ADt-d%E1%BA%A1y-m%E1%BB%9F-kh%C3%B3a-s%E1%BB%A9c-m%E1%BA%A1nh-tr%C3%AD-tu%E1%BB%87-c%E1%BB%A7a-%C4%91%E1%BB%A9c-ph%E1%BA%ADt/id1756223655?uo=4,http://www.nkpro.top
11.42,581,Cửa hàng Đệm Xinh Luxury,demxinhluxury,vi-vn,https://demxinh.vn/podcast/,https://podcasts.apple.com/us/podcast/c%E1%BB%ADa-h%C3%A0ng-%C4%91%E1%BB%87m-xinh-luxury/id1652431071?uo=4,https://demxinh.vn
11.42,36,ĐẬU CÔNG HIỆP,Đậu Công Hiệp,vi,https://anchor.fm/s/6267ec08/podcast/rss,https://podcasts.apple.com/us/podcast/%C4%91%E1%BA%ADu-c%C3%B4ng-hi%E1%BB%87p/id1577720289?uo=4,https://podcasters.spotify.com/pod/show/u-cng-hip
11.38,60,Viện Đào tạo Montessori Canada,FOLLOW THE CHILD,vi,https://anchor.fm/s/6b5ab638/podcast/rss,https://podcasts.apple.com/vn/podcast/vi%E1%BB%87n-%C4%91%C3%A0o-t%E1%BA%A1o-montessori-canada/id1587676210?uo=4,https://podcasters.spotify.com/pod/show/vin-o-to-montessori-canada
11.31,136,Bưu điện Việt Nam - Vietnam Post,Bưu điện Việt Nam - Vietnam Post,vi,https://anchor.fm/s/bdfca734/podcast/rss,https://podcasts.apple.com/vn/podcast/b%C6%B0u-%C4%91i%E1%BB%87n-vi%E1%BB%87t-nam-vietnam-post/id1688493911?uo=4,https://vietnampost.vn/
11.28,14,lắng &amp; nghe,Cam,vi,https://anchor.fm/s/4bb1bdf4/podcast/rss,https://podcasts.apple.com/vn/podcast/l%E1%BA%AFng-nghe/id1554305766?uo=4,https://thovaviet.wordpress.com
11.27,29,Hạt Mầm Hiểu Biết,Hạt Mầm Hiểu Biết,vi,https://anchor.fm/s/10d4055e8/podcast/rss,https://podcasts.apple.com/vn/podcast/h%E1%BA%A1t-m%E1%BA%A7m-hi%E1%BB%83u-bi%E1%BA%BFt/id1865771914?uo=4,https://podcasters.spotify.com/pod/show/hat-mam-hieu-biet
11.27,35,Giả thuyết kiến trúc,Bùi Thúc Đạt,vi,https://anchor.fm/s/9074ed30/podcast/rss,https://podcasts.apple.com/vn/podcast/gi%E1%BA%A3-thuy%E1%BA%BFt-ki%E1%BA%BFn-tr%C3%BAc/id1680381085?uo=4,https://podcasters.spotify.com/pod/show/thuc-dat-bui
11.27,68,CONG TY TNHH CHUYEN PHAT NHANH QUOC TE NHAT MINH EXPRESS,Nhật Minh Express,vi,https://anchor.fm/s/10c9d9b50/podcast/rss,https://podcasts.apple.com/vn/podcast/cong-ty-tnhh-chuyen-phat-nhanh-quoc-te-nhat-minh-express/id1862131266?uo=4,https://nhatminhexpress.com/
11.23,174,Truyện ngắn 100 chữ,100 Words Story,vi,https://anchor.fm/s/62988444/podcast/rss,https://podcasts.apple.com/vn/podcast/truy%E1%BB%87n-ng%E1%BA%AFn-100-ch%E1%BB%AF/id1579805875?uo=4,https://podcasters.spotify.com/pod/show/truyenngan100chu
11.22,49,Small Great Days,Thanh Văn,vi,https://anchor.fm/s/fab95e4c/podcast/rss,https://podcasts.apple.com/vn/podcast/small-great-days/id1822220184?uo=4,https://podcasters.spotify.com/pod/show/small-great-days
11.21,18,The Next Power,VnExpress x S-World,vi,https://anchor.fm/s/96fc178c/podcast/rss,https://podcasts.apple.com/vn/podcast/the-next-power/id1623841698?uo=4,https://podcasters.spotify.com/pod/show/thenextpower
11.13,65,Học Giỏi Phát Âm Giọng Mỹ Trong 60 Ngày,Phát Âm Hay,vi,https://rss.buzzsprout.com/1355833.rss,https://podcasts.apple.com/us/podcast/h%E1%BB%8Dc-gi%E1%BB%8Fi-ph%C3%A1t-%C3%A2m-gi%E1%BB%8Dng-m%E1%BB%B9-trong-60-ng%C3%A0y/id1532441942?uo=4,https://phatamhay.com/
11.13,141,Trong Suốt,Trong Suốt,vi,https://rss.buzzsprout.com/1925530.rss,https://podcasts.apple.com/us/podcast/trong-su%E1%BB%91t/id1606768637?uo=4,https://www.buzzsprout.com/1925530
11.11,46,Nhà Sala - Mình nghe đây,Sala Tâm,vi,https://anchor.fm/s/69e8b138/podcast/rss,https://podcasts.apple.com/vn/podcast/nh%C3%A0-sala-m%C3%ACnh-nghe-%C4%91%C3%A2y/id1585550153?uo=4,https://podcasters.spotify.com/pod/show/nhasala
11.1,11,Be Well Tribe - Tộc Sống Ốt,Tra Ngan,en,https://anchor.fm/s/544ac924/podcast/rss,https://podcasts.apple.com/vn/podcast/be-well-tribe-t%E1%BB%99c-s%E1%BB%91ng-%E1%BB%91t/id1567226188?uo=4,https://podcasters.spotify.com/pod/show/bewelltribe
11.06,22,Vân Anh Podcast,Vân Anh Podcast,vi,https://anchor.fm/s/10348a644/podcast/rss,https://podcasts.apple.com/us/podcast/v%C3%A2n-anh-podcast/id1806597610?uo=4,https://podcasters.spotify.com/pod/show/vananhpodcast
11.06,61,Easy Peasy Vietnamesy,Trâm Mai,vi,https://anchor.fm/s/4b455bdc/podcast/rss,https://podcasts.apple.com/vn/podcast/easy-peasy-vietnamesy/id1552594114?uo=4,https://www.easypeasyvietnamesy.com/media
11.05,60,Hậu Tiếp Thị,Phạm Đức Hậu,vi,https://anchor.fm/s/5dc5fc6c/podcast/rss,https://podcasts.apple.com/us/podcast/h%E1%BA%ADu-ti%E1%BA%BFp-th%E1%BB%8B/id1570692271?uo=4,https://hauwebs.net/
11.05,15,Phúc Âm thật,Mục vụ Tiên Phong – Tien Phong Ministries,vi,https://anchor.fm/s/10a4007f8/podcast/rss,https://podcasts.apple.com/vn/podcast/ph%C3%BAc-%C3%A2m-th%E1%BA%ADt/id1844964992?uo=4,https://tienphong.org
11.04,124,Thực Đơn Eat Clean,Thực Đơn Eat Clean,vi,https://anchor.fm/s/e07cdd4c/podcast/rss,https://podcasts.apple.com/us/podcast/th%E1%BB%B1c-%C4%91%C6%A1n-eat-clean/id1685794703?uo=4,https://thucdoneatclean.net/
11.04,21,NHỮNG BÀI GIẢNG THEO PHÚC ÂM MA-THI-Ơ (I)-KHI NÀO CƠ-ĐỐC-NHÂN CÓ TRÒ CHUYỆN THÂN MẬT VỚI CHÚA?,The New Life Mission,vi,https://feeds.castos.com/4k3zo,https://podcasts.apple.com/vn/podcast/nh%E1%BB%AFng-b%C3%A0i-gi%E1%BA%A3ng-theo-ph%C3%BAc-%C3%A2m-ma-thi-%C6%A1-i-khi-n%C3%A0o-c%C6%A1/id1658485634?uo=4,https://www.bjnewlife.org/vi/book/bookDetail.php?bidx=709&part=1
10.96,37,Mita Tran,Mita Tran,vi,https://anchor.fm/s/633b9e2c/podcast/rss,https://podcasts.apple.com/us/podcast/mita-tran/id1576693864?uo=4,http://www.mitatran.com
10.92,74,Anhemcee,Anhemcee,vi,https://anchor.fm/s/4edd0a88/podcast/rss,https://podcasts.apple.com/us/podcast/anhemcee/id1556014561?uo=4,https://podcasters.spotify.com/pod/show/anhemcee21
10.91,16,Chuyện Dân Gian Và Tâm Linh | Kể Chuyện Ma,Giang Sơn,vi,https://anchor.fm/s/11633e368/podcast/rss,https://podcasts.apple.com/us/podcast/chuy%E1%BB%87n-d%C3%A2n-gian-v%C3%A0-t%C3%A2m-linh-k%E1%BB%83-chuy%E1%BB%87n-ma/id6802800318?uo=4,https://podcasters.spotify.com/pod/show/giang-sn7
10.91,99,Bạn có bị ốm và mệt mỏi vì bị ốm và mệt mỏi không?,Paul Steen,vi-vn,https://feeds.castos.com/2ngjj,https://podcasts.apple.com/vn/podcast/b%E1%BA%A1n-c%C3%B3-b%E1%BB%8B-%E1%BB%91m-v%C3%A0-m%E1%BB%87t-m%E1%BB%8Fi-v%C3%AC-b%E1%BB%8B-%E1%BB%91m-v%C3%A0-m%E1%BB%87t-m%E1%BB%8Fi-kh%C3%B4ng/id1703173290?uo=4,https://are-you-sick-and-tired-of-being-sick-and-tired-vietnamese.castos.com
10.86,53,Aki Nguyễn|Dạy con bằng Kỷ Luật Mềm,NGUYEN THI THU,vi,https://anchor.fm/s/7ce334e8/podcast/rss,https://podcasts.apple.com/vn/podcast/aki-nguy%E1%BB%85n-d%E1%BA%A1y-con-b%E1%BA%B1ng-k%E1%BB%B7-lu%E1%BA%ADt-m%E1%BB%81m/id1604490037?uo=4,https://akinguyen.vn
10.81,14,suy thành tiếng 🗣,Đài yáp thanh Suy thành tiếng 🗣️,vi,https://anchor.fm/s/101ebc7b8/podcast/rss,https://podcasts.apple.com/vn/podcast/suy-th%C3%A0nh-ti%E1%BA%BFng/id1813263170?uo=4,https://podcasters.spotify.com/pod/show/suythanhtieng
10.8,57,Thực Hành Thai Giáo,Thực Hành Thai Giáo,vi,https://anchor.fm/s/da73b3f8/podcast/rss,https://podcasts.apple.com/us/podcast/th%E1%BB%B1c-h%C3%A0nh-thai-gi%C3%A1o/id1676952815?uo=4,https://dothanhhuyen.com/
10.8,38,Lớn hơn hoặc bằng,Minh,vi,https://anchor.fm/s/c1d31654/podcast/rss,https://podcasts.apple.com/us/podcast/l%E1%BB%9Bn-h%C6%A1n-ho%E1%BA%B7c-b%E1%BA%B1ng/id1679928727?uo=4,https://podcasters.spotify.com/pod/show/lonhonhoacbang
10.78,16,Từ Cắt Bì Thuộc Thể Đến Giáo Lý Cầu Nguyện Ăn Năn (I): - Những Bài Giảng Theo Thư Ga-la-ti,The New Life Mission,vi,https://feeds.castos.com/2ngdn,https://podcasts.apple.com/vn/podcast/t%E1%BB%AB-c%E1%BA%AFt-b%C3%AC-thu%E1%BB%99c-th%E1%BB%83-%C4%91%E1%BA%BFn-gi%C3%A1o-l%C3%BD-c%E1%BA%A7u-nguy%E1%BB%87n-%C4%83n-n%C4%83n-i/id1694073934?uo=4,https://www.bjnewlife.org/vi/book/bookDetail.php?bidx=718&part=1&findLang=Vietnamese
10.75,41,Tâm Sự Nhà Đất,Tâm Sự Nhà Đất TV,vi,https://anchor.fm/s/5cd9f628/podcast/rss,https://podcasts.apple.com/vn/podcast/t%C3%A2m-s%E1%BB%B1-nh%C3%A0-%C4%91%E1%BA%A5t/id1569793875?uo=4,https://podcasters.spotify.com/pod/show/tamsunhadat
10.74,25,Một Cuộc Đời Đáng Sống,Katherine Nguyen,vi,https://anchor.fm/s/e7841fd8/podcast/rss,https://podcasts.apple.com/vn/podcast/m%E1%BB%99t-cu%E1%BB%99c-%C4%91%E1%BB%9Di-%C4%91%C3%A1ng-s%E1%BB%91ng/id1714038533?uo=4,https://www.katherinenguyen.net/
10.72,86,SBS Examines bằng tiếng Việt,SBS,vi,https://feeds.sbs.com.au/sbs-examines-vietnamese,https://podcasts.apple.com/us/podcast/sbs-examines-b%E1%BA%B1ng-ti%E1%BA%BFng-vi%E1%BB%87t/id1776750408?uo=4,https://www.sbs.com.au/language/vietnamese/vi/podcast/sbs-examines-vietnamese
10.71,45,VnExpress Podcasts: Sống khoẻ,VnExpress,vi,https://feeds.acast.com/public/shows/vnexpress-podcasts-song-khoe,https://podcasts.apple.com/vn/podcast/vnexpress-podcasts-s%E1%BB%91ng-kho%E1%BA%BB/id1512735642?uo=4,https://shows.acast.com/vnexpress-podcast-sng-kho
10.65,11,UAN Marketing Podcast,Cộng Đồng UAN Marketing,vi,https://anchor.fm/s/e4e20cf4/podcast/rss,https://podcasts.apple.com/vn/podcast/uan-marketing-podcast/id1698253320?uo=4,https://uan.vn
10.64,16,Trẻ Người Nonstop,Rising Vietnam,vi,https://anchor.fm/s/e13cc6fc/podcast/rss,https://podcasts.apple.com/vn/podcast/tr%E1%BA%BB-ng%C6%B0%E1%BB%9Di-nonstop/id1687233579?uo=4,https://podcasters.spotify.com/pod/show/trenguoinonstop
10.62,27,Giải tỏa stress bằng Thiền tỉnh thức,Giải tỏa stress bằng Thiền tỉnh thức,vi,https://anchor.fm/s/656890b0/podcast/rss,https://podcasts.apple.com/us/podcast/gi%E1%BA%A3i-t%E1%BB%8Fa-stress-b%E1%BA%B1ng-thi%E1%BB%81n-t%E1%BB%89nh-th%E1%BB%A9c/id1578915026?uo=4,https://linktr.ee/giaitoastress
10.62,16,Cát Ngọc Official,Cát Ngọc,vi,https://anchor.fm/s/214a96d0/podcast/rss,https://podcasts.apple.com/us/podcast/c%C3%A1t-ng%E1%BB%8Dc-official/id1515454125?uo=4,https://truongcatngoc.com/
10.62,10,ĐỀN TẠM: Một Hình Bóng Chi Tiết về Đức Chúa Jêsus Christ (Ⅰ),The New Life Mission,vi,https://feeds.castos.com/wxr1m,https://podcasts.apple.com/vn/podcast/%C4%91%E1%BB%81n-t%E1%BA%A1m-m%E1%BB%99t-h%C3%ACnh-b%C3%B3ng-chi-ti%E1%BA%BFt-v%E1%BB%81-%C4%91%E1%BB%A9c-ch%C3%BAa-j%C3%AAsus-christ/id1658336807?uo=4,https://www.bjnewlife.org/vi/book/bookDetail.php?bidx=706&part=1
10.6,85,I Am - Tôi Là,Tam Le,vi,https://anchor.fm/s/bb347a04/podcast/rss,https://podcasts.apple.com/vn/podcast/i-am-t%C3%B4i-l%C3%A0/id1646792259?uo=4,https://podcasters.spotify.com/pod/show/tam-le2
10.58,25,1 chút ánh ngọc,@_lightpearl,vi,https://anchor.fm/s/e79f3250/podcast/rss,https://podcasts.apple.com/us/podcast/1-ch%C3%BAt-%C3%A1nh-ng%E1%BB%8Dc/id1840138475?uo=4,https://www.tiktok.com/@ngoclamnguoilon?_t=8i7RXzJbAqg&_r=1
10.58,34,Sinh ra từ ngõ,Những câu chuyện độc thoại của Link Po,vi,https://anchor.fm/s/7f3d25c8/podcast/rss,https://podcasts.apple.com/us/podcast/sinh-ra-t%E1%BB%AB-ng%C3%B5/id1636837937?uo=4,https://theblueexpat.com/
10.56,8,Bách hợp audio,https://www.docbangtai.com,en,https://anchor.fm/s/c0349d4/podcast/rss,https://podcasts.apple.com/us/podcast/b%C3%A1ch-h%E1%BB%A3p-audio/id1468299611?uo=4,https://www.docbangtai.com/
10.56,21,The Peace Project - Vùng Bình An,The Peace Project,vi,https://anchor.fm/s/ddfbfecc/podcast/rss,https://podcasts.apple.com/vn/podcast/the-peace-project-v%C3%B9ng-b%C3%ACnh-an/id1682932487?uo=4,https://linktr.ee/thepeaceprojectvn?utm_source=linktree_profile_share&ltsid=a35e83cd-cddf-4dc0-ada5-1d3ca6c2e62f
10.55,45,Văn học thiếu nhi,VNPodcast,vi-vi,https://anchor.fm/s/f5a0e434/podcast/rss,https://podcasts.apple.com/us/podcast/v%C4%83n-h%E1%BB%8Dc-thi%E1%BA%BFu-nhi/id1449748084?uo=4,https://feeds.acast.com/public/shows/vanhocthieunhi
10.54,14,Paul C. Jong Phát Triển Thuộc Linh Loạt Bài 4 - Thư Giăng Thứ Nhất (Ⅱ),The New Life Mission,vi,https://feeds.castos.com/jdm2d,https://podcasts.apple.com/us/podcast/paul-c-jong-ph%C3%A1t-tri%E1%BB%83n-thu%E1%BB%99c-linh-lo%E1%BA%A1t-b%C3%A0i-4-th%C6%B0-gi%C4%83ng-th%E1%BB%A9-nh%E1%BA%A5t/id1674344468?uo=4,https://www.bjnewlife.org/vi/book/bookDetail.php?bidx=716&part=1&findLang=Vietnamese
10.54,24,Huyen Expat,Huyen Expat,vi,https://anchor.fm/s/4ff42eb0/podcast/rss,https://podcasts.apple.com/vn/podcast/huyen-expat/id1614184945?uo=4,https://podcasters.spotify.com/pod/show/huyen-expat
10.52,78,Vy Cầm Radio,Vy Cầm,vi,https://anchor.fm/s/58b4a228/podcast/rss,https://podcasts.apple.com/us/podcast/vy-c%E1%BA%A7m-radio/id1567654612?uo=4,https://www.facebook.com/lifebetweentlines
10.52,25,Bui Minh Sang audio experience,Bùi Minh Sáng,vi,https://anchor.fm/s/1a323b50/podcast/rss,https://podcasts.apple.com/vn/podcast/bui-minh-sang-audio-experience/id1505453389?uo=4,https://podcasters.spotify.com/pod/show/buiminhsang
10.48,50,Thời sự quốc tế - VOA,VOA,vi,https://www.voatiengviet.com/podcast/?count=50&zoneId=1952,https://podcasts.apple.com/us/podcast/th%E1%BB%9Di-s%E1%BB%B1-qu%E1%BB%91c-t%E1%BA%BF-voa/id297403685?uo=4,https://www.voatiengviet.com/z/1952
10.48,43,Phật Tử Thiên Địa Du Ký,PMTL.SITE,vi,https://www.spreaker.com/show/6422707/episodes/feed,https://podcasts.apple.com/vn/podcast/ph%E1%BA%ADt-t%E1%BB%AD-thi%C3%AAn-%C4%91%E1%BB%8Ba-du-k%C3%BD/id1869204092?uo=4,https://www.spreaker.com/podcast/phat-tu-thien-dia-du-ky--6422707
10.48,28,cô bạn hafnh.,cô bạn hafnh.,vi,https://anchor.fm/s/5f051900/podcast/rss,https://podcasts.apple.com/vn/podcast/c%C3%B4-b%E1%BA%A1n-hafnh/id1571951702?uo=4,https://m.facebook.com/profile.php?id=1956305314395931&ref=content_filter
10.44,12,ĐỀN TẠM: Một Hình Bóng Chi Tiết về Đức Chúa Jêsus Christ (Ⅱ),The New Life Mission,vi,https://feeds.castos.com/4k35d,https://podcasts.apple.com/vn/podcast/%C4%91%E1%BB%81n-t%E1%BA%A1m-m%E1%BB%99t-h%C3%ACnh-b%C3%B3ng-chi-ti%E1%BA%BFt-v%E1%BB%81-%C4%91%E1%BB%A9c-ch%C3%BAa-j%C3%AAsus-christ/id1658336664?uo=4,https://www.bjnewlife.org/vi/book/bookDetail.php?bidx=707&part=1
10.43,39,Bước Vào Thế Giới Của Con,Sakura Montessori,vi,https://anchor.fm/s/b538871c/podcast/rss,https://podcasts.apple.com/vn/podcast/b%C6%B0%E1%BB%9Bc-v%C3%A0o-th%E1%BA%BF-gi%E1%BB%9Bi-c%E1%BB%A7a-con/id1647311898?uo=4,https://podcasters.spotify.com/pod/show/buoc-vao-the-gioi-cua-con
10.41,12,BẠN ĐÃ THẬT SỰ ĐƯỢC SANH LẠI BẰNG NƯỚC VÀ THÁNH LINH CHƯA? [Ấn bản sửa đổi mới],The New Life Mission,vi,https://feeds.castos.com/8rn1j,https://podcasts.apple.com/vn/podcast/b%E1%BA%A1n-%C4%91%C3%A3-th%E1%BA%ADt-s%E1%BB%B1-%C4%91%C6%B0%E1%BB%A3c-sanh-l%E1%BA%A1i-b%E1%BA%B1ng-n%C6%B0%E1%BB%9Bc-v%C3%A0-th%C3%A1nh-linh/id1658240599?uo=4,https://www.bjnewlife.org/en/book/bookDetail.php?bidx=699&part=1
10.41,14,Bàn chữ S,Viện iSEE,vi,https://anchor.fm/s/6a9b56d0/podcast/rss,https://podcasts.apple.com/vn/podcast/b%C3%A0n-ch%E1%BB%AF-s/id1588244737?uo=4,https://podcasters.spotify.com/pod/show/vien-isee
10.39,57,Ngọc Morning,Ngọc Morning,vi,https://anchor.fm/s/39b45210/podcast/rss,https://podcasts.apple.com/us/podcast/ng%E1%BB%8Dc-morning/id1534404165?uo=4,https://ngocmorning.com/
10.39,29,Chia sẻ sau Murli,Brahma Kumaris Việt Nam,vi,https://anchor.fm/s/e34424cc/podcast/rss,https://podcasts.apple.com/vn/podcast/chia-s%E1%BA%BB-sau-murli/id1691031291?uo=4,https://brahmakumarisvietnam.com/
10.34,40,Cô Gái Nông Dân,Co Gai Nong Dan,vi,https://anchor.fm/s/609db22c/podcast/rss,https://podcasts.apple.com/vn/podcast/c%C3%B4-g%C3%A1i-n%C3%B4ng-d%C3%A2n/id1573365330?uo=4,https://podcasters.spotify.com/pod/show/cogainongdan
10.33,50,Hearty plant doctor,Thái Bình,vi,https://anchor.fm/s/62b0e1c4/podcast/rss,https://podcasts.apple.com/us/podcast/hearty-plant-doctor/id1585976232?uo=4,https://podcasters.spotify.com/pod/show/trn-thi-bnh
10.33,56,Siu daily story,Siuiu,vi,https://anchor.fm/s/6ade6538/podcast/rss,https://podcasts.apple.com/us/podcast/siu-daily-story/id1586152070?uo=4,https://podcasters.spotify.com/pod/show/hong-nhung
10.29,10,CHÂN NHƯ THỰC TẠI - THI KỆ VẤN ĐÁP (Sách nói),Thầy Viên Minh,vi,https://anchor.fm/s/102b6be50/podcast/rss,https://podcasts.apple.com/us/podcast/ch%C3%A2n-nh%C6%B0-th%E1%BB%B1c-t%E1%BA%A1i-thi-k%E1%BB%87-v%E1%BA%A5n-%C4%91%C3%A1p-s%C3%A1ch-n%C3%B3i/id1803619320?uo=4,http://trungtamhotong.org/
10.29,20,Thiền 21 ngày - HIỆN THÂN CỦA GIẢI PHÁP,Soul Coach,vi,https://anchor.fm/s/1111ecc1c/podcast/rss,https://podcasts.apple.com/vn/podcast/thi%E1%BB%81n-21-ng%C3%A0y-hi%E1%BB%87n-th%C3%A2n-c%E1%BB%A7a-gi%E1%BA%A3i-ph%C3%A1p/id1891193098?uo=4,https://soulcoach.vn
10.28,36,Thanh Alice Podcast,Thanh Alice,vi,https://anchor.fm/s/6c06d198/podcast/rss,https://podcasts.apple.com/us/podcast/thanh-alice-podcast/id1587022242?uo=4,https://thanhalice.com
10.24,828,Bình Thiên,Bình Thiên,vi,https://anchor.fm/s/110f586e0/podcast/rss,https://podcasts.apple.com/vn/podcast/b%C3%ACnh-thi%C3%AAn/id1895231141?uo=4,https://podcasters.spotify.com/pod/show/bnh-thin8
10.2,11,SÁNG MẮT CHƯA PODCAST,My Van va Nanh Duong,vi,https://anchor.fm/s/65def160/podcast/rss,https://podcasts.apple.com/vn/podcast/s%C3%A1ng-m%E1%BA%AFt-ch%C6%B0a-podcast/id1585382652?uo=4,https://podcasters.spotify.com/pod/show/sng-mt-cha-podcast
10.19,16,"Những Bài Giảng theo Phúc Âm Giăng (Ⅰ) - Tình Yêu Của Đức Chúa Trời Được Khải Thị Qua Đức Chúa Jêsus, Con Độc Sanh Của Ngài (Ⅰ)",The New Life Mission,vi,https://feeds.castos.com/p4d97,https://podcasts.apple.com/vn/podcast/nh%E1%BB%AFng-b%C3%A0i-gi%E1%BA%A3ng-theo-ph%C3%BAc-%C3%A2m-gi%C4%83ng-t%C3%ACnh-y%C3%AAu-c%E1%BB%A7a-%C4%91%E1%BB%A9c/id1694073965?uo=4,https://www.bjnewlife.org/vi/book/bookDetail.php?bidx=719&part=1&findLang=Vietnamese
10.18,20,Tiếng Việt Gopher - 🇻🇳🇱🇦🇰🇭🇹🇭🇸🇬,Ahmet Düzen,vi,https://anchor.fm/s/1114325f8/podcast/rss,https://podcasts.apple.com/us/podcast/ti%E1%BA%BFng-vi%E1%BB%87t-gopher/id1896169035?uo=4,https://podcasters.spotify.com/pod/show/ahmet-dzen5
10.13,30,LDN-EduCast,LUONG DUNG NHAN,vi,https://anchor.fm/s/b2992228/podcast/rss,https://podcasts.apple.com/vn/podcast/ldn-educast/id1640929961?uo=4,https://podcasters.spotify.com/pod/show/luong-dung-nhan
10.1,40,Phật Học Nguyên Thủy,Phật Học Nguyên Thuỷ,vi,https://anchor.fm/s/4d06f4bc/podcast/rss,https://podcasts.apple.com/vn/podcast/ph%E1%BA%ADt-h%E1%BB%8Dc-nguy%C3%AAn-th%E1%BB%A7y/id1560100096?uo=4,https://phathocnguyenthuy.com
10.1,24,Trạm Truyện Mỗi Ngày,Khánh,vi,https://anchor.fm/s/11638955c/podcast/rss,https://podcasts.apple.com/vn/podcast/tr%E1%BA%A1m-truy%E1%BB%87n-m%E1%BB%97i-ng%C3%A0y/id6802926429?uo=4,https://www.youtube.com/@tramtruyenmoingay
10.06,32,Hướng nghiệp 4.0 - CDM,Hướng nghiệp 4.0 - CDM,vi,https://anchor.fm/s/604cac60/podcast/rss,https://podcasts.apple.com/vn/podcast/h%C6%B0%E1%BB%9Bng-nghi%E1%BB%87p-4-0-cdm/id1576067482?uo=4,https://huongnghiepcdm.edu.vn/tin/nganh-bao-chi-13
10.03,36,Làng Trở Về Podcast,Làng Trở Về,vi,https://anchor.fm/s/1158725ec/podcast/rss,https://podcasts.apple.com/vn/podcast/l%C3%A0ng-tr%E1%BB%9F-v%E1%BB%81-podcast/id6799573236?uo=4,https://langtrove.com
10.02,13,Nghe Lỏm,Nghe Lỏm,vi,https://anchor.fm/s/5c293874/podcast/rss,https://podcasts.apple.com/vn/podcast/nghe-l%E1%BB%8Fm/id1572937639?uo=4,https://podcasters.spotify.com/pod/show/nghe-lom
10.0,94,YANA - You are not alone.,Ava Nguyen,vi,https://anchor.fm/s/38ca5930/podcast/rss,https://podcasts.apple.com/us/podcast/yana-you-are-not-alone/id1533765885?uo=4,https://open.spotify.com/show/0pUoe0wJBRwCUEsJ2SmPWn
9.98,50,DaiLienThanh Audio Man,MediaManOfDaiLienThanh,vi,https://anchor.fm/s/e2b8963c/podcast/rss,https://podcasts.apple.com/us/podcast/dailienthanh-audio-man/id1690538858?uo=4,https://dailienthanh.com/
9.94,50,Tí Ta Tí Tách - Podcast,Ellie và Lu,vi,https://anchor.fm/s/78b488b8/podcast/rss,https://podcasts.apple.com/us/podcast/t%C3%AD-ta-t%C3%AD-t%C3%A1ch-podcast/id1599911227?uo=4,https://www.facebook.com/titatitach.podcast
9.92,34,Sống thiền,Sống thiền,vi,https://anchor.fm/s/64489f68/podcast/rss,https://podcasts.apple.com/vn/podcast/s%E1%BB%91ng-thi%E1%BB%81n/id1577041209?uo=4,https://www.facebook.com/songthiensongtudo
9.87,37,Giang ơi Radio,Giang ơi Radio,en,https://feeds.soundcloud.com/users/soundcloud:users:341012174/sounds.rss,https://podcasts.apple.com/us/podcast/giang-%C6%A1i-radio/id1547160191?uo=4,https://soundcloud.com/giangoi
9.85,32,Story Heal,Nhung Nguyen,vi,https://anchor.fm/s/70f38250/podcast/rss,https://podcasts.apple.com/vn/podcast/story-heal/id1598565137?uo=4,https://podcasters.spotify.com/pod/show/nhung-nguyen65
9.84,11,Lời Đức Tin,Lời Đức Tin,vi,https://anchor.fm/s/5b4281f4/podcast/rss,https://podcasts.apple.com/vn/podcast/l%E1%BB%9Di-%C4%91%E1%BB%A9c-tin/id1567814115?uo=4,https://loiductin.com/
9.82,44,Nhà của Di,Diệu,vi,https://anchor.fm/s/6b9f15bc/podcast/rss,https://podcasts.apple.com/vn/podcast/nh%C3%A0-c%E1%BB%A7a-di/id1587572646?uo=4,https://podcasters.spotify.com/pod/show/nhacuadi
9.8,25,"Giải Nghĩa và Bài Giảng Sách Khải Huyền - Thời kỳ của Antichrist, Sự Tuận Đạo, Sự Cất Lên và Vương Quốc Ngàn Năm Sắp Xảy Ra Không? ( I )",The New Life Mission,vi,https://feeds.castos.com/jd710,https://podcasts.apple.com/us/podcast/gi%E1%BA%A3i-ngh%C4%A9a-v%C3%A0-b%C3%A0i-gi%E1%BA%A3ng-s%C3%A1ch-kh%E1%BA%A3i-huy%E1%BB%81n-th%E1%BB%9Di-k%E1%BB%B3-c%E1%BB%A7a/id1658336626?uo=4,https://www.bjnewlife.org/vi/book/bookDetail.php?bidx=704&part=1
9.79,24,AzFin Việt Nam - Quản lý gia sản cho người Việt,AzFin Việt Nam,vi,https://anchor.fm/s/b5010684/podcast/rss,https://podcasts.apple.com/vn/podcast/azfin-vi%E1%BB%87t-nam-qu%E1%BA%A3n-l%C3%BD-gia-s%E1%BA%A3n-cho-ng%C6%B0%E1%BB%9Di-vi%E1%BB%87t/id1643479820?uo=4,https://podcasters.spotify.com/pod/show/t-do-ti-chnh-az
9.75,13,Quán ăn đêm,tinanhetic,vi,https://anchor.fm/s/66c3ca24/podcast/rss,https://podcasts.apple.com/vn/podcast/qu%C3%A1n-%C4%83n-%C4%91%C3%AAm/id1584859828?uo=4,https://linktr.ee/tinanhetic
9.72,73,Gỡ Rối Trái Tim,Tham Vấn Trị Liệu Tâm Lý,vi,https://anchor.fm/s/60646698/podcast/rss,https://podcasts.apple.com/us/podcast/g%E1%BB%A1-r%E1%BB%91i-tr%C3%A1i-tim/id1573207177?uo=4,https://goroitraitim.substack.com/
9.66,46,Sex Tips,SexEdu By Trang - Chăn Chuối Show,vi,https://anchor.fm/s/609f7c60/podcast/rss,https://podcasts.apple.com/us/podcast/sex-tips/id1573368297?uo=4,https://podcasters.spotify.com/pod/show/sex-tips
9.66,21,Tốt Hơn Mỗi Ngày,Quan Vo,vi,https://anchor.fm/s/657a3004/podcast/rss,https://podcasts.apple.com/vn/podcast/t%E1%BB%91t-h%C6%A1n-m%E1%BB%97i-ng%C3%A0y/id1578882887?uo=4,https://quanvm.com/
9.64,48,Chao Bí,chaorio,vi,https://anchor.fm/s/6b7b6568/podcast/rss,https://podcasts.apple.com/vn/podcast/chao-b%C3%AD/id1586747666?uo=4,https://podcasters.spotify.com/pod/show/chao-rio
9.61,52,Smart Money — đang đứng ở đâu ngay lúc này? XAUUSD đang ở đâu trong bức tranh lớn?,LAM RICH GOLD,vi,https://anchor.fm/s/113bc6614/podcast/rss,https://podcasts.apple.com/vn/podcast/smart-money-%C4%91ang-%C4%91%E1%BB%A9ng-%E1%BB%9F-%C4%91%C3%A2u-ngay-l%C3%BAc-n%C3%A0y-xauusd-%C4%91ang/id1896927312?uo=4,https://podcasters.spotify.com/pod/show/lam-rich-gold7
9.52,19,Giáo sư màu hồng,Giáo Sư Màu Hồng,vi,https://anchor.fm/s/45a028c4/podcast/rss,https://podcasts.apple.com/vn/podcast/gi%C3%A1o-s%C6%B0-m%C3%A0u-h%E1%BB%93ng/id1568011609?uo=4,https://podcasters.spotify.com/pod/show/tony-phu1ea1m
9.52,12,GenZ trải lòn,GenZ trải lòng,vi,https://anchor.fm/s/695073c8/podcast/rss,https://podcasts.apple.com/vn/podcast/genz-tr%E1%BA%A3i-l%C3%B2n/id1584821375?uo=4,https://huyentrangho.blogspot.com
9.43,20,Bien Khanh Huyen,Helen Bien,vi,https://anchor.fm/s/52bd6e7c/podcast/rss,https://podcasts.apple.com/vn/podcast/bien-khanh-huyen/id1562604930?uo=4,https://bienkhanhhuyen.blogspot.com/
9.42,31,Đạt Audio Diary,Đạt Đỗ,vi,https://anchor.fm/s/c6f61b40/podcast/rss,https://podcasts.apple.com/vn/podcast/%C4%91%E1%BA%A1t-audio-diary/id1657438815?uo=4,https://www.facebook.com/groups/1332282010931909
9.4,21,Tea with Tâm,Tea with Tâm,vi,https://anchor.fm/s/a384a17c/podcast/rss,https://podcasts.apple.com/vn/podcast/tea-with-t%C3%A2m/id1632727770?uo=4,https://podcasters.spotify.com/pod/show/teawithtam
9.4,53,Có Hẹn Cùng Trang,iammaitrang,vi,https://anchor.fm/s/31f28ca4/podcast/rss,https://podcasts.apple.com/vn/podcast/c%C3%B3-h%E1%BA%B9n-c%C3%B9ng-trang/id1529171504?uo=4,https://www.iammaitrang.com
9.34,34,VOH Radio Sức Khoẻ,VOH Radio Online,vi,https://anchor.fm/s/ed492a8/podcast/rss,https://podcasts.apple.com/vn/podcast/voh-radio-s%E1%BB%A9c-kho%E1%BA%BB/id1481813193?uo=4,https://voh.com.vn/
9.29,20,(Book) THONG THẢ ĐỌC SÁCH,Thong thả đọc sách,vi,https://anchor.fm/s/5ccbe3d0/podcast/rss,https://podcasts.apple.com/vn/podcast/book-thong-th%E1%BA%A3-%C4%91%E1%BB%8Dc-s%C3%A1ch/id1569966806?uo=4,https://podcasters.spotify.com/pod/show/thongthadocsach
9.27,55,Yêu Tiếng Việt,Thuong Tran,vi,https://anchor.fm/s/4e169830/podcast/rss,https://podcasts.apple.com/us/podcast/y%C3%AAu-ti%E1%BA%BFng-vi%E1%BB%87t/id1555057864?uo=4,https://podcasters.spotify.com/pod/show/yeu-tieng-viet
9.27,9,Cửu Bình – 9 Bài Bình Luận Về Đảng Cộng Sản,9truth,vi,http://rss.castbox.fm/everest/fa30316f66d4448f84cb0002fa2f1747.xml,https://podcasts.apple.com/us/podcast/c%E1%BB%ADu-b%C3%ACnh-9-b%C3%A0i-b%C3%ACnh-lu%E1%BA%ADn-v%E1%BB%81-%C4%91%E1%BA%A3ng-c%E1%BB%99ng-s%E1%BA%A3n/id1543106545?uo=4,https://castbox.fm/ch/3557866
9.27,9,Cửu bình - 9 bài bình luận về Đảng Cộng Sản,Cửu Bình,vi,https://anchor.fm/s/1c9bfef8/podcast/rss,https://podcasts.apple.com/us/podcast/c%E1%BB%ADu-b%C3%ACnh-9-b%C3%A0i-b%C3%ACnh-lu%E1%BA%ADn-v%E1%BB%81-%C4%91%E1%BA%A3ng-c%E1%BB%99ng-s%E1%BA%A3n/id1508261726?uo=4,https://podcasters.spotify.com/pod/show/cu-bnh
9.27,9,Cửu Bình : 9 Bài Bình Luận Về Đảng Cộng Sản,Vi.9video,vi,https://anchor.fm/s/42ad9fd4/podcast/rss,https://podcasts.apple.com/vn/podcast/c%E1%BB%ADu-b%C3%ACnh-9-b%C3%A0i-b%C3%ACnh-lu%E1%BA%ADn-v%E1%BB%81-%C4%91%E1%BA%A3ng-c%E1%BB%99ng-s%E1%BA%A3n/id1543108508?uo=4,https://vi.9video.net/nhung-cuon-sach-hay/
9.27,9,Cửu Bình – 9 Bài Bình Luận Về Đảng Cộng Sản,9Video,vi,https://anchor.fm/s/40555e98/podcast/rss,https://podcasts.apple.com/vn/podcast/c%E1%BB%ADu-b%C3%ACnh-9-b%C3%A0i-b%C3%ACnh-lu%E1%BA%ADn-v%E1%BB%81-%C4%91%E1%BA%A3ng-c%E1%BB%99ng-s%E1%BA%A3n/id1540824895?uo=4,https://vi.9video.net/nhung-cuon-sach-hay/
9.26,10,"Bình Luận Phím - một podcast bình luận về phim, game, xã hội!",Bình Luận Phím,vi,https://anchor.fm/s/67acb0cc/podcast/rss,https://podcasts.apple.com/us/podcast/b%C3%ACnh-lu%E1%BA%ADn-ph%C3%ADm-m%E1%BB%99t-podcast-b%C3%ACnh-lu%E1%BA%ADn-v%E1%BB%81-phim-game-x%C3%A3-h%E1%BB%99i/id1763554855?uo=4,https://podcasters.spotify.com/pod/show/binh-luan-phim
9.22,9,Cửu Bình – 9 Bài Bình Luận Về Đảng Cộng Sản,khaimo,en-us,http://rss.castbox.fm/everest/54887d2c29fd423f9aea13e052a10414.xml,https://podcasts.apple.com/us/podcast/c%E1%BB%ADu-b%C3%ACnh-9-b%C3%A0i-b%C3%ACnh-lu%E1%BA%ADn-v%E1%BB%81-%C4%91%E1%BA%A3ng-c%E1%BB%99ng-s%E1%BA%A3n/id1560759278?uo=4,https://castbox.fm/ch/3982226
9.17,50,Trò chuyện cùng Trần Quốc Phúc,Trần Quốc Phúc,vi,https://anchor.fm/s/693308ec/podcast/rss,https://podcasts.apple.com/vn/podcast/tr%C3%B2-chuy%E1%BB%87n-c%C3%B9ng-tr%E1%BA%A7n-qu%E1%BB%91c-ph%C3%BAc/id1584757911?uo=4,https://taovang.edu.vn
9.17,48,Bách Khoa Toàn Thư,Hoàng Minh Hiếu,vi,https://anchor.fm/s/1052a70f0/podcast/rss,https://podcasts.apple.com/vn/podcast/b%C3%A1ch-khoa-to%C3%A0n-th%C6%B0/id1821899724?uo=4,https://podcasters.spotify.com/pod/show/bachkhoatoanthu
9.14,32,Thuế và Bạn,SBS,vi,https://feeds.sbs.com.au/thue-va-ban,https://podcasts.apple.com/vn/podcast/thu%E1%BA%BF-v%C3%A0-b%E1%BA%A1n/id1819650797?uo=4,https://www.sbs.com.au/language/vietnamese/vi/podcast/thue-va-ban
9.09,254,Thiên Cơ - Podcast,Thiên Cơ,vi,https://thienco.vn/feed/podcast,https://podcasts.apple.com/vn/podcast/thi%C3%AAn-c%C6%A1-podcast/id6801880429?uo=4,https://thienco.vn
9.05,30,Sau Chia Tay,M. ĐỦNG ĐỈNH,vi,https://anchor.fm/s/103b96014/podcast/rss,https://podcasts.apple.com/us/podcast/sau-chia-tay/id1696567157?uo=4,https://podcasters.spotify.com/pod/show/hi-linh5
9.04,11,Chuyện Thanh Trà,Chuyện Thanh Trà,vi,https://anchor.fm/s/6f19b42c/podcast/rss,https://podcasts.apple.com/us/podcast/chuy%E1%BB%87n-thanh-tr%C3%A0/id1589673959?uo=4,https://podcasters.spotify.com/pod/show/chuyenthanhtra
9.0,7,Chuyện Làm Quen!,Huỳnh Cát Duy,vi,https://anchor.fm/s/6a9ccd6c/podcast/rss,https://podcasts.apple.com/us/podcast/chuy%E1%BB%87n-l%C3%A0m-quen/id1585279469?uo=4,https://podcasters.spotify.com/pod/show/chuyen-lam-quen-podcast
9.0,12,Read Like A Sloth,Minh Khôi & Mận Cơm,vi,https://anchor.fm/s/8461d864/podcast/rss,https://podcasts.apple.com/vn/podcast/read-like-a-sloth/id1613024049?uo=4,https://podcasters.spotify.com/pod/show/read-like-a-sloth
8.99,35,Shining Moon - Yêu những điều chưa hoàn hảo,Moon,vi,https://anchor.fm/s/6c3fc4e4/podcast/rss,https://podcasts.apple.com/vn/podcast/shining-moon-y%C3%AAu-nh%E1%BB%AFng-%C4%91i%E1%BB%81u-ch%C6%B0a-ho%C3%A0n-h%E1%BA%A3o/id1596088883?uo=4,https://moonlightmee.com/
8.97,9,Can we call?,Trà Giang,vi,https://anchor.fm/s/f436cd48/podcast/rss,https://podcasts.apple.com/vn/podcast/can-we-call/id1740263985?uo=4,https://podcasters.spotify.com/pod/show/can-we-call
8.96,43,Nguyễn Ngọc Tư,Kẻ Trộm Hương,vi,https://anchor.fm/s/fa222f2c/podcast/rss,https://podcasts.apple.com/us/podcast/nguy%E1%BB%85n-ng%E1%BB%8Dc-t%C6%B0/id1765970522?uo=4,https://podcasters.spotify.com/pod/show/k-trm-hng22
8.95,131,"VDI - Giải pháp tích hợp hệ thống, chuyển đổi số",VDI,vi,https://anchor.fm/s/de735850/podcast/rss,https://podcasts.apple.com/vn/podcast/vdi-gi%E1%BA%A3i-ph%C3%A1p-t%C3%ADch-h%E1%BB%A3p-h%E1%BB%87-th%E1%BB%91ng-chuy%E1%BB%83n-%C4%91%E1%BB%95i-s%E1%BB%91/id1682041163?uo=4,https://vdigital.vn/
8.92,49,Tư Duy Trù Phú,Tư duy Trù phú,vi,https://anchor.fm/s/f0102700/podcast/rss,https://podcasts.apple.com/vn/podcast/t%C6%B0-duy-tr%C3%B9-ph%C3%BA/id1725935282?uo=4,https://www.vietchualanh.vn/khoa-hoc-tu-duy-tru-phu
8.85,54,Tiệm bánh Tâm hồn,Xuan Ha,vi,https://anchor.fm/s/109525724/podcast/rss,https://podcasts.apple.com/vn/podcast/ti%E1%BB%87m-b%C3%A1nh-t%C3%A2m-h%E1%BB%93n/id1843406853?uo=4,https://podcasters.spotify.com/pod/show/tiembanhtamhon
8.83,34,Trần Hà Nam,Tran Nam,vi,https://anchor.fm/s/f0d968e0/podcast/rss,https://podcasts.apple.com/vn/podcast/tr%E1%BA%A7n-h%C3%A0-nam/id1726048795?uo=4,https://tranhanam.wordpess.com
8.75,134,Âm nhạc Trong Suốt,Trong Suốt,vi,https://rss.buzzsprout.com/1925529.rss,https://podcasts.apple.com/us/podcast/%C3%A2m-nh%E1%BA%A1c-trong-su%E1%BB%91t/id1767300641?uo=4,https://www.buzzsprout.com/1925529
8.7,26,Radio Tu Tập,Minh Tịnh Novada,vi,https://anchor.fm/s/6c20e178/podcast/rss,https://podcasts.apple.com/us/podcast/radio-tu-t%E1%BA%ADp/id1586515180?uo=4,https://novada.vn/
8.67,35,mineasyleben,Min,vi,https://anchor.fm/s/58c51388/podcast/rss,https://podcasts.apple.com/us/podcast/mineasyleben/id1571333592?uo=4,https://podcasters.spotify.com/pod/show/mineasyleben
8.65,17,WORLD WAR AGES - Chiến Tranh Thế Giới by Duy Nguyen,Duy Nguyen,vi,https://anchor.fm/s/10c893ffc/podcast/rss,https://podcasts.apple.com/vn/podcast/world-war-ages-chi%E1%BA%BFn-tranh-th%E1%BA%BF-gi%E1%BB%9Bi-by-duy-nguyen/id1859374458?uo=4,https://podcasters.spotify.com/pod/show/duy-nguyen-world-az3
8.62,18,Mmowriter - Freelancer - Chuyện nghề chưa ai kể.,Nguyet_Digi,vi-vi,https://anchor.fm/s/8afc0e24/podcast/rss,https://podcasts.apple.com/vn/podcast/mmowriter-freelancer-chuy%E1%BB%87n-ngh%E1%BB%81-ch%C6%B0a-ai-k%E1%BB%83/id1568669488?uo=4,http://mmowriter.com
8.62,20,Đức Thánh Linh Đấng ngự trong tơi - Một phương cách bảo đảm để bạn nhận lãnh Đức Thánh Linh,The New Life Mission,vi,https://feeds.castos.com/5x9n7,https://podcasts.apple.com/us/podcast/%C4%91%E1%BB%A9c-th%C3%A1nh-linh-%C4%91%E1%BA%A5ng-ng%E1%BB%B1-trong-t%C6%A1i-m%E1%BB%99t-ph%C6%B0%C6%A1ng-c%C3%A1ch-b%E1%BA%A3o/id1658240504?uo=4,https://www.bjnewlife.org/vi/book/bookDetail.php?bidx=701&part=1
8.61,55,Talk To Vivian,Vivian Vu,vi,https://anchor.fm/s/1074a1dcc/podcast/rss,https://podcasts.apple.com/us/podcast/talk-to-vivian/id1860856735?uo=4,https://vivianvibe.com
8.61,59,Chúc Bé Ngủ Ngon,Oneway Media,vi,https://anchor.fm/s/6c8f4154/podcast/rss,https://podcasts.apple.com/us/podcast/ch%C3%BAc-b%C3%A9-ng%E1%BB%A7-ngon/id1586951642?uo=4,https://www.oneway.vn
8.6,21,Tranquil,Tranquil,vi,https://anchor.fm/s/6612e628/podcast/rss,https://podcasts.apple.com/us/podcast/tranquil/id1581244336?uo=4,https://www.tamly.org
8.6,8,mở [ngoặc],EO Việt Nam,vi,https://anchor.fm/s/1081c54a4/podcast/rss,https://podcasts.apple.com/vn/podcast/m%E1%BB%9F-ngo%E1%BA%B7c/id1832016089?uo=4,https://podcasters.spotify.com/pod/show/eo-vit-nam
8.57,8,Trở về với Phúc Âm Của Nước và Thánh Linh,The New Life Mission,vi,https://feeds.castos.com/p42o7,https://podcasts.apple.com/vn/podcast/tr%E1%BB%9F-v%E1%BB%81-v%E1%BB%9Bi-ph%C3%BAc-%C3%A2m-c%E1%BB%A7a-n%C6%B0%E1%BB%9Bc-v%C3%A0-th%C3%A1nh-linh/id1658240542?uo=4,https://www.bjnewlife.org/vi/book/bookDetail.php?bidx=700&part=1
8.55,31,Acting notes - Lý Thu Uyên Acting coach,Ly Thu Uyen Acting coach,vi,https://anchor.fm/s/10d8491e0/podcast/rss,https://podcasts.apple.com/vn/podcast/acting-notes-l%C3%BD-thu-uy%C3%AAn-acting-coach/id1866466381?uo=4,https://www.youtube.com/@ltu.actingcoach
8.54,22,Danh Thuc Phep Mau,Nguyen Hoang Son,vi,https://anchor.fm/s/4a4aecec/podcast/rss,https://podcasts.apple.com/vn/podcast/danh-thuc-phep-mau/id1551453300?uo=4,https://danhthucphepmau.com
8.52,20,Dog World Plus | Đài tiếng nói thú cưng | The Pet Talkshow,Dog World Plus,vi,https://anchor.fm/s/e7697098/podcast/rss,https://podcasts.apple.com/vn/podcast/dog-world-plus-%C4%91%C3%A0i-ti%E1%BA%BFng-n%C3%B3i-th%C3%BA-c%C6%B0ng-the-pet-talkshow/id1713286917?uo=4,https://dogworldplus.com/
8.52,24,Lắp Rap,Vietcetera,vi,https://anchor.fm/s/1035e26f4/podcast/rss,https://podcasts.apple.com/vn/podcast/l%E1%BA%AFp-rap/id1605304633?uo=4,https://www.buzzsprout.com/1920297
8.51,11,Scoutaholic,Pathfinder Scouts Vietnam,vi,https://anchor.fm/s/612d8870/podcast/rss,https://podcasts.apple.com/vn/podcast/scoutaholic/id1573895430?uo=4,https://podcasters.spotify.com/pod/show/pathfinder-scouts-vietnam
8.49,46,HỌC TỤNG KINH PARITTA,MINH ĐĂNG PODCAST,vi,https://anchor.fm/s/10e4542c8/podcast/rss,https://podcasts.apple.com/us/podcast/h%E1%BB%8Dc-t%E1%BB%A5ng-kinh-paritta/id1871798270?uo=4,https://podcasters.spotify.com/pod/show/d-d-b3
8.45,48,"ÚM BA LA, THẾ GIỚI MỞ RA",Kiến thức bổ ích dành cho trẻ em từ 4 đến 12 tuổi,vi,https://anchor.fm/s/6e3dfd4c/podcast/rss,https://podcasts.apple.com/us/podcast/%C3%BAm-ba-la-th%E1%BA%BF-gi%E1%BB%9Bi-m%E1%BB%9F-ra/id1589033878?uo=4,https://podcasters.spotify.com/pod/show/umbalathegioimora
8.44,20,Không Gia Đình,Nguyễn Quang Minh,vi,https://anchor.fm/s/68ced4f8/podcast/rss,https://podcasts.apple.com/us/podcast/kh%C3%B4ng-gia-%C4%91%C3%ACnh/id1584369394?uo=4,https://podcasters.spotify.com/pod/show/nguyn-quang-minh
8.44,45,Trà đá cùng EKLO,Hang DO,vi,https://anchor.fm/s/20266be4/podcast/rss,https://podcasts.apple.com/vn/podcast/tr%C3%A0-%C4%91%C3%A1-c%C3%B9ng-eklo/id1515608519?uo=4,https://podcasters.spotify.com/pod/show/tradaeklo
8.44,59,Nghi thức cúng động thổ trong văn hóa người Việt,Đồ Cúng Tâm Linh,vi,https://anchor.fm/s/10afc1d30/podcast/rss,https://podcasts.apple.com/vn/podcast/nghi-th%E1%BB%A9c-c%C3%BAng-%C4%91%E1%BB%99ng-th%E1%BB%95-trong-v%C4%83n-h%C3%B3a-ng%C6%B0%E1%BB%9Di-vi%E1%BB%87t/id6788222253?uo=4,https://docungtamlinh.com.vn/bai-cung-dong-tho/
8.43,19,Y Radio,Coach Mai Anh,vi,https://anchor.fm/s/6d8da334/podcast/rss,https://podcasts.apple.com/vn/podcast/y-radio/id1588933843?uo=4,https://coachmaianh.com
8.42,66,Van Dam FPTU,FPT Edu,vi,https://anchor.fm/s/6f697750/podcast/rss,https://podcasts.apple.com/vn/podcast/van-dam-fptu/id1590174537?uo=4,https://www.facebook.com/VanDamFPTU
8.41,5,Ở Ngoài Hộp,Thái Tùng & HưngOver,vi,https://anchor.fm/s/3eb75730/podcast/rss,https://podcasts.apple.com/vn/podcast/%E1%BB%9F-ngo%C3%A0i-h%E1%BB%99p/id1539125099?uo=4,https://podcasters.spotify.com/pod/show/o-ngoai-hop
8.39,100,PHẠM HÀ HIỆP,PHẠM HÀ HIỆP,vi,https://anchor.fm/s/65fe31c4/podcast/rss,https://podcasts.apple.com/vn/podcast/ph%E1%BA%A1m-h%C3%A0-hi%E1%BB%87p/id1579724708?uo=4,https://podcasters.spotify.com/pod/show/phamhahiep
8.37,23,Nguyễn Đông Hưng,Nguyễn Đông Hưng,vi,https://anchor.fm/s/10ce484d4/podcast/rss,https://podcasts.apple.com/vn/podcast/nguy%E1%BB%85n-%C4%91%C3%B4ng-h%C6%B0ng/id1863637318?uo=4,https://drdonghung.vn/
8.36,34,CantoBooks — Sách tôi đọc cho con gái nghe | Sách nói kinh điển (Tiếng Việt),CantoBooks,vi,https://cantobooks.com/podcast/vi.xml,https://podcasts.apple.com/us/podcast/cantobooks-s%C3%A1ch-t%C3%B4i-%C4%91%E1%BB%8Dc-cho-con-g%C3%A1i-nghe-s%C3%A1ch-n%C3%B3i-kinh/id6797938008?uo=4,https://cantobooks.com/podcast/vi/
8.36,9,Paul C. Jong Phát Triển Thuộc Linh Loạt Bài 3 - Thư Giăng Thứ Nhất (I),The New Life Mission,vi,https://feeds.castos.com/qm9v1,https://podcasts.apple.com/vn/podcast/paul-c-jong-ph%C3%A1t-tri%E1%BB%83n-thu%E1%BB%99c-linh-lo%E1%BA%A1t-b%C3%A0i-3-th%C6%B0-gi%C4%83ng/id1671426006?uo=4,https://www.bjnewlife.org/vi/book/bookDetail.php?bidx=715&part=1&findLang=Vietnamese
8.35,7,LIBs Podcast,Nguyễn Nhật Thiên,vi,https://anchor.fm/s/112f0e9e4/podcast/rss,https://podcasts.apple.com/vn/podcast/libs-podcast/id1896814374?uo=4,https://podcasters.spotify.com/pod/show/nguyn-nht-thin
8.31,6,KINH TAM BẢO,Thầy Thích Trúc Thái Minh,vi,https://anchor.fm/s/eb6a8eac/podcast/rss,https://podcasts.apple.com/vn/podcast/kinh-tam-b%E1%BA%A3o/id1811925163?uo=4,https://thichtructhaiminh.com
8.31,35,F&B Innovation,Nhà Hàng Số,vi,https://anchor.fm/s/cf1acce4/podcast/rss,https://podcasts.apple.com/vn/podcast/f-b-innovation/id1656333616?uo=4,https://nhahangso.com/
8.3,13,Từ A đến Á- Giả định và Định giá,Nhóm Tâm lý học Ứng dụng,vi,https://feeds.redcircle.com/e8181177-808f-44ab-b46c-faf18c38c6ab,https://podcasts.apple.com/vn/podcast/t%E1%BB%AB-a-%C4%91%E1%BA%BFn-%C3%A1-gi%E1%BA%A3-%C4%91%E1%BB%8Bnh-v%C3%A0-%C4%91%E1%BB%8Bnh-gi%C3%A1/id1604843187?uo=4,https://redcircle.com/shows/froma2apodcast
8.29,20,WeTalk,WeTalk VietNam,vi,https://anchor.fm/s/7eea15b8/podcast/rss,https://podcasts.apple.com/us/podcast/wetalk/id1606878578?uo=4,https://podcasters.spotify.com/pod/show/wetalk-vietnam
8.28,35,Lơ Tha Lơ Thơ,Do Lam Anh,vi,https://anchor.fm/s/bef142bc/podcast/rss,https://podcasts.apple.com/us/podcast/l%C6%A1-tha-l%C6%A1-th%C6%A1/id1673306416?uo=4,https://podcasters.spotify.com/pod/show/do-lam-anh
8.28,10,Giao Mùa,Podcast Giao Mùa,vi,https://anchor.fm/s/e595168c/podcast/rss,https://podcasts.apple.com/vn/podcast/giao-m%C3%B9a/id1696922328?uo=4,https://podcasters.spotify.com/pod/show/podcastgiaomua
8.25,13,Minh Chân Tướng RADIO,Minh Chân Tướng - Radio,vi,https://anchor.fm/s/a89f9338/podcast/rss,https://podcasts.apple.com/us/podcast/minh-ch%C3%A2n-t%C6%B0%E1%BB%9Bng-radio/id1635035830?uo=4,https://podcasters.spotify.com/pod/show/minh-chn-tng---radio
8.24,16,Your Dear Friend,Xuân Mỹ,vi,https://anchor.fm/s/1014f0dd8/podcast/rss,https://podcasts.apple.com/us/podcast/your-dear-friend/id1825552888?uo=4,https://sweetiepiesugarbun.blogspot.com/
8.21,48,Genietalk,Tram nguyen,vi,https://anchor.fm/s/44350770/podcast/rss,https://podcasts.apple.com/vn/podcast/genietalk/id1544966433?uo=4,https://podcasters.spotify.com/pod/show/tram-nguyen24
8.15,28,An Garden,An Truong,vi,https://anchor.fm/s/66191fe8/podcast/rss,https://podcasts.apple.com/vn/podcast/an-garden/id1580854145?uo=4,https://antruong.net/
8.13,36,Time travel,hoaloprisonrelic,vi,https://anchor.fm/s/5fe101e0/podcast/rss,https://podcasts.apple.com/us/podcast/time-travel/id1572757750?uo=4,https://podcasters.spotify.com/pod/show/hoaloprisonrelic
8.12,25,MEET TO READ - JCI CENTRAL SAIGON,MEET TO READ - JCI CENTRAL SAIGON,en,https://anchor.fm/s/5bbda884/podcast/rss,https://podcasts.apple.com/vn/podcast/meet-to-read-jci-central-saigon/id1568231140?uo=4,https://podcasters.spotify.com/pod/show/meettoreadanchor
8.11,26,Pháp lý Riway,Pháp lý Riway,vi,https://anchor.fm/s/8aa54f80/podcast/rss,https://podcasts.apple.com/vn/podcast/ph%C3%A1p-l%C3%BD-riway/id1615172974?uo=4,https://phaplyriway.com/
8.09,9,Q.Coaching,Dương Thúy Quỳnh,vi,https://anchor.fm/s/667b454c/podcast/rss,https://podcasts.apple.com/vn/podcast/q-coaching/id1582302361?uo=4,https://duongthuyquynh.com
8.06,22,Pháp Môn Niệm Phật,Lotus,vi,https://anchor.fm/s/5a51de0c/podcast/rss,https://podcasts.apple.com/vn/podcast/ph%C3%A1p-m%C3%B4n-ni%E1%BB%87m-ph%E1%BA%ADt/id1567394759?uo=4,https://podcasters.spotify.com/pod/show/tqlotus
8.04,33,Thật Là Ngon Podcast,Team Thật Là Ngon,vi-vn,https://www.thatlangon.com/feed/podcast/that-la-ngon-podcast/,https://podcasts.apple.com/vn/podcast/th%E1%BA%ADt-l%C3%A0-ngon-podcast/id1504199284?uo=4,https://www.thatlangon.com/podcasts/that-la-ngon-podcast/
8.01,26,DU KÝ,Hoang Ngan,vi,https://anchor.fm/s/752d6a48/podcast/rss,https://podcasts.apple.com/vn/podcast/du-k%C3%BD/id1596550267?uo=4,https://duky4.wordpress.com/
8.0,62,Nắng,Nắng Podcast,vi,https://anchor.fm/s/65be56e4/podcast/rss,https://podcasts.apple.com/us/podcast/n%E1%BA%AFng/id1583987588?uo=4,https://nangpodcast.vn/
8.0,15,Chuyện Phiếm United,Chuyện Phiếm United,vi,https://anchor.fm/s/db909ea4/podcast/rss,https://podcasts.apple.com/us/podcast/chuy%E1%BB%87n-phi%E1%BA%BFm-united/id1678560410?uo=4,https://podcasters.spotify.com/pod/show/chuyenphiemunited
7.97,17,NHÀ,Kevin Duy Kiên,vi,https://anchor.fm/s/6a61e300/podcast/rss,https://podcasts.apple.com/vn/podcast/nh%C3%A0/id1748781217?uo=4,http://kevinduykien.wordpress.com
7.96,28,Ai Cũng Hiểu Luật,Hai Tran,vi,https://anchor.fm/s/10e4feb4c/podcast/rss,https://podcasts.apple.com/vn/podcast/ai-c%C5%A9ng-hi%E1%BB%83u-lu%E1%BA%ADt/id1896008430?uo=4,https://podcasters.spotify.com/pod/show/hai798
7.91,374,Phòng khám Da liễu Doctor Acnes,Doctor Acnes,vi,https://anchor.fm/s/f3b80184/podcast/rss,https://podcasts.apple.com/vn/podcast/ph%C3%B2ng-kh%C3%A1m-da-li%E1%BB%85u-doctor-acnes/id1736908369?uo=4,https://doctoracnes.com/
7.84,9,Gián's Random Thoughts,Internal Communications,vi,https://anchor.fm/s/7b154958/podcast/rss,https://podcasts.apple.com/vn/podcast/gi%C3%A1ns-random-thoughts/id1586359393?uo=4,https://podcasters.spotify.com/pod/show/gians-random-thoughts
7.83,16,Tự dạy con | Cha mẹ là thầy cô tốt nhất,Tudaycon.com,vi,https://anchor.fm/s/64233ea8/podcast/rss,https://podcasts.apple.com/vn/podcast/t%E1%BB%B1-d%E1%BA%A1y-con-cha-m%E1%BA%B9-l%C3%A0-th%E1%BA%A7y-c%C3%B4-t%E1%BB%91t-nh%E1%BA%A5t/id1578992939?uo=4,https://tudaycon.com/
7.82,33,Đọc Sách Viết Lách,Đọc Sách Viết Lách,vi,https://anchor.fm/s/69c12820/podcast/rss,https://podcasts.apple.com/vn/podcast/%C4%91o-c-sa-ch-vi%C3%AA-t-la-ch/id1585263021?uo=4,https://docsachvietlach.wixsite.com/docsachvietlach
7.78,31,Báo cáo tài chính,Trần Việt Trinh,vi,https://anchor.fm/s/55fa5104/podcast/rss,https://podcasts.apple.com/us/podcast/b%C3%A1o-c%C3%A1o-t%C3%A0i-ch%C3%ADnh/id1562368600?uo=4,https://podcasters.spotify.com/pod/show/tranviettrinh
7.77,10,ReMind,EO Việt Nam,vi,https://anchor.fm/s/108316344/podcast/rss,https://podcasts.apple.com/vn/podcast/remind/id1832443952?uo=4,https://podcasters.spotify.com/pod/show/eo-vit-nam7
7.77,24,Tạp chí Nữ Doanh Nhân - BusinessWoman Magazine,Tạp chí Nữ Doanh Nhân - BusinessWoman Magazine,vi,https://anchor.fm/s/65323da8/podcast/rss,https://podcasts.apple.com/vn/podcast/t%E1%BA%A1p-ch%C3%AD-n%E1%BB%AF-doanh-nh%C3%A2n-businesswoman-magazine/id1578903712?uo=4,https://nudoanhnhan.net/
7.77,50,Nhật ký của Jasmine,Vũ Thị Anh Nhài,vi,https://anchor.fm/s/5e381694/podcast/rss,https://podcasts.apple.com/vn/podcast/nh%E1%BA%ADt-k%C3%BD-c%E1%BB%A7a-jasmine/id1571924543?uo=4,https://podcasters.spotify.com/pod/show/vu-thi-anh-nhai
7.76,14,Chữa lành cùng Bố,Tada's,vi,https://feeds.transistor.fm/ch-a-lanh-cung-b,https://podcasts.apple.com/us/podcast/ch%E1%BB%AFa-l%C3%A0nh-c%C3%B9ng-b%E1%BB%91/id1853590900?uo=4,
7.76,20,SAMURICE's PODCAST,"Đạt ""SAMURICE"" Nguyễn",vi,https://anchor.fm/s/eaa7ac0c/podcast/rss,https://podcasts.apple.com/us/podcast/samurices-podcast/id1710731442?uo=4,https://podcasters.spotify.com/pod/show/samuriceaudio
7.75,35,Minh Quý Podcast - Kiếm tiền online và trải nghiệm cuộc sống,Nguyễn Minh Quý,vi,https://api.substack.com/feed/podcast/4178050.rss,https://podcasts.apple.com/us/podcast/minh-qu%C3%BD-podcast-ki%E1%BA%BFm-ti%E1%BB%81n-online-v%C3%A0-tr%E1%BA%A3i-nghi%E1%BB%87m-cu%E1%BB%99c-s%E1%BB%91ng/id1787826861?uo=4,https://blogminhquy.substack.com/podcast
7.73,57,Bài học cuộc sống - Lặng Radio,Bai hoc cuoc song - Lang Podcast,vi,https://anchor.fm/s/71d0f61c/podcast/rss,https://podcasts.apple.com/vn/podcast/b%C3%A0i-h%E1%BB%8Dc-cu%E1%BB%99c-s%E1%BB%91ng-l%E1%BA%B7ng-radio/id1583778405?uo=4,https://www.youtube.com/playlist?list=PL9jlUPeAbQMVLCRBG04Bx6xvb2NS7523h
7.73,16,Dang HNN Audio Book,Dang HNN,vi,https://anchor.fm/s/679b50c/podcast/rss,https://podcasts.apple.com/vn/podcast/dang-hnn-audio-book/id1434559056?uo=4,https://podcasters.spotify.com/pod/show/q-movie
7.72,7,Quãng Tám - Podcast Âm Nhạc,ADAM Muzic,vi-vi,https://anchor.fm/s/c9ab434c/podcast/rss,https://podcasts.apple.com/us/podcast/qu%C3%A3ng-t%C3%A1m-podcast-%C3%A2m-nh%E1%BA%A1c/id1676947901?uo=4,https://adammuzic.vn/podcast/
7.69,14,Chit Chat cùng Trang Hạ,Trang Ha Nguyen,vi,https://anchor.fm/s/44855d74/podcast/rss,https://podcasts.apple.com/us/podcast/chit-chat-c%C3%B9ng-trang-h%E1%BA%A1/id1546992811?uo=4,https://podcasters.spotify.com/pod/show/trang-ha-nguyen
7.69,49,Buddha Student,Buddha Student,vi,https://anchor.fm/s/106296fd8/podcast/rss,https://podcasts.apple.com/us/podcast/buddha-student/id1820639730?uo=4,https://buddhastudent.com
7.67,18,Kim Anh Insurance,Kim Anh Nguyen,vi,https://anchor.fm/s/565faf04/podcast/rss,https://podcasts.apple.com/us/podcast/kim-anh-insurance/id1562709735?uo=4,https://www.kimanhtx.com
7.63,27,Thêm Một Ngăn (One More Layer),Them Mot Ngan,vi,https://anchor.fm/s/54e0c668/podcast/rss,https://podcasts.apple.com/vn/podcast/th%C3%AAm-m%E1%BB%99t-ng%C4%83n-one-more-layer/id1561200653?uo=4,https://podcasters.spotify.com/pod/show/themmotngan
7.61,55,Tiếng Trung Thảo An Podcast,Tiếng Trung Thảo An,vi,https://anchor.fm/s/f3ad03d8/podcast/rss,https://podcasts.apple.com/us/podcast/ti%E1%BA%BFng-trung-th%E1%BA%A3o-an-podcast/id1736375017?uo=4,https://tiengtrungthaoan.edu.vn/
7.61,52,Bất động sản Hồng Hà - Chuyên bất động sản căn hộ cao cấp!,Bất động sản Hồng Hà - Chuyên bất động sản căn hộ cao cấp!,vi-vn,https://batdongsanhongha.com/feed/all-podcast.xml,https://podcasts.apple.com/vn/podcast/b%E1%BA%A5t-%C4%91%E1%BB%99ng-s%E1%BA%A3n-h%E1%BB%93ng-h%C3%A0-chuy%C3%AAn-b%E1%BA%A5t-%C4%91%E1%BB%99ng-s%E1%BA%A3n-c%C4%83n-h%E1%BB%99-cao-c%E1%BA%A5p/id1557399805?uo=4,https://batdongsanhongha.com/
7.61,10,Amazing Would Job,ZNews,vi,https://anchor.fm/s/f4e41700/podcast/rss,https://podcasts.apple.com/vn/podcast/amazing-would-job/id1741314730?uo=4,https://podcasters.spotify.com/pod/show/phan-nht
7.57,17,Woman of Vietnam,Woman of Vietnam,vi,https://anchor.fm/s/11176e154/podcast/rss,https://podcasts.apple.com/us/podcast/woman-of-vietnam/id1895017497?uo=4,https://podcasters.spotify.com/pod/show/nguyen-minh-phuong
7.52,30,Giáo Xứ Cao Xá,Giáo Xứ Cao Xá,vi,https://anchor.fm/s/52e6eb94/podcast/rss,https://podcasts.apple.com/vn/podcast/gi%C3%A1o-x%E1%BB%A9-cao-x%C3%A1/id1559671071?uo=4,https://podcasters.spotify.com/pod/show/giaoxucaoxa
7.48,27,To Hie Reading,To Hie,vi,https://anchor.fm/s/5d27c808/podcast/rss,https://podcasts.apple.com/us/podcast/to-hie-reading/id1571266047?uo=4,https://podcasters.spotify.com/pod/show/to-hie
7.48,25,JADIO - 360° NHẬT BẢN,Jadio,vi,https://rss.buzzsprout.com/2131364.rss,https://podcasts.apple.com/vn/podcast/jadio-360-nh%E1%BA%ADt-b%E1%BA%A3n/id1625636149?uo=4,https://www.jadio.net/
7.46,10,The Cryptoday Show,Cryptoday Việt Nam,vi,https://anchor.fm/s/a194bdd4/podcast/rss,https://podcasts.apple.com/us/podcast/the-cryptoday-show/id1669405092?uo=4,https://cryptoday.com
7.38,34,Chuyện Yêu Radio,Đinh Thái Sơn,vi,https://rss.buzzsprout.com/1938564.rss,https://podcasts.apple.com/us/podcast/chuy%E1%BB%87n-y%C3%AAu-radio/id1609729431?uo=4,https://seloman.vn
7.37,82,Đọc truyện cho bé,Đọc cùng Jennie và Lisa,vi,https://anchor.fm/s/73a307c8/podcast/rss,https://podcasts.apple.com/us/podcast/%C4%91%E1%BB%8Dc-truy%E1%BB%87n-cho-b%C3%A9/id1603390183?uo=4,https://podcasters.spotify.com/pod/show/jennielisa
7.37,9,SOI SÁNG THỰC TẠI (Sách nói),Thầy Viên Minh,vi,https://anchor.fm/s/106b8fa54/podcast/rss,https://podcasts.apple.com/vn/podcast/soi-s%C3%A1ng-th%E1%BB%B1c-t%E1%BA%A1i-s%C3%A1ch-n%C3%B3i/id1823520074?uo=4,http://trungtamhotong.org/
7.36,25,Philosophy 101,Philosophy 101,vi,https://anchor.fm/s/69e5b58c/podcast/rss,https://podcasts.apple.com/us/podcast/philosophy-101/id1585318799?uo=4,https://www.philosophy1101.com/
7.36,98,"NHATO Review - Kênh Nhà Đẹp, Thú Chơi Xa Xỉ",NHATO,vi,https://anchor.fm/s/102e82148/podcast/rss,https://podcasts.apple.com/vn/podcast/nhato-review-k%C3%AAnh-nh%C3%A0-%C4%91%E1%BA%B9p-th%C3%BA-ch%C6%A1i-xa-x%E1%BB%89/id1804519714?uo=4,https://nhatoreview.com/
7.35,21,Tóm Tắt Sách Cùng Tanya,Tóm Tắt Sách Cùng Tanya,vi,https://anchor.fm/s/390e2f34/podcast/rss,https://podcasts.apple.com/us/podcast/t%C3%B3m-t%E1%BA%AFt-s%C3%A1ch-c%C3%B9ng-tanya/id1534098461?uo=4,https://www.waves8.com
7.35,17,Tâm sự làm đẹp,Dr.Phúc Đinh,vi,https://anchor.fm/s/ee1a0bf0/podcast/rss,https://podcasts.apple.com/us/podcast/t%C3%A2m-s%E1%BB%B1-l%C3%A0m-%C4%91%E1%BA%B9p/id1719518969?uo=4,https://www.tamsulamdep.vn
7.35,71,HUYỀN DIỆU,HUYỀN DIỆU,vi,https://anchor.fm/s/5d9ed434/podcast/rss,https://podcasts.apple.com/vn/podcast/huy%E1%BB%81n-di%E1%BB%87u/id1571308622?uo=4,https://podcasters.spotify.com/pod/show/huyendieu
7.33,105,Định cư Canada ALLY,Định-cư-Canada Ally,vi,https://feed.ausha.co/NdqQgFGXazPG,https://podcasts.apple.com/vn/podcast/%C4%91%E1%BB%8Bnh-c%C6%B0-canada-ally/id1842378934?uo=4,https://podcast.ausha.co/dinh-cu-canada-ally
7.32,15,À la Show,Z Studio,vi,https://anchor.fm/s/ba2103a8/podcast/rss,https://podcasts.apple.com/us/podcast/%C3%A0-la-show/id1646355754?uo=4,https://www.youtube.com/@ZingPodcast
7.31,78,Tấc Đất Tấc Vàng - Chuyên gia Tài Chính và Bất Động Sản,Tấc Đất Tấc Vàng,vi,https://anchor.fm/s/39123fd4/podcast/rss,https://podcasts.apple.com/vn/podcast/t%E1%BA%A5c-%C4%91%E1%BA%A5t-t%E1%BA%A5c-v%C3%A0ng-chuy%C3%AAn-gia-t%C3%A0i-ch%C3%ADnh-v%C3%A0-b%E1%BA%A5t-%C4%91%E1%BB%99ng-s%E1%BA%A3n/id1492423127?uo=4,https://podcasters.spotify.com/pod/show/tac-dat-tac-vang
7.29,24,Học văn cô Hiền Lương,Bùi Thị Hiền Lương,vi,https://anchor.fm/s/5ca2c3b0/podcast/rss,https://podcasts.apple.com/vn/podcast/h%E1%BB%8Dc-v%C4%83n-c%C3%B4-hi%E1%BB%81n-l%C6%B0%C6%A1ng/id1569214453?uo=4,https://podcasters.spotify.com/pod/show/bi-th-hin-lng
7.26,23,Tích Truyện Pháp Cú,Nhìn Sâu Hiểu Thấu,vi,https://anchor.fm/s/102a6c9f0/podcast/rss,https://podcasts.apple.com/vn/podcast/t%C3%ADch-truy%E1%BB%87n-ph%C3%A1p-c%C3%BA/id1803242677?uo=4,https://podcasters.spotify.com/pod/show/tich-truyen-phap-cu
7.24,44,Pháp Âm Phật Học,Tinh Tấn,vi,https://anchor.fm/s/487a135c/podcast/rss,https://podcasts.apple.com/us/podcast/ph%C3%A1p-%C3%A2m-ph%E1%BA%ADt-h%E1%BB%8Dc/id1552593962?uo=4,https://podcasters.spotify.com/pod/show/phap-am-phat-hoc
7.22,19,Chiếu Chưa Trải Podcast,Hiki and Khôi Đeo Kính,vi,https://anchor.fm/s/6ba60c28/podcast/rss,https://podcasts.apple.com/vn/podcast/chi%E1%BA%BFu-ch%C6%B0a-tr%E1%BA%A3i-podcast/id1586458801?uo=4,https://podcasters.spotify.com/pod/show/cctpodcast
7.21,16,Truyện đêm muộn,Truyện đêm muộn,vi,https://anchor.fm/s/6a8ae69c/podcast/rss,https://podcasts.apple.com/us/podcast/truy%E1%BB%87n-%C4%91%C3%AAm-mu%E1%BB%99n/id1585846673?uo=4,https://podcasters.spotify.com/pod/show/hong-minh-hiu
7.21,52,Phật Pháp Vi Diệu,Phật Pháp Vi Diệu,vi,https://anchor.fm/s/a14dde78/podcast/rss,https://podcasts.apple.com/us/podcast/ph%E1%BA%ADt-ph%C3%A1p-vi-di%E1%BB%87u/id1646862664?uo=4,https://bio.site/mindfuldhamma
7.2,42,"Kể cho mẹ nghe, chuyện con ở Ý",Rosie Vu,vi,https://anchor.fm/s/4be817a0/podcast/rss,https://podcasts.apple.com/us/podcast/k%E1%BB%83-cho-m%E1%BA%B9-nghe-chuy%E1%BB%87n-con-%E1%BB%9F-%C3%BD/id1567153074?uo=4,https://podcasters.spotify.com/pod/show/thu-hong-vu
7.2,25,RADIO ĐẦU TƯ KHÁCH SẠN,Radio Đầu tư Khách sạn,vi,https://anchor.fm/s/da2b8768/podcast/rss,https://podcasts.apple.com/vn/podcast/radio-%C4%91%E1%BA%A7u-t%C6%B0-kh%C3%A1ch-s%E1%BA%A1n/id1675676188?uo=4,https://www.dautukhachsan.com
7.18,30,Làm Phim Một Mình,yoorifilm,vi,https://anchor.fm/s/5a6ed2f0/podcast/rss,https://podcasts.apple.com/us/podcast/l%C3%A0m-phim-m%E1%BB%99t-m%C3%ACnh/id1566978297?uo=4,https://yoorifilm.com/
7.16,9,Growth Insider - Podcast về Phát Triển Sự Nghiệp,Anh Thu Do,vi,https://anchor.fm/s/fa760994/podcast/rss,https://podcasts.apple.com/vn/podcast/growth-insider-podcast-v%E1%BB%81-ph%C3%A1t-tri%E1%BB%83n-s%E1%BB%B1-nghi%E1%BB%87p/id1765651479?uo=4,https://www.anhthudo.com
7.14,29,Hạnh Hoàng (Nghề định hướng),Hanh Hoang,vi,https://anchor.fm/s/5d7a04c4/podcast/rss,https://podcasts.apple.com/us/podcast/h%E1%BA%A1nh-ho%C3%A0ng-ngh%E1%BB%81-%C4%91%E1%BB%8Bnh-h%C6%B0%E1%BB%9Bng/id1570774738?uo=4,https://podcasters.spotify.com/pod/show/hoang-thi-hanh
7.13,11,Mắc Dịch,Gia Bảo & Phúc Duy,vi,https://anchor.fm/s/59139d64/podcast/rss,https://podcasts.apple.com/us/podcast/m%E1%BA%AFc-d%E1%BB%8Bch/id1567058907?uo=4,https://podcasters.spotify.com/pod/show/mac-dich
7.12,11,Trăm Năm Hư Vân Lão Hòa Thượng (HQ),leo_maccomic,vi,https://anchor.fm/s/11687b2e0/podcast/rss,https://podcasts.apple.com/us/podcast/tr%C4%83m-n%C4%83m-h%C6%B0-v%C3%A2n-l%C3%A3o-h%C3%B2a-th%C6%B0%E1%BB%A3ng-hq/id6805761588?uo=4,https://podcasters.spotify.com/pod/show/leo-maccomic79
7.12,159,La bàn Thời Sự,La bàn Thời sự,vi,https://anchor.fm/s/30d2631c/podcast/rss,https://podcasts.apple.com/vn/podcast/la-b%C3%A0n-th%E1%BB%9Di-s%E1%BB%B1/id1527475419?uo=4,https://podcasters.spotify.com/pod/show/labanthoisu
7.11,43,Tử vi 2023 phong thuỷ số,phongthuyso vn,vi,https://feeds.acast.com/public/shows/62e8a2d4d4055700126ee260,https://podcasts.apple.com/vn/podcast/t%E1%BB%AD-vi-2023-phong-thu%E1%BB%B7-s%E1%BB%91/id1652651511?uo=4,https://shows.acast.com/phong-thuy-so
7.1,44,Tám chuyện Bà Nội Trợ,Quynh Phan,vi,https://anchor.fm/s/69307398/podcast/rss,https://podcasts.apple.com/us/podcast/t%C3%A1m-chuy%E1%BB%87n-b%C3%A0-n%E1%BB%99i-tr%E1%BB%A3/id1584684441?uo=4,https://podcasters.spotify.com/pod/show/quynh-phan63
7.07,46,Óc Chó Chém Gió,Anh Hiệp Sĩ,vi,https://anchor.fm/s/600d3580/podcast/rss,https://podcasts.apple.com/vn/podcast/%C3%B3c-ch%C3%B3-ch%C3%A9m-gi%C3%B3/id1574155897?uo=4,https://podcasters.spotify.com/pod/show/occhochemgio
7.06,56,Tản Mạn Radio,Aly Ngan,vi,https://anchor.fm/s/675d8538/podcast/rss,https://podcasts.apple.com/us/podcast/t%E1%BA%A3n-m%E1%BA%A1n-radio/id1582502166?uo=4,https://alyngan.com/
7.05,76,Soi kèo bóng đá - Top Soi kèo,Top Soi Kèo,vi,https://anchor.fm/s/584c6f8c/podcast/rss,https://podcasts.apple.com/us/podcast/soi-k%C3%A8o-b%C3%B3ng-%C4%91%C3%A1-top-soi-k%C3%A8o/id1564856587?uo=4,https://topsoikeo.vip/
7.05,10,Vũ Cao Cường - Nhà Đào Tạo NLP giúp phát triển bản thân,Vũ Cao Cường & Waves,vi-vn,https://pinecast.com/feed/vu-cao-cuong,https://podcasts.apple.com/vn/podcast/v%C5%A9-cao-c%C6%B0%E1%BB%9Dng-nh%C3%A0-%C4%91%C3%A0o-t%E1%BA%A1o-nlp-gi%C3%BAp-ph%C3%A1t-tri%E1%BB%83n-b%E1%BA%A3n-th%C3%A2n/id1492438593?uo=4,https://waves8.com
7.04,49,Yêu và cưới - Phi Điệp Wedding,Phi Diep Wedding Team,vi,https://anchor.fm/s/58b4a930/podcast/rss,https://podcasts.apple.com/vn/podcast/y%C3%AAu-v%C3%A0-c%C6%B0%E1%BB%9Bi-phi-%C4%91i%E1%BB%87p-wedding/id1645656052?uo=4,https://phidiepwedding.com/
7.02,4,Ông Năm Vấn Đáp,Ong Nam van dap,vi,https://anchor.fm/s/4dee9b78/podcast/rss,https://podcasts.apple.com/vn/podcast/%C3%B4ng-n%C4%83m-v%E1%BA%A5n-%C4%91%C3%A1p/id1554928898?uo=4,http://ongnamvandap.com
7.0,11,Mi Tiên Vấn Đáp,Thầy Giới Nghiêm,vi,https://anchor.fm/s/fe4515b0/podcast/rss,https://podcasts.apple.com/us/podcast/mi-ti%C3%AAn-v%E1%BA%A5n-%C4%91%C3%A1p/id1782646582?uo=4,https://podcasters.spotify.com/pod/show/ping72
7.0,100,Phong thủy Chính Tông,WIFS,en,https://app.mysoundwise.com/rss/1658044072879s,https://podcasts.apple.com/vn/podcast/phong-th%E1%BB%A7y-ch%C3%ADnh-t%C3%B4ng/id1513022569?uo=4,https://mysoundwise.com/soundcasts/1658044072879s
6.99,41,Vũ Bích Thủy Audio Show,Vu Bich Thuy,vi,https://anchor.fm/s/1a77e22c/podcast/rss,https://podcasts.apple.com/vn/podcast/v%C5%A9-b%C3%ADch-th%E1%BB%A7y-audio-show/id1505466937?uo=4,https://podcasters.spotify.com/pod/show/vu-bich-thuy
6.97,9,Hạt Giống Emerald,Hạt giống Emerald,vi,https://anchor.fm/s/53872bcc/podcast/rss,https://podcasts.apple.com/us/podcast/h%E1%BA%A1t-gi%E1%BB%91ng-emerald/id1560526895?uo=4,https://podcasters.spotify.com/pod/show/hatgiongemerald
6.96,36,GIẢI MÃ NHỮNG VỤ TRỌNG ÁN,Báo Khánh Hòa,vi,https://anchor.fm/s/f8ebfef8/podcast/rss,https://podcasts.apple.com/us/podcast/gi%E1%BA%A3i-m%C3%A3-nh%E1%BB%AFng-v%E1%BB%A5-tr%E1%BB%8Dng-%C3%A1n/id1758107852?uo=4,https://baokhanhhoa.vn/
6.96,17,Thích Khải Thành,Thích Khải Thành,vi,https://anchor.fm/s/101296664/podcast/rss,https://podcasts.apple.com/us/podcast/th%C3%ADch-kh%E1%BA%A3i-th%C3%A0nh/id1804259784?uo=4,https://podcasters.spotify.com/pod/show/thichkhaithanh
6.96,10,ASA Podcast - From Scholars to Future-Shapers,AmCham Scholars,vi,https://anchor.fm/s/ec01d9ec/podcast/rss,https://podcasts.apple.com/vn/podcast/asa-podcast-from-scholars-to-future-shapers/id1739985734?uo=4,https://podcasters.spotify.com/pod/show/amcham-scholars
6.94,37,Mây kể chuyện,M.,vi,https://anchor.fm/s/5f9605c8/podcast/rss,https://podcasts.apple.com/us/podcast/m%C3%A2y-k%E1%BB%83-chuy%E1%BB%87n/id1572493207?uo=4,https://podcasters.spotify.com/pod/show/my-dang
6.94,22,Gen Z Tâm Sự,Trần Mạnh Ý,vi,https://anchor.fm/s/e36dc8f4/podcast/rss,https://podcasts.apple.com/vn/podcast/gen-z-t%C3%A2m-s%E1%BB%B1/id1691521813?uo=4,https://genztamsu.com
6.92,24,Tám Bít,Vietcetera,vi,https://anchor.fm/s/10365aa00/podcast/rss,https://podcasts.apple.com/us/podcast/t%C3%A1m-b%C3%ADt/id1605048700?uo=4,https://www.buzzsprout.com/1919662
6.9,18,XÀM XÀM by Wymlex Nguyen     TÔ ÚP EZ,TÔ ÚP EZ,vi,https://anchor.fm/s/263fc0ac/podcast/rss,https://podcasts.apple.com/vn/podcast/x%C3%A0m-x%C3%A0m-by-wymlex-nguyen-t%C3%B4-%C3%BAp-ez/id1519047101?uo=4,https://toupblog.wordpress.com
6.89,11,It's Happening - Một Podcast Về Khởi Nghiệp,Thanh Long Nguyen,vi,https://anchor.fm/s/1b04a680/podcast/rss,https://podcasts.apple.com/vn/podcast/its-happening-m%E1%BB%99t-podcast-v%E1%BB%81-kh%E1%BB%9Fi-nghi%E1%BB%87p/id1694853006?uo=4,https://thanhlongnguyen.com
6.87,38,Anh Chú Hướng Nghiệp,"Duong Tran, Harvard University",vi,https://anchor.fm/s/6d3acdbc/podcast/rss,https://podcasts.apple.com/vn/podcast/anh-ch%C3%BA-h%C6%B0%E1%BB%9Bng-nghi%E1%BB%87p/id1588753999?uo=4,https://www.anhchuhuongnghiep.com
6.86,11,LEGEND SCIENCE- Vĩ Nhân Khoa Học - vibe Duy Nguyen,Duy Nguyen,vi,https://anchor.fm/s/10c8ae3e8/podcast/rss,https://podcasts.apple.com/us/podcast/legend-science-v%C4%A9-nh%C3%A2n-khoa-h%E1%BB%8Dc-vibe-duy-nguyen/id1859439381?uo=4,https://podcasters.spotify.com/pod/show/duy-nguyen-world-az12
6.85,8,BizFF,Vietcetera,vi,https://anchor.fm/s/1035bd214/podcast/rss,https://podcasts.apple.com/us/podcast/bizff/id1745050461?uo=4,https://www.buzzsprout.com/2361765
6.82,46,Vietnam Corporate Governance,HMP Law Firm,en,https://anchor.fm/s/11163b264/podcast/rss,https://podcasts.apple.com/us/podcast/vietnam-corporate-governance/id1893218567?uo=4,https://podcasters.spotify.com/pod/show/hmp88
6.8,32,FM Talk,Phương Hạnh,vi,https://anchor.fm/s/6577ac44/podcast/rss,https://podcasts.apple.com/vn/podcast/fm-talk/id1584916859?uo=4,https://yellmow.wordpress.com/
6.78,9,Vua Truyện - King AudioBooks,KingAudioBooks,vi,http://rss.castbox.fm/everest/cf6a55eeffd944c09d05fb377af565cf.xml,https://podcasts.apple.com/vn/podcast/vua-truy%E1%BB%87n-king-audiobooks/id1517025287?uo=4,https://castbox.fm/ch/2961562
6.78,21,Sâu-đi-ô,Ngan Sau,vi,https://anchor.fm/s/128a42f8/podcast/rss,https://podcasts.apple.com/vn/podcast/s%C3%A2u-%C4%91i-%C3%B4/id1494753632?uo=4,https://ngansau.com
6.77,148,Phiêu nói Nhiều,Phiêu's Podcast,vi,https://anchor.fm/s/6add8f8c/podcast/rss,https://podcasts.apple.com/vn/podcast/phi%C3%AAu-n%C3%B3i-nhi%E1%BB%81u/id1586651257?uo=4,https://podcasters.spotify.com/pod/show/phiu-ni-nhiu
6.75,5,Trưởng Thành,Minh Niệm,vi,https://anchor.fm/s/112785bc8/podcast/rss,https://podcasts.apple.com/us/podcast/tr%C6%B0%C6%A1-ng-tha-nh/id1896581664?uo=4,https://podcasters.spotify.com/pod/show/minh-nim9
6.74,6,Phật giáo Việt Nam,Phật giáo Việt Nam,vi,https://anchor.fm/s/3777e188/podcast/rss,https://podcasts.apple.com/vn/podcast/ph%E1%BA%ADt-gi%C3%A1o-vi%E1%BB%87t-nam/id1532587182?uo=4,https://phatgiao.org.vn/
6.72,50,"Slowly Japanese: Real Life Japanese Conversations,Học tiếng Nhật qua Giao tiếp Thực tế",Kaohiong Toby,ja,https://anchor.fm/s/8e46b098/podcast/rss,https://podcasts.apple.com/vn/podcast/slowly-japanese-real-life-japanese-conversations-h%E1%BB%8Dc/id1617235713?uo=4,https://substack.com/@kaohiong
6.71,23,Trùm chăn buôn chuyện,Lam Linh,vi,https://anchor.fm/s/ebb5cad4/podcast/rss,https://podcasts.apple.com/us/podcast/tr%C3%B9m-ch%C4%83n-bu%C3%B4n-chuy%E1%BB%87n/id1721864776?uo=4,https://podcasters.spotify.com/pod/show/trumchanbuonchuyen
6.69,33,THƯ THẦY TRÒ (Sách nói),Thầy Viên Minh,vi,https://anchor.fm/s/106bfd248/podcast/rss,https://podcasts.apple.com/us/podcast/th%C6%B0-th%E1%BA%A7y-tr%C3%B2-s%C3%A1ch-n%C3%B3i/id1823618417?uo=4,http://trungtamhotong.org/
6.69,47,Vũ Phượng_Trạm Di Trú,Vũ Phượng_Trạm Di Trú,vi,https://anchor.fm/s/106629ee8/podcast/rss,https://podcasts.apple.com/vn/podcast/v%C5%A9-ph%C6%B0%E1%BB%A3ng-tr%E1%BA%A1m-di-tr%C3%BA/id1822241498?uo=4,https://podcasters.spotify.com/pod/show/v-phng-trm-di-tr
6.69,84,Đồ Cúng Tâm Linh,Đồ Cúng Tâm Linh,vi,https://anchor.fm/s/102dc4c60/podcast/rss,https://podcasts.apple.com/vn/podcast/%C4%91%E1%BB%93-c%C3%BAng-t%C3%A2m-linh/id1845031439?uo=4,https://docungtamlinh.com.vn/
6.66,15,Khi Em Lớn,KeL,vi,https://anchor.fm/s/6ec13838/podcast/rss,https://podcasts.apple.com/us/podcast/khi-em-l%E1%BB%9Bn/id1589600365?uo=4,https://podcasters.spotify.com/pod/show/khi-em-ln
6.66,16,Money Mom Sharing,Lê Phương Thanh,vi,https://anchor.fm/s/d6ec9588/podcast/rss,https://podcasts.apple.com/us/podcast/money-mom-sharing/id1669433694?uo=4,https://moneymomsharing.com/
6.64,10,Học tập cùng Lê Nghĩa,Lê Nghĩa,vi,https://anchor.fm/s/95a3493c/podcast/rss,https://podcasts.apple.com/us/podcast/h%E1%BB%8Dc-t%E1%BA%ADp-c%C3%B9ng-l%C3%AA-ngh%C4%A9a/id1622743104?uo=4,https://podcasters.spotify.com/pod/show/l-ngha
6.63,86,Đặc Sản Nam Định,Đặc sản Thành Nam,vi,https://dacsanthanhnam.com/feed/podcast/dac-san-nam-dinh/,https://podcasts.apple.com/vn/podcast/%C4%91%E1%BA%B7c-s%E1%BA%A3n-nam-%C4%91%E1%BB%8Bnh/id1581266653?uo=4,https://dacsanthanhnam.com/series/dac-san-nam-dinh/
6.62,22,Radio Hiểu Con - Yêu Con,Em Be Hanh Phuc,vi,https://anchor.fm/s/6aa025ac/podcast/rss,https://podcasts.apple.com/us/podcast/radio-hi%E1%BB%83u-con-y%C3%AAu-con/id1586750134?uo=4,https://embehanhphuc.vn/
6.62,45,Bài Giảng Hằng Tuần,Mater Dei Radio,en,https://feeds.captivate.fm/bi-ging-hng-tun/,https://podcasts.apple.com/vn/podcast/b%C3%A0i-gi%E1%BA%A3ng-h%E1%BA%B1ng-tu%E1%BA%A7n/id1708104608?uo=4,https://bi-ging-hng-tun.captivate.fm
6.61,70,Samori - Máy Đóng Gói Cao Cấp,Samori,vi-vn,https://samori.vn/podcast.xml,https://podcasts.apple.com/us/podcast/samori-m%C3%A1y-%C4%91%C3%B3ng-g%C3%B3i-cao-c%E1%BA%A5p/id1887876399?uo=4,https://samori.vn/
6.6,34,Bác sĩ Hoàng Quyết Tiến - ECO Pharma,ECO Pharma,vi,https://anchor.fm/s/104bfe208/podcast/rss,https://podcasts.apple.com/vn/podcast/b%C3%A1c-s%C4%A9-ho%C3%A0ng-quy%E1%BA%BFt-ti%E1%BA%BFn-eco-pharma/id1813844725?uo=4,https://ecopharma.com.vn/chuyen-gia/hoang-quyet-tien/
6.56,17,Yogavi,Trang Vi,vi,https://anchor.fm/s/5c1eb8f4/podcast/rss,https://podcasts.apple.com/us/podcast/yogavi/id1569175478?uo=4,https://podcasters.spotify.com/pod/show/yogavi
6.56,108,MIT IU Podcast,IU MIT,vi,https://anchor.fm/s/5e3a96d0/podcast/rss,https://podcasts.apple.com/us/podcast/mit-iu-podcast/id1571256109?uo=4,https://podcasters.spotify.com/pod/show/iu-mit
6.54,11,Bát Mù Tạt or bad Moustaché,badMoustaché,vi,https://anchor.fm/s/7a73e16c/podcast/rss,https://podcasts.apple.com/vn/podcast/b%C3%A1t-m%C3%B9-t%E1%BA%A1t-or-bad-moustach%C3%A9/id1601112898?uo=4,https://bit.ly/bmst-fb
6.5,62,THT Vietnam Holdings - For a Better Life,THT Việt Nam Holdings,vi,https://anchor.fm/s/10bec3e3c/podcast/rss,https://podcasts.apple.com/vn/podcast/tht-vietnam-holdings-for-a-better-life/id1855824830?uo=4,https://thtvietnam.com.vn/
6.48,13,"""Hãy bắt đầu với Trứng!"" - Podcast về Nhiếp ảnh Ẩm Thực",Duc Bui,vi,https://anchor.fm/s/64460ff0/podcast/rss,https://podcasts.apple.com/us/podcast/h%C3%A3y-b%E1%BA%AFt-%C4%91%E1%BA%A7u-v%E1%BB%9Bi-tr%E1%BB%A9ng-podcast-v%E1%BB%81-nhi%E1%BA%BFp-%E1%BA%A3nh-%E1%BA%A9m-th%E1%BB%B1c/id1577474140?uo=4,https://www.imducbui.com
6.47,10,Hỏi Queer Khỏi Quê - EnQueery,EnQueery,vi,https://anchor.fm/s/7be9561c/podcast/rss,https://podcasts.apple.com/vn/podcast/h%E1%BB%8Fi-queer-kh%E1%BB%8Fi-qu%C3%AA-enqueery/id1602952505?uo=4,https://podcasters.spotify.com/pod/show/enqueery
6.47,14,The Alley of Broken Dreams - Con Hẻm Của Những Giấc Mơ Tan Vỡ,ADB,vi,https://anchor.fm/s/6a808e2c/podcast/rss,https://podcasts.apple.com/vn/podcast/the-alley-of-broken-dreams-con-h%E1%BA%BBm-c%E1%BB%A7a-nh%E1%BB%AFng-gi%E1%BA%A5c-m%C6%A1-tan-v%E1%BB%A1/id1585875825?uo=4,https://podcasters.spotify.com/pod/show/alleyofbrokendreams
6.46,30,Be Simple,Cường Dizi,vi,https://anchor.fm/s/5e5ae714/podcast/rss,https://podcasts.apple.com/us/podcast/be-simple/id1572179335?uo=4,https://besimple.life/
6.46,24,Cơm áo gạo tiền và giấc mơ khởi nghiệp,Ngo Minh Hai,vi,https://anchor.fm/s/5d718948/podcast/rss,https://podcasts.apple.com/vn/podcast/c%C6%A1m-%C3%A1o-g%E1%BA%A1o-ti%E1%BB%81n-v%C3%A0-gi%E1%BA%A5c-m%C6%A1-kh%E1%BB%9Fi-nghi%E1%BB%87p/id1570494252?uo=4,https://podcasters.spotify.com/pod/show/ngo-minh-hai
6.43,67,Cuộc đời là phần thưởng,Trong Suốt,vi,https://rss.buzzsprout.com/1925534.rss,https://podcasts.apple.com/us/podcast/cu%E1%BB%99c-%C4%91%E1%BB%9Di-l%C3%A0-ph%E1%BA%A7n-th%C6%B0%E1%BB%9Fng/id1608178102?uo=4,https://www.buzzsprout.com/1925534
6.41,14,Truyện ngắn,Nghe Kể,vi,https://anchor.fm/s/108621354/podcast/rss,https://podcasts.apple.com/us/podcast/truy%E1%BB%87n-ng%E1%BA%AFn/id1833727223?uo=4,https://podcasters.spotify.com/pod/show/ltt9
6.41,17,Vietnam Creative Education,By Embassy Education,vi,https://anchor.fm/s/700bd0a4/podcast/rss,https://podcasts.apple.com/vn/podcast/vietnam-creative-education/id1590754808?uo=4,https://podcasters.spotify.com/pod/show/vn-creative-education
6.41,9,Talk with Tito || Trò chuyện cùng Ninh Tito,Ninh Tito,vi,https://anchor.fm/s/6df88d20/podcast/rss,https://podcasts.apple.com/vn/podcast/talk-with-tito-tr%C3%B2-chuy%E1%BB%87n-c%C3%B9ng-ninh-tito/id1588538317?uo=4,https://ninhtito.com
6.4,163,Viện nâng mũi Topnose,Dr Phương Trần,vi-vn,https://topnose.vn/podcast.xml,https://podcasts.apple.com/vn/podcast/vi%E1%BB%87n-n%C3%A2ng-m%C5%A9i-topnose/id1627425305?uo=4,https://topnose.vn/
6.39,18,Một Phần Trăm Podcast,Một Phần Trăm Podcast,vi,https://rss.buzzsprout.com/2633866.rss,https://podcasts.apple.com/vn/podcast/m%E1%BB%99t-ph%E1%BA%A7n-tr%C4%83m-podcast/id1879279838?uo=4,https://motphantram.buzzsprout.com
6.38,19,Hà My Yoga,Lê Hà My,vi,https://anchor.fm/s/671602f8/podcast/rss,https://podcasts.apple.com/vn/podcast/h%C3%A0-my-yoga/id1581167373?uo=4,https://www.hamy.yoga/
6.38,8,Méo Hỏi Han,Méo,vi,https://anchor.fm/s/dbeeb7b4/podcast/rss,https://podcasts.apple.com/vn/podcast/m%C3%A9o-h%E1%BB%8Fi-han/id1675757966?uo=4,https://podcasters.spotify.com/pod/show/lm-thanh
6.37,35,Pronexus - Cố vấn tài chính gia đình,Pronexus,vi,https://anchor.fm/s/3a7067ac/podcast/rss,https://podcasts.apple.com/vn/podcast/pronexus-c%E1%BB%91-v%E1%BA%A5n-t%C3%A0i-ch%C3%ADnh-gia-%C4%91%C3%ACnh/id1535711475?uo=4,https://podcasters.spotify.com/pod/show/pronexus
6.33,14,Nhật Ký Tôi và Hàn Quốc,vielifepodcast,vi,https://anchor.fm/s/7da6c8e0/podcast/rss,https://podcasts.apple.com/vn/podcast/nh%E1%BA%ADt-k%C3%BD-t%C3%B4i-v%C3%A0-h%C3%A0n-qu%E1%BB%91c/id1605389177?uo=4,https://podcasters.spotify.com/pod/show/nht-k-ti-v-hn-quc
6.31,58,Big Talks,Big Talks,vi,https://anchor.fm/s/640481e8/podcast/rss,https://podcasts.apple.com/us/podcast/big-talks/id1576571825?uo=4,https://podcasters.spotify.com/pod/show/bigfun
6.29,13,Thiền Buông Thư cùng Soul,Soul,vi,https://anchor.fm/s/5ed10174/podcast/rss,https://podcasts.apple.com/us/podcast/thi%E1%BB%81n-bu%C3%B4ng-th%C6%B0-c%C3%B9ng-soul/id1572322177?uo=4,https://podcasters.spotify.com/pod/show/thienbuongthucungsoul
6.28,25,Văn Radio,tvan,vi,https://anchor.fm/s/6b83b9d4/podcast/rss,https://podcasts.apple.com/vn/podcast/v%C4%83n-radio/id1586820206?uo=4,https://www.facebook.com/tinhvan.tran.5667?mibextid=LQQJ4d
6.26,23,CON ĐƯỜNG HẠNH PHÚC (Sách nói),Thầy Viên Minh,vi,https://anchor.fm/s/fb20f250/podcast/rss,https://podcasts.apple.com/us/podcast/con-%C4%91%C6%B0%E1%BB%9Dng-h%E1%BA%A1nh-ph%C3%BAc-s%C3%A1ch-n%C3%B3i/id1768727221?uo=4,http://trungtamhotong.org/
6.26,30,Lum's House,Nguyen Thuy Trang,vi,https://anchor.fm/s/5c38dfe0/podcast/rss,https://podcasts.apple.com/vn/podcast/lums-house/id1568972304?uo=4,https://podcasters.spotify.com/pod/show/nguyen-thuy-trang
6.25,17,DAVIS TRUYEN Digital Psychology and Persuasion,Davis Truyen,vi,https://anchor.fm/s/d9a72a4/podcast/rss,https://podcasts.apple.com/us/podcast/davis-truyen-digital-psychology-and-persuasion/id1493979737?uo=4,https://contentmaster.davistruyen.com/
6.25,12,Mục Đích Cuối Cùng Của Chủ Nghĩa Cộng Sản,Mục Đích Cuối Cùng Của Chủ Nghĩa Cộng Sản,vi,https://anchor.fm/s/1c9b4e04/podcast/rss,https://podcasts.apple.com/vn/podcast/m%E1%BB%A5c-%C4%91%C3%ADch-cu%E1%BB%91i-c%C3%B9ng-c%E1%BB%A7a-ch%E1%BB%A7-ngh%C4%A9a-c%E1%BB%99ng-s%E1%BA%A3n/id1508238820?uo=4,https://podcasters.spotify.com/pod/show/mc-ch-cui-cng-ca-ch-ngha-cng-sn
6.24,6,Vỉa hè 3.0 - Những chia sẻ của người trưởng thành,Kha Nguyen,vi,https://anchor.fm/s/ff9552a4/podcast/rss,https://podcasts.apple.com/vn/podcast/v%E1%BB%89a-h%C3%A8-3-0-nh%E1%BB%AFng-chia-s%E1%BA%BB-c%E1%BB%A7a-ng%C6%B0%E1%BB%9Di-tr%C6%B0%E1%BB%9Fng-th%C3%A0nh/id1788744503?uo=4,https://podcasters.spotify.com/pod/show/viahe30
6.24,27,Totto - Chan đi Debate,Totto - Chan đi Debate,vi,https://anchor.fm/s/6621fb18/podcast/rss,https://podcasts.apple.com/vn/podcast/totto-chan-%C4%91i-debate/id1580052314?uo=4,https://podcasters.spotify.com/pod/show/tottochandidebate
6.23,11,MONEY LIFE - Kinh Tế Toàn Cầu - BĐS - Sai Lầm Tuổi Trẻ vibe Duy Nguyen,Duy Nguyen,vi,https://anchor.fm/s/10c8aea28/podcast/rss,https://podcasts.apple.com/us/podcast/money-life-kinh-t%E1%BA%BF-to%C3%A0n-c%E1%BA%A7u-b%C4%91s-sai-l%E1%BA%A7m-tu%E1%BB%95i-tr%E1%BA%BB-vibe/id1859439971?uo=4,https://podcasters.spotify.com/pod/show/duy-nguyen-world-az4
6.23,69,Letters That I Never Send,Thao Nguyen,vi,https://anchor.fm/s/159144ec/podcast/rss,https://podcasts.apple.com/us/podcast/letters-that-i-never-send/id1503031647?uo=4,https://linktr.ee/Thaornguyeen
6.21,20,27 Vui hết sảy!,Pham Lam Duy Anh,vi,https://anchor.fm/s/5fdcca30/podcast/rss,https://podcasts.apple.com/vn/podcast/27-vui-h%E1%BA%BFt-s%E1%BA%A3y/id1572804568?uo=4,https://podcasters.spotify.com/pod/show/pham-lam-duy-anh
6.2,38,Phương Trang đang lớn,Phương Trang Nguyễn Đức,vi,https://anchor.fm/s/76d244f4/podcast/rss,https://podcasts.apple.com/vn/podcast/ph%C6%B0%C6%A1ng-trang-%C4%91ang-l%E1%BB%9Bn/id1597939472?uo=4,https://www.facebook.com/blogcuachangtracy
6.19,28,Bookiee - Sách là niềm vui,Bookiee - Sách là niềm vui,vi,https://anchor.fm/s/69bfea8c/podcast/rss,https://podcasts.apple.com/vn/podcast/bookiee-s%C3%A1ch-l%C3%A0-ni%E1%BB%81m-vui/id1585207088?uo=4,https://bookiee.org
6.19,8,Tương Cà,Tương Cà,vi,https://anchor.fm/s/dac2bf84/podcast/rss,https://podcasts.apple.com/vn/podcast/t%C6%B0%C6%A1ng-c%C3%A0/id1676959797?uo=4,https://podcasters.spotify.com/pod/show/tng-c
6.17,19,Đọc sách với NV Linh,Nguyen Viet Linh,vi,https://anchor.fm/s/12633a00/podcast/rss,https://podcasts.apple.com/vn/podcast/%C4%91%E1%BB%8Dc-s%C3%A1ch-v%E1%BB%9Bi-nv-linh/id1630807809?uo=4,https://podcasters.spotify.com/pod/show/nguyen-viet-linh
6.17,15,Điểm Podcast,Nhã Nhi,vi,https://anchor.fm/s/681389b4/podcast/rss,https://podcasts.apple.com/vn/podcast/%C4%91i%E1%BB%83m-podcast/id1573084653?uo=4,https://podcasters.spotify.com/pod/show/diempod
6.16,19,P.O.D Playlist,ShopBase,vi,https://anchor.fm/s/7e926548/podcast/rss,https://podcasts.apple.com/us/podcast/p-o-d-playlist/id1606339699?uo=4,https://www.shopbase.com/
6.16,13,Tiếng hót Chick Chòe,Hoàng Nhật,vi,https://anchor.fm/s/b3e9ca24/podcast/rss,https://podcasts.apple.com/vn/podcast/ti%E1%BA%BFng-h%C3%B3t-chick-ch%C3%B2e/id1642652189?uo=4,https://linktr.ee/chickchoe
6.16,20,Hạnh Phúc Hay Bất An?,Thanh Hiên,vi,https://anchor.fm/s/e29041a0/podcast/rss,https://podcasts.apple.com/vn/podcast/h%E1%BA%A1nh-ph%C3%BAc-hay-b%E1%BA%A5t-an/id1725654407?uo=4,https://open.spotify.com/show/4lZWkAT1cwu6YW7IO2LpJY
6.14,22,Thành công bền vững cùng cơ hội KD Herbalife,Ngọc Thọ Vũ (Happy to help),vi,https://anchor.fm/s/1124a0bec/podcast/rss,https://podcasts.apple.com/vn/podcast/th%C3%A0nh-c%C3%B4ng-b%E1%BB%81n-v%E1%BB%AFng-c%C3%B9ng-c%C6%A1-h%E1%BB%99i-kd-herbalife/id1648230049?uo=4,https://podcasters.spotify.com/pod/show/ngc-th-v-happy-to-help
6.13,34,Vietnamese Christian Podcast,VietChristian.com,vi,https://vietchristian.com/pod.asp,https://podcasts.apple.com/us/podcast/vietnamese-christian-podcast/id1106132261?uo=4,https://vietchristian.com/podcast/
6.13,6,Chuyện trò Gác SEF,Sustainable Entrepreneurship Fellowship,vi,https://anchor.fm/s/7955b2ec/podcast/rss,https://podcasts.apple.com/vn/podcast/chuy%E1%BB%87n-tr%C3%B2-g%C3%A1c-sef/id1600920679?uo=4,https://podcasters.spotify.com/pod/show/sustainable-entrepreneurship-fellowship
6.12,16,Hà Nắng Podcast,Lê Ngân Hà,vi,https://anchor.fm/s/da3788d8/podcast/rss,https://podcasts.apple.com/us/podcast/h%C3%A0-n%E1%BA%AFng-podcast/id1669440287?uo=4,https://podcasters.spotify.com/pod/show/l-ngn-h
6.12,6,Tâm Lý Học Tội Phạm - Phác Họa Chân Dung Kẻ Phạm Tội,PPcv,vi,https://anchor.fm/s/10627e938/podcast/rss,https://podcasts.apple.com/us/podcast/t%C3%A2m-l%C3%BD-h%E1%BB%8Dc-t%E1%BB%99i-ph%E1%BA%A1m-ph%C3%A1c-h%E1%BB%8Da-ch%C3%A2n-dung-k%E1%BA%BB-ph%E1%BA%A1m-t%E1%BB%99i/id1820609351?uo=4,https://podcasters.spotify.com/pod/show/fbi-united-states9
6.12,12,Một Ngày Bình Thường,Leo,vi,https://anchor.fm/s/6c110a64/podcast/rss,https://podcasts.apple.com/vn/podcast/m%E1%BB%99t-ng%C3%A0y-b%C3%ACnh-th%C6%B0%E1%BB%9Dng/id1586467208?uo=4,https://podcasters.spotify.com/pod/show/motngaybinhthuong
6.1,12,FIN14 - Rèn con dùng tiền,TS. Võ Đình Trí - Lê Hoàng Linh,vi,https://anchor.fm/s/ec834e8c/podcast/rss,https://podcasts.apple.com/vn/podcast/fin14-r%C3%A8n-con-d%C3%B9ng-ti%E1%BB%81n/id1715251352?uo=4,https://podcasters.spotify.com/pod/show/finforteens
6.09,25,Quý Somsen Lab,Quý Somsen Lab,vi,https://anchor.fm/s/10193dc4c/podcast/rss,https://podcasts.apple.com/us/podcast/qu%C3%BD-somsen-lab/id1800468259?uo=4,https://podcasters.spotify.com/pod/show/qu-somsen-lab
6.09,40,Những điều bình thường,Những điều bình thường,vi,https://anchor.fm/s/67020050/podcast/rss,https://podcasts.apple.com/vn/podcast/nh%E1%BB%AFng-%C4%91i%E1%BB%81u-b%C3%ACnh-th%C6%B0%E1%BB%9Dng/id1632995078?uo=4,https://soundcloud.com/nhungngaytadasong?utm_source=clipboard&utm_medium=text&utm_campaign=social_sharing
6.07,7,Soul Coach's Choice,Soul Coach,en,https://anchor.fm/s/8685d460/podcast/rss,https://podcasts.apple.com/us/podcast/soul-coachs-choice/id1614024427?uo=4,https://linktr.ee/soulcoachvn
6.06,9,Chuyện Khởi Nghiệp,Nhật Anh & Quốc Trung,vi,https://anchor.fm/s/3d1b05ac/podcast/rss,https://podcasts.apple.com/us/podcast/chuy%E1%BB%87n-kh%E1%BB%9Fi-nghi%E1%BB%87p/id1537584723?uo=4,https://www.facebook.com/chuyen.khoi.nghiep.podcast
6.06,16,12A1 KỂ,12A1 KỂ Project,vi,https://anchor.fm/s/29f13884/podcast/rss,https://podcasts.apple.com/us/podcast/12a1-k%E1%BB%83/id1522095704?uo=4,https://podcasters.spotify.com/pod/show/12a1-ke-project
6.06,9,THIỀN PHẬT GIÁO - NGUYÊN THỦY và PHÁT TRIỂN (Sách nói),Thầy Viên Minh,vi,https://anchor.fm/s/10348c2c8/podcast/rss,https://podcasts.apple.com/us/podcast/thi%E1%BB%81n-ph%E1%BA%ADt-gi%C3%A1o-nguy%C3%AAn-th%E1%BB%A7y-v%C3%A0-ph%C3%A1t-tri%E1%BB%83n-s%C3%A1ch-n%C3%B3i/id1806628839?uo=4,http://trungtamhotong.org/
6.05,13,Hà Khuất Podcast,Hà,vi,https://anchor.fm/s/79fefba4/podcast/rss,https://podcasts.apple.com/vn/podcast/h%C3%A0-khu%E1%BA%A5t-podcast/id1601477361?uo=4,https://podcasters.spotify.com/pod/show/h-khut4
6.03,38,Vanila Hài Hước!,VANILA VOICE,vi,https://anchor.fm/s/5de8f910/podcast/rss,https://podcasts.apple.com/us/podcast/vanila-h%C3%A0i-h%C6%B0%E1%BB%9Bc/id1570888854?uo=4,https://podcasters.spotify.com/pod/show/vani-podcast9
6.03,28,Ê nói nghe nè,enoinghene,vi,https://anchor.fm/s/606bfc64/podcast/rss,https://podcasts.apple.com/vn/podcast/%C3%AA-n%C3%B3i-nghe-n%C3%A8/id1573229315?uo=4,https://enoinghene.wordpress.com/
6.01,27,Ban Công Chiều Thứ 7,Han Lena,vi,https://www.spreaker.com/show/6267295/episodes/feed,https://podcasts.apple.com/us/podcast/ban-co-ng-chie-u-thu-7/id1763244299?uo=4,https://www.spreaker.com/podcast/ban-cong-chieu-thu-7--6267295
6.01,10,Đi Một Ngày Đàng Podcast,Di Mot Ngay Dang Podcast,vi,https://anchor.fm/s/aa7a2f38/podcast/rss,https://podcasts.apple.com/vn/podcast/%C4%91i-m%E1%BB%99t-ng%C3%A0y-%C4%91%C3%A0ng-podcast/id1655481452?uo=4,https://linktr.ee/dmndpodcast
6.0,9,Tánh Đàn Bà,Chi Nguyễn & Như Trần,vi,https://anchor.fm/s/673bd370/podcast/rss,https://podcasts.apple.com/vn/podcast/t%C3%A1nh-%C4%91%C3%A0n-b%C3%A0/id1581255543?uo=4,https://podcasters.spotify.com/pod/show/nhu-chi-tdb
5.98,77,Chuyện Làm Tech,Atekco,vi,https://atekco.io/podcast-rss.xml,https://podcasts.apple.com/us/podcast/chuy%E1%BB%87n-l%C3%A0m-tech/id1798403092?uo=4,https://atekco.io
5.98,13,Mục đích cuối cùng của Chủ Nghĩa Cộng Sản,9truth,en-us,http://rss.castbox.fm/everest/ac0ec3ccf7b344bda3f2f2d947824b3b.xml,https://podcasts.apple.com/us/podcast/m%E1%BB%A5c-%C4%91%C3%ADch-cu%E1%BB%91i-c%C3%B9ng-c%E1%BB%A7a-ch%E1%BB%A7-ngh%C4%A9a-c%E1%BB%99ng-s%E1%BA%A3n/id1543521183?uo=4,https://castbox.fm/ch/3580585
5.98,16,Anh thợ Marketing tâm lý @phunghailongst,Phùng Hải Long,vi,https://anchor.fm/s/78c829b8/podcast/rss,https://podcasts.apple.com/vn/podcast/anh-th%E1%BB%A3-marketing-t%C3%A2m-l%C3%BD-phunghailongst/id1599914900?uo=4,https://www.tiktok.com/@phunghailongst
5.98,8,Mục đích cuối cùng của Chủ Nghĩa Cộng Sản,Vi.Clip108,vi,https://anchor.fm/s/4302c518/podcast/rss,https://podcasts.apple.com/vn/podcast/m%E1%BB%A5c-%C4%91%C3%ADch-cu%E1%BB%91i-c%C3%B9ng-c%E1%BB%A7a-ch%E1%BB%A7-ngh%C4%A9a-c%E1%BB%99ng-s%E1%BA%A3n/id1543586655?uo=4,https://vi.clip108.top/nhung-cuon-sach-hay-nen-xem/
5.98,8,Mục đích cuối cùng của Chủ Nghĩa Cộng Sản,9Truth,vi,https://anchor.fm/s/407e0f64/podcast/rss,https://podcasts.apple.com/vn/podcast/m%E1%BB%A5c-%C4%91%C3%ADch-cu%E1%BB%91i-c%C3%B9ng-c%E1%BB%A7a-ch%E1%BB%A7-ngh%C4%A9a-c%E1%BB%99ng-s%E1%BA%A3n/id1540915108?uo=4,https://vi.9truth.net/nhung-cuon-sach-hay/
5.96,8,Gen Zì Học Zữ?,Zung Zăng Zung Zẻ,vi,https://anchor.fm/s/b393becc/podcast/rss,https://podcasts.apple.com/vn/podcast/gen-z%C3%AC-h%E1%BB%8Dc-z%E1%BB%AF/id1671779044?uo=4,https://podcasters.spotify.com/pod/show/zung-z-zung-zng
5.95,41,Nha sĩ học bài,VMOG - Radio 4 Dental,vi,https://anchor.fm/s/6a9a8f98/podcast/rss,https://podcasts.apple.com/vn/podcast/nha-s%C4%A9-h%E1%BB%8Dc-b%C3%A0i/id1586576887?uo=4,https://vmog.vn
5.88,17,Âm thanh của Tri Thức,hadong,vi,https://anchor.fm/s/fe6690c8/podcast/rss,https://podcasts.apple.com/vn/podcast/%C3%A2m-thanh-c%E1%BB%A7a-tri-th%E1%BB%A9c/id1782689798?uo=4,https://podcasters.spotify.com/pod/show/hadong
5.88,31,là bí mật . is secret,là bí mật Is Secret,vi,https://anchor.fm/s/722d7b44/podcast/rss,https://podcasts.apple.com/vn/podcast/l%C3%A0-b%C3%AD-m%E1%BA%ADt-is-secret/id1593071491?uo=4,https://labimat.blogspot.com
5.87,6,Cửa Tiệm Những Lá Thư,Duc Huy,vi,https://anchor.fm/s/67822438/podcast/rss,https://podcasts.apple.com/vn/podcast/c%E1%BB%ADa-ti%E1%BB%87m-nh%E1%BB%AFng-l%C3%A1-th%C6%B0/id1583274006?uo=4,https://www.facebook.com/anotherhuy/
5.84,32,Boi Ngoc Mentor,Bội Ngọc,en-us,https://media.rss.com/boingocmentor/feed.xml,https://podcasts.apple.com/vn/podcast/boi-ngoc-mentor/id1603182088?uo=4,https://rss.com/podcasts/boingocmentor
5.84,17,Radio Uống Trà Cùng GrapeSEED,GrapeSEED Vietnam,vi,https://anchor.fm/s/5f037d48/podcast/rss,https://podcasts.apple.com/vn/podcast/radio-u%E1%BB%91ng-tr%C3%A0-c%C3%B9ng-grapeseed/id1571948631?uo=4,https://podcasters.spotify.com/pod/show/grapeseed-vietnam
5.84,16,Trần Trọng Đức Podcast,Trần Trọng Đức,vi,https://anchor.fm/s/69c4edc/podcast/rss,https://podcasts.apple.com/vn/podcast/tr%E1%BA%A7n-tr%E1%BB%8Dng-%C4%91%E1%BB%A9c-podcast/id1434898024?uo=4,https://trantrongduc.com
5.83,31,Hướng nghiệp và Việc làm với Khanh Trần,Khanh Tran CEO VIJA Link,vi,https://anchor.fm/s/f2310b30/podcast/rss,https://podcasts.apple.com/vn/podcast/h%C6%B0%E1%BB%9Bng-nghi%E1%BB%87p-v%C3%A0-vi%E1%BB%87c-l%C3%A0m-v%E1%BB%9Bi-khanh-tr%E1%BA%A7n/id1731330933?uo=4,https://vjl.com.vn
5.82,16,XT6 PODCAST - LƯƠNG XUÂN TRƯỜNG,Lương Xuân Trường,vi,https://anchor.fm/s/ee662080/podcast/rss,https://podcasts.apple.com/us/podcast/xt6-podcast-l%C6%B0%C6%A1ng-xu%C3%A2n-tr%C6%B0%E1%BB%9Dng/id1723483645?uo=4,https://podcasters.spotify.com/pod/show/lng-xun-trng
5.82,19,Tâm Sự Cùng ZUKA,Tâm Sự Cùng Zuka,vi,https://anchor.fm/s/698b5790/podcast/rss,https://podcasts.apple.com/vn/podcast/t%C3%A2m-s%E1%BB%B1-c%C3%B9ng-zuka/id1584880022?uo=4,https://www.facebook.com/truongdoiofficial
5.79,17,Phong thủy Nguyễn Hoàng Radio,Nguyen Hoang,vi,https://anchor.fm/s/657a771c/podcast/rss,https://podcasts.apple.com/vn/podcast/phong-th%E1%BB%A7y-nguy%E1%BB%85n-ho%C3%A0ng-radio/id1584360502?uo=4,https://phongthuynguyenhoang.com/
5.78,35,Luật sư Trung Podcast,Trung Nguyen,vi,https://anchor.fm/s/f661f0e8/podcast/rss,https://podcasts.apple.com/vn/podcast/lu%E1%BA%ADt-s%C6%B0-trung-podcast/id1751248500?uo=4,https://podcasters.spotify.com/pod/show/lstrung
5.76,143,Giá Cà Phê Hôm Nay - Thị trường giá cà phê mới nhất | Gạo Phương Nam,Gạo Phương Nam,vi,https://anchor.fm/s/10c61d110/podcast/rss,https://podcasts.apple.com/us/podcast/gi%C3%A1-c%C3%A0-ph%C3%AA-h%C3%B4m-nay-th%E1%BB%8B-tr%C6%B0%E1%BB%9Dng-gi%C3%A1-c%C3%A0-ph%C3%AA-m%E1%BB%9Bi-nh%E1%BA%A5t-g%E1%BA%A1o-ph%C6%B0%C6%A1ng-nam/id1861359767?uo=4,https://gaophuongnam.vn/gia-ca-phe-hom-nay
5.75,17,Gắn ‘đạo’ với ‘đời’,Athena @ Pháp môn Tự mình,vi,https://anchor.fm/s/784e2438/podcast/rss,https://podcasts.apple.com/vn/podcast/g%E1%BA%AFn-%C4%91%E1%BA%A1o-v%E1%BB%9Bi-%C4%91%E1%BB%9Di/id1599402739?uo=4,Facebook.com/hanhtrinhanyen.net
5.74,12,Nha sĩ hội quán,VMOG - Radio 4 Dental,vi,https://anchor.fm/s/6cb81804/podcast/rss,https://podcasts.apple.com/vn/podcast/nha-s%C4%A9-h%E1%BB%99i-qu%C3%A1n/id1590099919?uo=4,https://podcasters.spotify.com/pod/show/nha-si-hoi-quan
5.73,20,Trại Cải Tạo Giấc Ngủ,Trại Cải Tạo Giấc Ngủ,vi,https://anchor.fm/s/b4b3ea48/podcast/rss,https://podcasts.apple.com/us/podcast/tr%E1%BA%A1i-c%E1%BA%A3i-t%E1%BA%A1o-gi%E1%BA%A5c-ng%E1%BB%A7/id1644576362?uo=4,https://lnk.bio/traicaitaogiacngu
5.72,9,Chuyện Nhảm Nhí,Làm Vì Đam Mê,vi,https://anchor.fm/s/32509d80/podcast/rss,https://podcasts.apple.com/vn/podcast/chuy%E1%BB%87n-nh%E1%BA%A3m-nh%C3%AD/id1546421097?uo=4,https://podcasters.spotify.com/pod/show/lvdm
5.7,23,Talk TV – Gặp Gỡ Du Học Sinh Việt Nam,Lê Khánh Quyên,vi,https://anchor.fm/s/10b146408/podcast/rss,https://podcasts.apple.com/vn/podcast/talk-tv-g%E1%BA%B7p-g%E1%BB%A1-du-h%E1%BB%8Dc-sinh-vi%E1%BB%87t-nam/id1852775846?uo=4,https://tuyen-sinh.vn/
5.68,12,Mắt Trí Tuệ podcast,Mắt Trí Tuệ podcast,vi,https://anchor.fm/s/1026a937c/podcast/rss,https://podcasts.apple.com/us/podcast/m%E1%BA%AFt-tr%C3%AD-tu%E1%BB%87-podcast/id1802829626?uo=4,https://podcasters.spotify.com/pod/show/mt-tr-tu-podcast
5.67,47,Hoàng Nam Podcast,Hoàng Nam,vi,https://feed.firstory.me/rss/user/cmppi81ss01lq01yxe6gt9lxl,https://podcasts.apple.com/us/podcast/ho%C3%A0ng-nam-podcast/id6788594826?uo=4,https://open.firstory.me/user/cmppi81ss01lq01yxe6gt9lxl
5.66,27,Letters Podcast,Hoài Thư,vi,https://anchor.fm/s/6b63df88/podcast/rss,https://podcasts.apple.com/vn/podcast/letters-podcast/id1586502958?uo=4,https://podcasters.spotify.com/pod/show/hoaithuw
5.62,17,Go Go Đi Đâu,Trần Mỹ Duyên,vi,https://anchor.fm/s/5bf71ac4/podcast/rss,https://podcasts.apple.com/vn/podcast/go-go-%C4%91i-%C4%91%C3%A2u/id1568531870?uo=4,https://podcasters.spotify.com/pod/show/trn-m-duyn
5.61,25,Tuyến Metro Số 0,Tư Mệnh Sư,vi,https://gocdoctruyen.vn/podcast/tuyen-metro-so-0/rss.xml,https://podcasts.apple.com/vn/podcast/tuy%E1%BA%BFn-metro-s%E1%BB%91-0/id1896887985?uo=4,https://gocdoctruyen.vn/truyen/tuyen-metro-so-0
5.61,17,ĐÊM ĐẦY SAO,Xuân Quỳnh Trần,vi,https://anchor.fm/s/d890c328/podcast/rss,https://podcasts.apple.com/vn/podcast/%C4%91%C3%AAm-%C4%91%E1%BA%A7y-sao/id1671728843?uo=4,https://podcasters.spotify.com/pod/show/trn-th-xun-qunh
5.58,31,ConverCast - Bui Quang Tinh Tu,Bui Quang Tinh Tu,vi,https://anchor.fm/s/11b68fa8/podcast/rss,https://podcasts.apple.com/vn/podcast/convercast-bui-quang-tinh-tu/id1573367252?uo=4,https://conversion.vn
5.57,10,TUYỂN TẬP THƯ THẦY (Sách nói),Thầy Viên Minh,vi,https://anchor.fm/s/106bf75b4/podcast/rss,https://podcasts.apple.com/vn/podcast/tuy%E1%BB%83n-t%E1%BA%ADp-th%C6%B0-th%E1%BA%A7y-s%C3%A1ch-n%C3%B3i/id1823607729?uo=4,http://trungtamhotong.org/
5.56,10,THIỀN CHUYỆN MIÊN MAN,Hochiminh Meditation,vi,https://anchor.fm/s/6be07d7c/podcast/rss,https://podcasts.apple.com/vn/podcast/thi%E1%BB%81n-chuy%E1%BB%87n-mi%C3%AAn-man/id1587291588?uo=4,https://podcasters.spotify.com/pod/show/hochiminh-meditation
5.54,37,ThủyAmie Podcast,ThủyAmie,vi,https://anchor.fm/s/d374b890/podcast/rss,https://podcasts.apple.com/vn/podcast/th%E1%BB%A7yamie-podcast/id1657967640?uo=4,https://podcasters.spotify.com/pod/show/thuyamypodcast
5.53,6,Đen Đá Không Đường Podcast,Hoang Anh Tuan,vi,https://anchor.fm/s/fbfcda04/podcast/rss,https://podcasts.apple.com/vn/podcast/%C4%91en-%C4%91a-kh%C3%B4ng-%C4%91%C6%B0%C6%A1-ng-podcast/id1776936106?uo=4,https://podcasters.spotify.com/pod/show/dendakhongduongpodcast
5.52,17,Mọt Sách,Mọt Sách by Maybe Podcast,vi,https://anchor.fm/s/702b8ae8/podcast/rss,https://podcasts.apple.com/vn/podcast/m%E1%BB%8Dt-s%C3%A1ch/id1590822847?uo=4,https://podcasters.spotify.com/pod/show/motsachpodcast
5.51,17,VAC Radio,No name,vi,https://anchor.fm/s/e6bb218c/podcast/rss,https://podcasts.apple.com/us/podcast/vac-radio/id1701235091?uo=4,https://podcasters.spotify.com/pod/show/nguyn-b-tn
5.5,9,Soul Solution Podcast,Soul Solution,vi,https://anchor.fm/s/6142d6bc/podcast/rss,https://podcasts.apple.com/us/podcast/soul-solution-podcast/id1580285253?uo=4,http://soul-solution.com/
5.5,6,Người Bình Thường Làm Podcast,Người Bình Thường Làm Podcast,vi,https://anchor.fm/s/67ac3368/podcast/rss,https://podcasts.apple.com/vn/podcast/ng%C6%B0%E1%BB%9Di-b%C3%ACnh-th%C6%B0%E1%BB%9Dng-l%C3%A0m-podcast/id1584974336?uo=4,https://podcasters.spotify.com/pod/show/nguoibinhthuonglampodcast
5.49,6,Hashtag Vietnam - Những người trẻ khởi nghiệp,Hashtag Business Vietnam,vi,https://anchor.fm/s/97ce8190/podcast/rss,https://podcasts.apple.com/us/podcast/hashtag-vietnam-nh%E1%BB%AFng-ng%C6%B0%E1%BB%9Di-tr%E1%BA%BB-kh%E1%BB%9Fi-nghi%E1%BB%87p/id1625665781?uo=4,https://podcasters.spotify.com/pod/show/hashtag-vietnam
5.48,5,Chuyện Phiếm Chuyện Phim,SPECTRE,vi,https://anchor.fm/s/6dfa7694/podcast/rss,https://podcasts.apple.com/vn/podcast/chuy%E1%BB%87n-phi%E1%BA%BFm-chuy%E1%BB%87n-phim/id1589761801?uo=4,https://podcasters.spotify.com/pod/show/spectrecinema
5.47,12,Tán chuyện hẹn hò,Vũ Nguyệt Ánh Rudicaf,vi,https://anchor.fm/s/52802a1c/podcast/rss,https://podcasts.apple.com/us/podcast/t%C3%A1n-chuy%E1%BB%87n-h%E1%BA%B9n-h%C3%B2/id1559584874?uo=4,www.rudicaf.com
5.47,43,LRG TRADER TÂM SỰ,LAM RICH GOLD,vi,https://anchor.fm/s/113cf9cd4/podcast/rss,https://podcasts.apple.com/vn/podcast/lrg-trader-t%C3%A2m-s%E1%BB%B1/id1896934633?uo=4,https://podcasters.spotify.com/pod/show/lam-rich-gold5
5.47,10,Thai Ha Books,Thai Ha Books,vi-vn,https://pinecast.com/feed/thai-ha-books,https://podcasts.apple.com/vn/podcast/thai-ha-books/id1515662531?uo=4,https://waves8.com
5.45,22,Kể mình nghe 🤍,Trịnh Ngọc Hải,vi,https://anchor.fm/s/858d4520/podcast/rss,https://podcasts.apple.com/vn/podcast/k%E1%BB%83-m%C3%ACnh-nghe/id1613012698?uo=4,https://podcasters.spotify.com/pod/show/trnh-ngc-hi
5.45,20,Nhìn Kỹ! Thấy Rõ!,Sáng Books,vi,https://anchor.fm/s/1045714bc/podcast/rss,https://podcasts.apple.com/vn/podcast/nh%C3%ACn-k%E1%BB%B9-th%E1%BA%A5y-r%C3%B5/id1812285725?uo=4,https://podcasters.spotify.com/pod/show/sang-books-nhinkythayro
5.42,11,Podcast của Hà,Ha Pham,en,https://anchor.fm/s/4714be68/podcast/rss,https://podcasts.apple.com/vn/podcast/podcast-c%E1%BB%A7a-h%C3%A0/id1548031167?uo=4,https://podcasters.spotify.com/pod/show/ha-pham-thi-ngoc
5.42,9,Trà Đá Đi,Make Believe Show,vi,https://anchor.fm/s/e3021a8c/podcast/rss,https://podcasts.apple.com/vn/podcast/tr%C3%A0-%C4%91%C3%A1-%C4%91i/id1691240821?uo=4,https://podcasters.spotify.com/pod/show/tra-da-di
5.4,6,OM Chatting,Beinks Viet Nam,vi,https://anchor.fm/s/6eb78694/podcast/rss,https://podcasts.apple.com/vn/podcast/om-chatting/id1589231976?uo=4,https://podcasters.spotify.com/pod/show/om-chatting
5.4,19,Trungducbr - Đọc Sách Cùng Bạn,Lê Trung Đức,vi,https://anchor.fm/s/260e94c8/podcast/rss,https://podcasts.apple.com/vn/podcast/trungducbr-%C4%91%E1%BB%8Dc-s%C3%A1ch-c%C3%B9ng-b%E1%BA%A1n/id1518476642?uo=4,https://trungducbr.com
5.38,47,Chuyện về những mảnh ghép,Éo,vi,https://anchor.fm/s/45ba77ec/podcast/rss,https://podcasts.apple.com/vn/podcast/chuy%E1%BB%87n-v%E1%BB%81-nh%E1%BB%AFng-m%E1%BA%A3nh-gh%C3%A9p/id1546626231?uo=4,https://chuyennhungmanhghep.wordpress.com
5.37,124,Nhật Minh Laptop,Nhật Minh Laptop,vi-vn,https://nhatminhlaptop.com/podcast,https://podcasts.apple.com/vn/podcast/nh%E1%BA%ADt-minh-laptop/id1636443401?uo=4,https://nhatminhlaptop.com
5.36,20,Trạm cảm xúc,Kim Tin Group,vi,https://anchor.fm/s/67f43820/podcast/rss,https://podcasts.apple.com/us/podcast/tr%E1%BA%A1m-c%E1%BA%A3m-x%C3%BAc/id1583291574?uo=4,https://podcasters.spotify.com/pod/show/kim-tin-group
5.33,27,Yêu Lành Mạnh,Dương Minh Thông,vi,https://anchor.fm/s/454496f8/podcast/rss,https://podcasts.apple.com/us/podcast/y%C3%AAu-l%C3%A0nh-m%E1%BA%A1nh/id1546173305?uo=4,https://yeulanhmanh.wordpress.com/
5.3,7,Review Sách Hay Mới Nhất,Review Sách Hay Mới Nhất,vi,https://anchor.fm/s/5d95c5d8/podcast/rss,https://podcasts.apple.com/us/podcast/review-s%C3%A1ch-hay-m%E1%BB%9Bi-nh%E1%BA%A5t/id1570649564?uo=4,https://shorten.asia/JqQshwDX
5.28,5,Truyện Kinh Dị Lúc Nửa Đêm,waves8Scary,vi,https://anchor.fm/s/e959a58/podcast/rss,https://podcasts.apple.com/us/podcast/truy%E1%BB%87n-kinh-d%E1%BB%8B-l%C3%BAc-n%E1%BB%ADa-%C4%91%C3%AAm/id1483895479?uo=4,https://podcasters.spotify.com/pod/show/truyenkinhdi
5.26,43,5 phút học làm cha mẹ,Kim Chi,vi,https://anchor.fm/s/9b654a8c/podcast/rss,https://podcasts.apple.com/us/podcast/5-ph%C3%BAt-h%E1%BB%8Dc-l%C3%A0m-cha-m%E1%BA%B9/id1615348640?uo=4,https://5phuthoclamchame.wordpress.com/
5.25,31,One's Corner,One One,vi,https://anchor.fm/s/e12da26c/podcast/rss,https://podcasts.apple.com/us/podcast/ones-corner/id1687487714?uo=4,https://podcasters.spotify.com/pod/show/onescorner
5.25,10,The Healing Critic,Đồng chí Anh,vi,https://feeds.redcircle.com/a4d99b31-b526-41e7-9fda-e4c9abdb71d4,https://podcasts.apple.com/vn/podcast/the-healing-critic/id1644508080?uo=4,https://redcircle.com/shows/am-nh-phong-ng
5.24,17,BK Shivani Tiếng Việt,BK Shivani Tiếng Việt,vi,https://anchor.fm/s/fb3fce50/podcast/rss,https://podcasts.apple.com/vn/podcast/bk-shivani-ti%E1%BA%BFng-vi%E1%BB%87t/id1769340578?uo=4,https://podcasters.spotify.com/pod/show/bkshivanitiengviet
5.23,6,Trà Đá cùng Thiên Vũ,Vũ Hoàng Thiên,vi,https://anchor.fm/s/37b930ac/podcast/rss,https://podcasts.apple.com/us/podcast/tr%C3%A0-%C4%91%C3%A1-c%C3%B9ng-thi%C3%AAn-v%C5%A9/id1533514099?uo=4,https://podcasters.spotify.com/pod/show/tradacungthienvu
5.2,51,Radio Công Giáo,Radio Công Giáo,vi,https://anchor.fm/s/67691a10/podcast/rss,https://podcasts.apple.com/us/podcast/radio-c%C3%B4ng-gi%C3%A1o/id1587296543?uo=4,https://www.catholic.com.vn
5.19,9,Một mình ngồi một góc,Lucky nè,vi,https://anchor.fm/s/84cb0564/podcast/rss,https://podcasts.apple.com/vn/podcast/m%E1%BB%99t-m%C3%ACnh-ng%E1%BB%93i-m%E1%BB%99t-g%C3%B3c/id1610896770?uo=4,https://podcasters.spotify.com/pod/show/thuan-thien
5.18,17,Kênh Radio Sắc màu cảm xúc,Trường Cao đẳng Phát thanh - Truyền hình II,vi,https://anchor.fm/s/3e70fb78/podcast/rss,https://podcasts.apple.com/vn/podcast/k%C3%AAnh-radio-s%E1%BA%AFc-m%C3%A0u-c%E1%BA%A3m-x%C3%BAc/id1540900259?uo=4,www.vov.edu.vn
5.17,16,VIETHOPE: Sống Khoẻ Tâm An - Đẩy Lùi Bệnh Tật,Trung tâm Y khoa Chuyên Sâu VIETHOPE,vi,https://anchor.fm/s/1127a660c/podcast/rss,https://podcasts.apple.com/us/podcast/viethope-s%E1%BB%91ng-kho%E1%BA%BB-t%C3%A2m-an-%C4%91%E1%BA%A9y-l%C3%B9i-b%E1%BB%87nh-t%E1%BA%ADt/id1896739534?uo=4,https://viethope.vn/
5.16,9,the VISUAL,Z.Studio,vi,https://anchor.fm/s/e0facacc/podcast/rss,https://podcasts.apple.com/vn/podcast/the-visual/id1686799316?uo=4,https://podcasters.spotify.com/pod/show/thevisual
5.15,12,Nói Có Sách,Vietcetera,vi,https://anchor.fm/s/10365f438/podcast/rss,https://podcasts.apple.com/us/podcast/n%C3%B3i-c%C3%B3-s%C3%A1ch/id1618480717?uo=4,https://www.buzzsprout.com/1970506
5.13,33,NgheBank.com,Nghề Bank,vi,https://anchor.fm/s/505cc740/podcast/rss,https://podcasts.apple.com/us/podcast/nghebank-com/id1558340786?uo=4,https://nghebank.com/nghe-podcast-so-1-ve-nghe-ngan-hang-cua-nghe-bank/
5.13,8,Reading Station,Reading Station,vi,https://anchor.fm/s/4c4b50cc/podcast/rss,https://podcasts.apple.com/us/podcast/reading-station/id1553433338?uo=4,https://blogcuatram.com
5.13,18,The Good Habits,Huỳnh Tiểu Yến,vi,https://anchor.fm/s/5d3724d8/podcast/rss,https://podcasts.apple.com/vn/podcast/the-good-habits/id1570164924?uo=4,https://podcasters.spotify.com/pod/show/hunh-tiu-yn
5.13,22,Sách Nói & Sue,Thảo Vy Võ,vi,https://anchor.fm/s/478db8b8/podcast/rss,https://podcasts.apple.com/vn/podcast/s%C3%A1ch-n%C3%B3i-sue/id1548411367?uo=4,https://podcasters.spotify.com/pod/show/sachnoivasue
5.1,24,Mochi ở đây,Nguyễn Thanh Hà,vi,https://anchor.fm/s/b9317324/podcast/rss,https://podcasts.apple.com/us/podcast/mochi-%E1%BB%9F-%C4%91%C3%A2y/id1682958959?uo=4,https://podcasters.spotify.com/pod/show/mochiodayyy
5.09,20,Bác Sĩ Vũ Đại Dương,bacsivudaiduong,vi,https://anchor.fm/s/68abc65c/podcast/rss,https://podcasts.apple.com/us/podcast/b%C3%A1c-s%C4%A9-v%C5%A9-%C4%91%E1%BA%A1i-d%C6%B0%C6%A1ng/id1584196669?uo=4,https://bacsivudaiduong.com/
5.09,18,Nguyệt San Ơn Lành Podcasts,Nguyệt San Ơn Lành Podcasts,en-us,https://anchor.fm/s/2b1b53c/podcast/rss,https://podcasts.apple.com/vn/podcast/nguy%E1%BB%87t-san-%C6%A1n-l%C3%A0nh-podcasts/id1354667853?uo=4,LOICHUNGCANHAN.COM
5.09,7,MỞ - Mơ và Hỏi,MỞ,vi,https://anchor.fm/s/505f1324/podcast/rss,https://podcasts.apple.com/vn/podcast/m%E1%BB%9F-m%C6%A1-v%C3%A0-h%E1%BB%8Fi/id1592497668?uo=4,https://movahoi.com/
5.08,22,Chang nghe,Chang,vi,https://anchor.fm/s/6a32507c/podcast/rss,https://podcasts.apple.com/us/podcast/chang-nghe/id1585562867?uo=4,https://www.facebook.com/nguoitamtinh
5.06,7,VPW: Outside The Ring,Vietnam Pro Wrestling,vi,https://rss.buzzsprout.com/2546793.rss,https://podcasts.apple.com/us/podcast/vpw-outside-the-ring/id1846093087?uo=4,https://www.buzzsprout.com/2546793
5.06,6,Hà Là Lạ,Hà Là Lạ,vi,https://anchor.fm/s/cf92f250/podcast/rss,https://podcasts.apple.com/vn/podcast/h%C3%A0-l%C3%A0-l%E1%BA%A1/id1656377834?uo=4,https://halala.blog/
5.06,13,Là Mình,Anh Trụ,en,https://api.substack.com/feed/podcast/5746504.rss,https://podcasts.apple.com/vn/podcast/l%C3%A0-m%C3%ACnh/id1880596288?uo=4,https://anhtru.substack.com/podcast
5.05,9,Uống Trà cùng Loveat1stshine,"Diep Ngoc Hoang, Loan Kieu Vu",vi,https://anchor.fm/s/ebb60378/podcast/rss,https://podcasts.apple.com/vn/podcast/u%E1%BB%91ng-tr%C3%A0-c%C3%B9ng-loveat1stshine/id1724322849?uo=4,https://www.loveat1stshine.com/
5.04,97,TRUYỆN KỂ BÉ NGHE_MS NHI,Ngô Nhị,vi,https://rss.buzzsprout.com/2405484.rss,https://podcasts.apple.com/us/podcast/truy%E1%BB%87n-k%E1%BB%83-b%C3%A9-nghe-ms-nhi/id1769915802?uo=4,https://www.buzzsprout.com/2405484
5.04,14,Giữa Lòng Thành Phố,Vy Nguyen,vi,https://anchor.fm/s/6ac211a8/podcast/rss,https://podcasts.apple.com/vn/podcast/gi%E1%BB%AFa-l%C3%B2ng-th%C3%A0nh-ph%E1%BB%91/id1585981718?uo=4,https://podcasters.spotify.com/pod/show/vy-nguyen2
5.04,31,30 Ngày Nhật ký Nguyên tắc Thành công | Nguyễn Mạnh Tường | Theo Principles: Life &amp; Work (Ray Dalio),PITO.vn,vi,https://anchor.fm/s/68ce3bd8/podcast/rss,https://podcasts.apple.com/us/podcast/30-ng%C3%A0y-nh%E1%BA%ADt-k%C3%BD-nguy%C3%AAn-t%E1%BA%AFc-th%C3%A0nh-c%C3%B4ng-nguy%E1%BB%85n-m%E1%BA%A1nh-t%C6%B0%E1%BB%9Dng/id1592268727?uo=4,https://podcasters.spotify.com/pod/show/pitovn
5.03,19,Uống Trà Cùng Medio,Medio,vi,https://anchor.fm/s/59e64b60/podcast/rss,https://podcasts.apple.com/vn/podcast/u%E1%BB%91ng-tr%C3%A0-c%C3%B9ng-medio/id1568294168?uo=4,https://medio.vn/me
5.01,43,Yangdexin,Yangdexin,vi,https://anchor.fm/s/64e66f04/podcast/rss,https://podcasts.apple.com/us/podcast/yangdexin/id1578262887?uo=4,https://podcasters.spotify.com/pod/show/yangdexin
5.01,17,Thư Viện Tri Thức,Quoc.Nguyen,vi,https://anchor.fm/s/114f06300/podcast/rss,https://podcasts.apple.com/vn/podcast/th%C6%B0-vi%E1%BB%87n-tri-th%E1%BB%A9c/id6791067377?uo=4,https://podcasters.spotify.com/pod/show/nt-q6
5.01,11,Tâm tình của Mr Lobier,MrLobier,vi,https://anchor.fm/s/67ce1a50/podcast/rss,https://podcasts.apple.com/vn/podcast/t%C3%A2m-t%C3%ACnh-c%E1%BB%A7a-mr-lobier/id1583096639?uo=4,https://podcasters.spotify.com/pod/show/mrlobier
5.0,9,Drama or Karma - D.o.K,reddyonduty,vi,https://anchor.fm/s/dfe41fbc/podcast/rss,https://podcasts.apple.com/us/podcast/drama-or-karma-d-o-k/id1688111775?uo=4,https://podcasters.spotify.com/pod/show/dokpodcast
5.0,10,Chương trình 60',RFI Tiếng Việt,vi,https://apis.rfi.fr/products/get_product/fov-rfi-vi-get-journaux-podcast-v2?token_application=975d23b8-7a07-11e8-9f62-005056a90194,https://podcasts.apple.com/us/podcast/ch%C6%B0%C6%A1ng-tr%C3%ACnh-60/id1571503601?uo=4,https://www.rfi.fr/vi/ch%C6%B0%C6%A1ng-tr%C3%ACnh/
4.99,29,Mochi's garret - Gác xép văn chương,Mochi's garret - Gác xép văn chương,vi,https://anchor.fm/s/6ac0af5c/podcast/rss,https://podcasts.apple.com/vn/podcast/mochis-garret-g%C3%A1c-x%C3%A9p-v%C4%83n-ch%C6%B0%C6%A1ng/id1586008022?uo=4,https://podcasters.spotify.com/pod/show/mochigarret
4.98,9,Xinê Station,Xinê House,vi,https://anchor.fm/s/c5a57470/podcast/rss,https://podcasts.apple.com/us/podcast/xin%C3%AA-station/id1649019570?uo=4,https://anchor.fm/xinehouse
4.97,19,Pulse with Q,Quinn Trinh,en-us,https://anchor.fm/s/f7d241f8/podcast/rss,https://podcasts.apple.com/vn/podcast/pulse-with-q/id1653365477?uo=4,https://www.buzzsprout.com/2079393
4.96,7,MẸ &amp; EM,NOI,vi,https://anchor.fm/s/f8b18638/podcast/rss,https://podcasts.apple.com/vn/podcast/m%E1%BA%B9-em/id1756490450?uo=4,https://noinoinoi.com/podcast/
4.95,12,Sức khỏe và Cuộc sống với Bác sĩ Kiểm,Dr. Kiem Nguyen,vi,https://anchor.fm/s/97719160/podcast/rss,https://podcasts.apple.com/us/podcast/s%E1%BB%A9c-kh%E1%BB%8Fe-v%C3%A0-cu%E1%BB%99c-s%E1%BB%91ng-v%E1%BB%9Bi-b%C3%A1c-s%C4%A9-ki%E1%BB%83m/id1625392781?uo=4,https://podcasters.spotify.com/pod/show/cuocsongvasuckhoevoibacsikiem
4.93,7,Mời bạn một ly nước táo,Nguyễn Tiến Đạt (sutucon),vi,https://anchor.fm/s/6f916d00/podcast/rss,https://podcasts.apple.com/vn/podcast/m%E1%BB%9Di-b%E1%BA%A1n-m%E1%BB%99t-ly-n%C6%B0%E1%BB%9Bc-t%C3%A1o/id1590193125?uo=4,https://podcasters.spotify.com/pod/show/sutucon48
4.92,55,Đài tiếng nói MEDLAW,Công ty Luật MEDLAW,vi,https://anchor.fm/s/69a612ec/podcast/rss,https://podcasts.apple.com/us/podcast/%C4%91%C3%A0i-ti%E1%BA%BFng-n%C3%B3i-medlaw/id1585011105?uo=4,https://medlaw.vn/
4.92,38,Hạnh phúc tròn xoe,Hạnh phúc tròn xoe,vi,https://anchor.fm/s/5d4018a4/podcast/rss,https://podcasts.apple.com/us/podcast/h%E1%BA%A1nh-ph%C3%BAc-tr%C3%B2n-xoe/id1569961075?uo=4,https://hanhphuctronxoe.com/
4.9,24,Hiểu để Thương,Hiểu để Thương,vi,https://anchor.fm/s/ff1ab850/podcast/rss,https://podcasts.apple.com/vn/podcast/hi%E1%BB%83u-%C4%91%E1%BB%83-th%C6%B0%C6%A1ng/id1792438495?uo=4,https://podcasters.spotify.com/pod/show/hieudethuong
4.89,31,Nguyễn Thị Lanh Podcast,Nguyen Thi Lanh,vi,https://anchor.fm/s/e3d8c604/podcast/rss,https://podcasts.apple.com/vn/podcast/nguy%E1%BB%85n-th%E1%BB%8B-lanh-podcast/id1704102735?uo=4,https://colanh.vn
4.89,83,Ai Cũng Từng Là Một Đứa Trẻ,Nong Pham Tuan,vi,https://anchor.fm/s/6a44ace0/podcast/rss,https://podcasts.apple.com/vn/podcast/ai-c%C5%A9ng-t%E1%BB%ABng-l%C3%A0-m%E1%BB%99t-%C4%91%E1%BB%A9a-tr%E1%BA%BB/id1585651504?uo=4,https://podcasters.spotify.com/pod/show/nong-pham-tuan
4.87,164,Xưởng Bao Bì Giá Rẻ,Bao Bì Giá Rẻ,vi,https://anchor.fm/s/1113b3bcc/podcast/rss,https://podcasts.apple.com/vn/podcast/x%C6%B0%E1%BB%9Fng-bao-b%C3%AC-gi%C3%A1-r%E1%BA%BB/id1895942627?uo=4,https://xuongbaobigiare.vn/
4.86,15,Trần Đức Hưng,Trần Đức Hưng,vi,https://anchor.fm/s/df67ba6c/podcast/rss,https://podcasts.apple.com/us/podcast/tr%E1%BA%A7n-%C4%91%E1%BB%A9c-h%C6%B0ng/id1739988839?uo=4,https://podcasters.spotify.com/pod/show/tran-duc-hung
4.86,58,Thức Tỉnh Linh Hồn cùng LongH.Merope,LongH.Merope,vi,https://anchor.fm/s/106720c20/podcast/rss,https://podcasts.apple.com/us/podcast/th%E1%BB%A9c-t%E1%BB%89nh-linh-h%E1%BB%93n-c%C3%B9ng-longh-merope/id1824906789?uo=4,https://substack.com/@longhmerope?r=5z4ny4&utm_medium=ios&utm_source=profile
4.86,12,Nhịp cầu chia sẻ yêu thương - VOV3,tul,vi,https://anchor.fm/s/6a62e4d0/podcast/rss,https://podcasts.apple.com/vn/podcast/nh%E1%BB%8Bp-c%E1%BA%A7u-chia-s%E1%BA%BB-y%C3%AAu-th%C6%B0%C6%A1ng-vov3/id1588531596?uo=4,https://podcasters.spotify.com/pod/show/nhipcauchiaseyeuthuong
4.86,9,Heather Blethers Podcast,Trần Ánh Dương,vi,https://anchor.fm/s/2cc16e58/podcast/rss,https://podcasts.apple.com/vn/podcast/heather-blethers-podcast/id1524823640?uo=4,https://podcasters.spotify.com/pod/show/nartanhduong
4.86,8,TA-Balo,Z.Studio,vi,https://anchor.fm/s/ec318638/podcast/rss,https://podcasts.apple.com/vn/podcast/ta-balo/id1714561989?uo=4,https://podcasters.spotify.com/pod/show/ta-balo
4.85,9,Sói Ăn Chay,Sói Ăn Chay,vi,https://anchor.fm/s/6d023574/podcast/rss,https://podcasts.apple.com/us/podcast/s%C3%B3i-%C4%83n-chay/id1587911795?uo=4,https://podcasters.spotify.com/pod/show/soianchay
4.85,17,Tất Tần Về Kinh Tế Học,Tất Tần Tật Về Kinh Tế Học,vi,https://anchor.fm/s/fcc2557c/podcast/rss,https://podcasts.apple.com/us/podcast/t%E1%BA%A5t-t%E1%BA%A7n-v%E1%BB%81-kinh-t%E1%BA%BF-h%E1%BB%8Dc/id1800708944?uo=4,https://podcasters.spotify.com/pod/show/tt-tn-tt-v-kinh-t-hc
4.85,13,DevUP.vn - Kho kiến thức nghề CNTT,DevUP.vn,vi,https://anchor.fm/s/aff9fce0/podcast/rss,https://podcasts.apple.com/vn/podcast/devup-vn-kho-ki%E1%BA%BFn-th%E1%BB%A9c-ngh%E1%BB%81-cntt/id1639691696?uo=4,https://devup.vn
4.85,10,Giải mã Y khoa,Znews,vi,https://anchor.fm/s/f72be100/podcast/rss,https://podcasts.apple.com/vn/podcast/gi%E1%BA%A3i-m%C3%A3-y-khoa/id1750157405?uo=4,https://podcasters.spotify.com/pod/show/phan-nht9
4.83,5,Voyager_Người lữ hành,Murlidhar,vi,https://anchor.fm/s/f6f9477c/podcast/rss,https://podcasts.apple.com/us/podcast/voyager-ng%C6%B0%E1%BB%9Di-l%E1%BB%AF-h%C3%A0nh/id1749244753?uo=4,https://bkwsuvn.com
4.83,15,L'OFFICIEL Vietnam,L'Officiel Vietnam,vi,https://anchor.fm/s/6b219fc4/podcast/rss,https://podcasts.apple.com/vn/podcast/lofficiel-vietnam/id1586464792?uo=4,https://www.lofficielvietnam.com/
4.82,25,The Inner World Diary,The Inner World Diary,vi,https://anchor.fm/s/102e2e318/podcast/rss,https://podcasts.apple.com/us/podcast/the-inner-world-diary/id1841904060?uo=4,https://podcasters.spotify.com/pod/show/the-inner-world-diary
4.8,24,Yêu dấu của những năm 20,Minh Hương,vi,https://anchor.fm/s/443c25b4/podcast/rss,https://podcasts.apple.com/vn/podcast/y%C3%AAu-d%E1%BA%A5u-c%E1%BB%A7a-nh%E1%BB%AFng-n%C4%83m-20/id1544901919?uo=4,https://minhuongpynie.com/
4.8,12,Lens Lén Podcast,Đà Nẵng tui,vi,https://anchor.fm/s/e5c20098/podcast/rss,https://podcasts.apple.com/vn/podcast/lens-l%C3%A9n-podcast/id1697621064?uo=4,https://danangtui.vn/lenslen
4.8,12,CHUYỆN CỦA ĐƯỜNG,DiaB - Sống khoẻ cùng Đái tháo đường,vi,https://anchor.fm/s/e5350a44/podcast/rss,https://podcasts.apple.com/vn/podcast/chuy%E1%BB%87n-c%E1%BB%A7a-%C4%91%C6%B0%E1%BB%9Dng/id1695725413?uo=4,https://diab.com.vn/
4.8,42,Thức Ăn Nhanh Cho Tâm Hồn,"Lm. Phanxicô Xavie Quảng V. Trần, CSsR",vi,https://media.rss.com/thuc-an-nhanh-cho-tam-hon/feed.xml,https://podcasts.apple.com/vn/podcast/th%E1%BB%A9c-%C4%83n-nhanh-cho-t%C3%A2m-h%E1%BB%93n/id1824097400?uo=4,https://rss.com/podcasts/thuc-an-nhanh-cho-tam-hon
4.79,10,Learn with Hanh,Hanhchu0709,vi,https://anchor.fm/s/4cda1d0c/podcast/rss,https://podcasts.apple.com/us/podcast/learn-with-hanh/id1554107320?uo=4,https://podcasters.spotify.com/pod/show/hanhchu0709
4.78,12,The Zoe Space Podcast,Zoe Huỳnh,vi,https://anchor.fm/s/105ff05a4/podcast/rss,https://podcasts.apple.com/us/podcast/the-zoe-space-podcast/id1826009841?uo=4,https://podcasters.spotify.com/pod/show/the-zoe-space
4.78,51,HTD Solutions Hub - Giải pháp hạ tầng mạng toàn diện,HTD Distribution,vi,https://anchor.fm/s/10bc4b9d4/podcast/rss,https://podcasts.apple.com/vn/podcast/htd-solutions-hub-gi%E1%BA%A3i-ph%C3%A1p-h%E1%BA%A1-t%E1%BA%A7ng-m%E1%BA%A1ng-to%C3%A0n-di%E1%BB%87n/id1854287956?uo=4,https://htdistribution.com.vn/
4.77,42,Mango🥭,Mango Nguyen,vi,https://anchor.fm/s/4be73128/podcast/rss,https://podcasts.apple.com/us/podcast/mango/id1553240164?uo=4,https://podcasters.spotify.com/pod/show/nguyu1ec5n-thu1ecb-thu-ho340i
4.77,29,Radio Cà Phê Đêm,Tom's Notes,vi,https://anchor.fm/s/c4ce51d4/podcast/rss,https://podcasts.apple.com/vn/podcast/radio-c%C3%A0-ph%C3%AA-%C4%91%C3%AAm/id1651127074?uo=4,https://tominotes.com
4.77,43,Hồng Lê Thị podcast,Hồng Lê Thị podcast,ja,https://anchor.fm/s/3716f828/podcast/rss,https://podcasts.apple.com/vn/podcast/h%E1%BB%93ng-l%C3%AA-th%E1%BB%8B-podcast/id1532619700?uo=4,http://honglethi.com/
4.75,12,Sử Việt Luận Bàn,Nguyễn Ngọc Nam,vi,https://anchor.fm/s/10dd4e398/podcast/rss,https://podcasts.apple.com/us/podcast/s%E1%BB%AD-vi%E1%BB%87t-lu%E1%BA%ADn-b%C3%A0n/id1869868977?uo=4,https://podcasters.spotify.com/pod/show/nguyn-ngc-nam
4.74,26,Truyền thông xã Tân Kỳ,Truyền thông xã Tân Kỳ,vi,https://anchor.fm/s/10e4b7c88/podcast/rss,https://podcasts.apple.com/vn/podcast/truy%E1%BB%81n-th%C3%B4ng-x%C3%A3-t%C3%A2n-k%E1%BB%B3/id1871816484?uo=4,https://podcasters.spotify.com/pod/show/truyn-thng-x
4.74,10,The CashFlow,Bizzi Vietnam,vi,https://anchor.fm/s/f6c897d0/podcast/rss,https://podcasts.apple.com/vn/podcast/the-cashflow/id1748496010?uo=4,https://bizzi.vn/
4.73,21,Hieu Nguyen,Hieu Nguyen,vi,https://anchor.fm/s/6782906c/podcast/rss,https://podcasts.apple.com/vn/podcast/hieu-nguyen/id1582862084?uo=4,https://podcasters.spotify.com/pod/show/hieu-nguyen77
4.72,17,Nang Luong Vu Tru,hoangphuongmeditation,vi,https://feed.podbean.com/podcast.nangluongvutru.com/feed.xml,https://podcasts.apple.com/us/podcast/nang-luong-vu-tru/id1516710610?uo=4,https://nangluongvutru.com
4.72,70,Máy gia tốc học tiếng Philipin,Language Learning Accelerator,vi,https://feeds.captivate.fm/may-gia-toc-hoc-tieng-philipin-vi-vn-to-tl-ph/,https://podcasts.apple.com/us/podcast/m%C3%A1y-gia-t%E1%BB%91c-h%E1%BB%8Dc-ti%E1%BA%BFng-philipin/id1714027619?uo=4,https://may-gia-toc-hoc-tieng-philipin-vi-vn-to-tl-ph.captivate.fm
4.72,15,Huyền Bi Bon - Bạn đồng hành trên hành trình làm Vợ làm Mẹ,Huyền Bi Bon,vi,https://anchor.fm/s/b479b38c/podcast/rss,https://podcasts.apple.com/vn/podcast/huy%E1%BB%81n-bi-bon-b%E1%BA%A1n-%C4%91%E1%BB%93ng-h%C3%A0nh-tr%C3%AAn-h%C3%A0nh-tr%C3%ACnh-l%C3%A0m-v%E1%BB%A3-l%C3%A0m-m%E1%BA%B9/id1646420851?uo=4,https://podcasters.spotify.com/pod/show/huyenbibon
4.7,56,Storypie: Những Câu Chuyện Âm Thanh Kỳ Diệu cho Trẻ Em,Storypie,vi-vn,https://mystorypie.com/podcast-vi.xml,https://podcasts.apple.com/us/podcast/storypie-nh%E1%BB%AFng-c%C3%A2u-chuy%E1%BB%87n-%C3%A2m-thanh-k%E1%BB%B3-di%E1%BB%87u-cho-tr%E1%BA%BB-em/id1830522307?uo=4,https://mystorypie.com
4.69,70,Máy tăng tốc học tiếng Thái,Language Learning Accelerator,vi,https://feeds.captivate.fm/may-tang-toc-hoc-tieng-thai-vi-vn-to-th-th/,https://podcasts.apple.com/vn/podcast/m%C3%A1y-t%C4%83ng-t%E1%BB%91c-h%E1%BB%8Dc-ti%E1%BA%BFng-th%C3%A1i/id1714027608?uo=4,https://may-tang-toc-hoc-tieng-thai-vi-vn-to-th-th.captivate.fm
4.69,45,Tự Động Hoá Cùng MONA,The MONA Group,vi,https://mona.media/podcast/feed.xml,https://podcasts.apple.com/vn/podcast/t%E1%BB%B1-%C4%91%E1%BB%99ng-ho%C3%A1-c%C3%B9ng-mona/id1896929534?uo=4,https://mona.media
4.68,8,Radio for Dreamers,Duc Huy & Man Nhi,vi,https://feeds.simplecast.com/c0w18_Ew,https://podcasts.apple.com/vn/podcast/radio-for-dreamers/id1582832843?uo=4,https://radiofordreamers.simplecast.com
4.67,19,THỦ THỈ THẦM THÌ,Đồng Lê Quỳnh Hương,vi,https://anchor.fm/s/633abd90/podcast/rss,https://podcasts.apple.com/vn/podcast/th%E1%BB%A7-th%E1%BB%89-th%E1%BA%A7m-th%C3%AC/id1577011478?uo=4,https://podcasters.spotify.com/pod/show/ng-l-qunh-hng
4.66,27,NGHE TRUYỆN CÙNG TONY,Tony Trịnh,vi,https://anchor.fm/s/69294d20/podcast/rss,https://podcasts.apple.com/us/podcast/nghe-truy%E1%BB%87n-c%C3%B9ng-tony/id1584692484?uo=4,https://podcasters.spotify.com/pod/show/tony-trnh
4.64,7,Giải mã Kinh Thánh,Giải mã Kinh Thánh,vi,https://anchor.fm/s/6500bd00/podcast/rss,https://podcasts.apple.com/vn/podcast/gi%E1%BA%A3i-m%C3%A3-kinh-th%C3%A1nh/id1577849817?uo=4,https://podcasters.spotify.com/pod/show/giaimakinhthanh
4.6,9,Tony Buổi Sáng podcast,Tony Buổi Sáng podcast,vi,https://anchor.fm/s/91f90718/podcast/rss,https://podcasts.apple.com/us/podcast/tony-bu%E1%BB%95i-s%C3%A1ng-podcast/id1620344414?uo=4,https://bit.ly/tnbsapp
4.54,12,KÊNH NÀY CỦA RON,TRAN DUC NGUYEN,vi,https://anchor.fm/s/58df0a04/podcast/rss,https://podcasts.apple.com/vn/podcast/k%C3%AAnh-n%C3%A0y-c%E1%BB%A7a-ron/id1565467699?uo=4,https://podcasters.spotify.com/pod/show/tran-duc-nguyen
4.53,70,Máy gia tốc học tiếng Tây Ban Nha,Language Learning Accelerator,vi,https://feeds.captivate.fm/may-gia-toc-hoc-tieng-tay-ban-nha-vi-vn-to-es-es/,https://podcasts.apple.com/vn/podcast/m%C3%A1y-gia-t%E1%BB%91c-h%E1%BB%8Dc-ti%E1%BA%BFng-t%C3%A2y-ban-nha/id1714048963?uo=4,https://may-gia-toc-hoc-tieng-tay-ban-nha-vi-vn-to-es-es.captivate.fm
4.53,19,Coach Thái Ngoan - Bình An Tài Chính,Thai Ngoan,vi,https://anchor.fm/s/67c0bae0/podcast/rss,https://podcasts.apple.com/vn/podcast/coach-th%C3%A1i-ngoan-b%C3%ACnh-an-t%C3%A0i-ch%C3%ADnh/id1583075309?uo=4,https://podcasters.spotify.com/pod/show/thaingoan
4.53,29,Trà Đàm,Trà Đàm,vi,https://anchor.fm/s/ebc642d8/podcast/rss,https://podcasts.apple.com/vn/podcast/tr%C3%A0-%C4%91%C3%A0m/id1713670579?uo=4,https://podcasters.spotify.com/pod/show/tr-m
4.5,7,The simple life of a little thinker,Uyen Le,vi,https://anchor.fm/s/18e3f89c/podcast/rss,https://podcasts.apple.com/us/podcast/the-simple-life-of-a-little-thinker/id1505271958?uo=4,https://podcasters.spotify.com/pod/show/uyen-le
4.5,70,Máy gia tốc học tiếng Đức,Language Learning Accelerator,vi,https://feeds.captivate.fm/may-gia-toc-hoc-tieng-duc-vi-vn-to-de-de/,https://podcasts.apple.com/vn/podcast/m%C3%A1y-gia-t%E1%BB%91c-h%E1%BB%8Dc-ti%E1%BA%BFng-%C4%91%E1%BB%A9c/id1715432207?uo=4,https://may-gia-toc-hoc-tieng-duc-vi-vn-to-de-de.captivate.fm
4.48,14,"Âm thanh đắm chìm - ASMR giúp ngủ, thư giãn, giảm lo âu, căng thẳng",Immersive Soundscapes,vi,https://media.podeo.co/rss/MTQ1NTY,https://podcasts.apple.com/us/podcast/%C3%A2m-thanh-%C4%91%E1%BA%AFm-ch%C3%ACm-asmr-gi%C3%BAp-ng%E1%BB%A7-th%C6%B0-gi%C3%A3n-gi%E1%BA%A3m-lo-%C3%A2u-c%C4%83ng-th%E1%BA%B3ng/id1786835095?uo=4,https://podeo.co
4.48,10,Am Mây Ngủ - Thích Nhất Hạnh,Kẻ Trộm Hương,vi,https://anchor.fm/s/f54f5164/podcast/rss,https://podcasts.apple.com/vn/podcast/am-m%C3%A2y-ng%E1%BB%A7-th%C3%ADch-nh%E1%BA%A5t-h%E1%BA%A1nh/id1744503014?uo=4,https://podcasters.spotify.com/pod/show/k-trm-hng25
4.47,70,Máy gia tốc học tiếng Anh,Language Learning Accelerator,vi,https://feeds.captivate.fm/may-gia-toc-hoc-tieng-anh-vi-vn-to-en-us/,https://podcasts.apple.com/us/podcast/m%C3%A1y-gia-t%E1%BB%91c-h%E1%BB%8Dc-ti%E1%BA%BFng-anh/id1709889972?uo=4,https://may-gia-toc-hoc-tieng-anh-vi-vn-to-en-us.captivate.fm
4.44,20,Kể Chuyện Cho Bé Yêu - Truyện cổ tích,Waves,vi,https://anchor.fm/s/e7e742c/podcast/rss,https://podcasts.apple.com/us/podcast/k%E1%BB%83-chuy%E1%BB%87n-cho-b%C3%A9-y%C3%AAu-truy%E1%BB%87n-c%E1%BB%95-t%C3%ADch/id1483895210?uo=4,https://podcasters.spotify.com/pod/show/waves85
4.44,8,Không Cay Không Về,Vietcetera,en,https://anchor.fm/s/102e1d914/podcast/rss,https://podcasts.apple.com/us/podcast/kh%C3%B4ng-cay-kh%C3%B4ng-v%E1%BB%81/id1604573916?uo=4,https://www.buzzsprout.com/1918351
4.44,37,1000 Bài Học Danh Nhân - Những Câu Chuyện Thú Vị Và Bài Học Đặc Sắc Từ Các Danh Nhân,1000 Bài Học Danh Nhân - Những Câu Chuyện Và Bài Học Đặc Sắc Nhất Từ Các Vĩ Nhân,vi,https://anchor.fm/s/6862a224/podcast/rss,https://podcasts.apple.com/vn/podcast/1000-b%C3%A0i-h%E1%BB%8Dc-danh-nh%C3%A2n-nh%E1%BB%AFng-c%C3%A2u-chuy%E1%BB%87n-th%C3%BA-v%E1%BB%8B-v%C3%A0-b%C3%A0i/id1582032897?uo=4,https://1000baihocdanhnhan.com/landing-page/
4.42,10,Sống thử,Đài Thu Thanh,vi,https://pinecast.com/feed/songthu,https://podcasts.apple.com/vn/podcast/s%E1%BB%91ng-th%E1%BB%AD/id1609879766?uo=4,https://songthu.pinecast.co
4.4,12,"Chú Vịt cười - Cùng lớn lên, Cùng bừng nở",Chú Vịt Cười,vi,https://anchor.fm/s/67f81788/podcast/rss,https://podcasts.apple.com/vn/podcast/ch%C3%BA-v%E1%BB%8Bt-c%C6%B0%E1%BB%9Di-c%C3%B9ng-l%E1%BB%9Bn-l%C3%AAn-c%C3%B9ng-b%E1%BB%ABng-n%E1%BB%9F/id1583555034?uo=4,https://www.trao.com.vn
4.4,13,Frontline Voices - Câu Chuyện Của Tôi,Patient Centered Collaborative Network,vi,https://anchor.fm/s/7451d9b0/podcast/rss,https://podcasts.apple.com/us/podcast/frontline-voices-c%C3%A2u-chuy%E1%BB%87n-c%E1%BB%A7a-t%C3%B4i/id1596506896?uo=4,https://www.linkedin.com/company/network-patientcentered/
4.39,8,Podcastination,Podcastination,vi,https://anchor.fm/s/6ea14f78/podcast/rss,https://podcasts.apple.com/us/podcast/podcastination/id1590404382?uo=4,https://podcasters.spotify.com/pod/show/podcastination-team
4.39,27,Học tiếng Anh cùng Bite-size English Takeaway,v for vien,vi,https://anchor.fm/s/335b8b18/podcast/rss,https://podcasts.apple.com/vn/podcast/h%E1%BB%8Dc-ti%E1%BA%BFng-anh-c%C3%B9ng-bite-size-english-takeaway/id1527896000?uo=4,https://vforvien.wixsite.com/vien
4.39,15,Luật lệ quanh ta,SBS,vi,https://feeds.sbs.com.au/luat-le-quanh-ta,https://podcasts.apple.com/vn/podcast/lu%E1%BA%ADt-l%E1%BB%87-quanh-ta/id1872301726?uo=4,https://www.sbs.com.au/language/vietnamese/vi/podcast/luat-le-quanh-ta
4.38,24,Tạp chí xã hội,RFI Tiếng Việt,vi,https://apis.rfi.fr/products/get_product/rfi_getpodcast_by_nid?token_application=975d23b8-7a07-11e8-9f62-005056a90194&program.entrepriseId=WB15418-RFI-VI-20100305,https://podcasts.apple.com/us/podcast/t%E1%BA%A1p-ch%C3%AD-x%C3%A3-h%E1%BB%99i/id1574625923?uo=4,https://www.rfi.fr/vi/ph%C3%A1t-thanh/t%E1%BA%A1p-ch%C3%AD-x%C3%A3-h%E1%BB%99i/
4.38,12,Podcast Viết Cho Em,Vietchoem,vi,https://anchor.fm/s/10189bce4/podcast/rss,https://podcasts.apple.com/us/podcast/podcast-vi%E1%BA%BFt-cho-em/id1798489569?uo=4,https://podcasters.spotify.com/pod/show/podcast-vietchoem
4.38,8,Trò chuyện cùng Link,Link Tong,vi,https://anchor.fm/s/4aeefcec/podcast/rss,https://podcasts.apple.com/vn/podcast/tr%C3%B2-chuy%E1%BB%87n-c%C3%B9ng-link/id1555606635?uo=4,https://podcasters.spotify.com/pod/show/link-tong
4.37,8,Sharing Audio - Phát triển kỹ năng,Competence Development C - CDC,en,https://feed.podbean.com/shareaudio/feed.xml,https://podcasts.apple.com/vn/podcast/sharing-audio-ph%C3%A1t-tri%E1%BB%83n-k%E1%BB%B9-n%C4%83ng/id1514994145?uo=4,https://shareaudio.podbean.com
4.37,15,Tinh Nguyen Channel,Tinh Nguyen,vi,https://anchor.fm/s/61289798/podcast/rss,https://podcasts.apple.com/vn/podcast/tinh-nguyen-channel/id1573870558?uo=4,https://tinhnguyen.blog
4.36,70,Máy tăng tốc học tiếng Hàn,Language Learning Accelerator,vi,https://feeds.captivate.fm/may-tang-toc-hoc-tieng-han-vi-vn-to-ko-kr/,https://podcasts.apple.com/us/podcast/m%C3%A1y-t%C4%83ng-t%E1%BB%91c-h%E1%BB%8Dc-ti%E1%BA%BFng-h%C3%A0n/id1714027618?uo=4,https://may-tang-toc-hoc-tieng-han-vi-vn-to-ko-kr.captivate.fm
4.36,13,Avyakt Murli theo chủ đề,Mật ngọt,vi,https://anchor.fm/s/f51f96a4/podcast/rss,https://podcasts.apple.com/vn/podcast/avyakt-murli-theo-ch%E1%BB%A7-%C4%91%E1%BB%81/id1742408323?uo=4,https://bkwsuvn.com
4.35,6,KHAI THỊ THỰC TẠI (Sách nói),Thầy Viên Minh,vi,https://anchor.fm/s/102b52428/podcast/rss,https://podcasts.apple.com/us/podcast/khai-th%E1%BB%8B-th%E1%BB%B1c-t%E1%BA%A1i-s%C3%A1ch-n%C3%B3i/id1803570115?uo=4,http://trungtamhotong.org/
4.34,31,Phuong Nhi Podcast,Phuong Nhi Podcast,vi,https://anchor.fm/s/9e79c3c4/podcast/rss,https://podcasts.apple.com/vn/podcast/phuong-nhi-podcast/id1631942209?uo=4,https://podcasters.spotify.com/pod/show/phuongnhipodcast
4.33,5,Được/Mất,Vietcetera,vi,https://anchor.fm/s/103662ae8/podcast/rss,https://podcasts.apple.com/us/podcast/%C4%91%C6%B0%E1%BB%A3c-m%E1%BA%A5t/id1749939798?uo=4,https://www.buzzsprout.com/2371368
4.33,18,CIA Part 3 - Tiếng Việt,Tùng Thanh Nguyễn,vi,https://anchor.fm/s/10886ba88/podcast/rss,https://podcasts.apple.com/us/podcast/cia-part-3-ti%E1%BA%BFng-vi%E1%BB%87t/id1834625884?uo=4,https://podcasters.spotify.com/pod/show/tungism
4.32,23,VPOP｜聽音樂，學越文,PeraPera AI,vi,https://anchor.fm/s/22d9ef3c/podcast/rss,https://podcasts.apple.com/us/podcast/vpop-%E8%81%BD%E9%9F%B3%E6%A8%82-%E5%AD%B8%E8%B6%8A%E6%96%87/id1516176852?uo=4,www.perapera.ai
4.32,10,Ta Trẻ Vui,"Ta Trẻ Vui, Hamlet Trương, Quân Đoàn, Phùng Lâm",vi,https://anchor.fm/s/114de69d4/podcast/rss,https://podcasts.apple.com/vn/podcast/ta-tr%E1%BA%BB-vui/id6790078341?uo=4,https://podcasters.spotify.com/pod/show/tatrevuihopomusic
4.31,22,Xem Tu vi 2023's podcast,Xem Tu vi 2023,vi,https://feeds.acast.com/public/shows/6343da526d824200126cd21f,https://podcasts.apple.com/vn/podcast/xem-tu-vi-2023s-podcast/id1652808640?uo=4,https://xemvanmenh.net/tu-vi-nam-2023.html
4.3,39,Hộp Chứa Của BOML,Câu lạc bộ sách BOML,vi,https://anchor.fm/s/70f4ac5c/podcast/rss,https://podcasts.apple.com/vn/podcast/h%E1%BB%99p-ch%E1%BB%A9a-c%E1%BB%A7a-boml/id1591809027?uo=4,https://podcasters.spotify.com/pod/show/cu-lc-b-boml
4.3,70,Máy gia tốc học tiếng Nga,Language Learning Accelerator,vi,https://feeds.captivate.fm/may-gia-toc-hoc-tieng-nga-vi-vn-to-ru-ru/,https://podcasts.apple.com/vn/podcast/m%C3%A1y-gia-t%E1%BB%91c-h%E1%BB%8Dc-ti%E1%BA%BFng-nga/id1714027645?uo=4,https://may-gia-toc-hoc-tieng-nga-vi-vn-to-ru-ru.captivate.fm
4.29,21,cafe một mình,Coffalone,vi,https://anchor.fm/s/6324abf4/podcast/rss,https://podcasts.apple.com/vn/podcast/cafe-m%E1%BB%99t-m%C3%ACnh/id1586416303?uo=4,https://podcasters.spotify.com/pod/show/ngoc-anh-le
4.28,41,TÂM SỰ CÙNG NGƯỜI LẠ (LQBTQ+),Tâm Sự Cùng Người Lạ,vi,https://anchor.fm/s/da1e078c/podcast/rss,https://podcasts.apple.com/us/podcast/t%C3%A2m-s%E1%BB%B1-c%C3%B9ng-ng%C6%B0%E1%BB%9Di-l%E1%BA%A1-lqbtq/id1689785599?uo=4,https://ronuniverse.my.canva.site/tamsucungnguoilalgbtq
4.27,13,Nếu Radio,Nếu Radio,vi,https://anchor.fm/s/c4aaee10/podcast/rss,https://podcasts.apple.com/us/podcast/n%E1%BA%BFu-radio/id1651105763?uo=4,https://podcasters.spotify.com/pod/show/nu-radio
4.26,34,thaovong.com,Thaovong.com,vi,https://anchor.fm/s/847e9f30/podcast/rss,https://podcasts.apple.com/us/podcast/thaovong-com/id1611305052?uo=4,https://podcasters.spotify.com/pod/show/thaovongcom
4.25,42,Sống Có Uớc Mơ,Tâm Tỉnh Thức,vi,https://anchor.fm/s/666c3da4/podcast/rss,https://podcasts.apple.com/us/podcast/s%E1%BB%91ng-c%C3%B3-u%E1%BB%9Bc-m%C6%A1/id1586386080?uo=4,https://songcouocmo.com
4.25,35,Chuyện Đời Thường,Thu,vi,https://anchor.fm/s/503c3a70/podcast/rss,https://podcasts.apple.com/vn/podcast/chuy%E1%BB%87n-%C4%91%E1%BB%9Di-th%C6%B0%E1%BB%9Dng/id1562935023?uo=4,https://podcasters.spotify.com/pod/show/chuyn-i-radio
4.25,10,LemonBlap Podcast show with Clement Duy,Clement Duy Nguyen,vi,https://anchor.fm/s/e43f63f0/podcast/rss,https://podcasts.apple.com/vn/podcast/lemonblap-podcast-show-with-clement-duy/id1693169128?uo=4,https://podcasters.spotify.com/pod/show/lemonblap
4.24,12,Người Bạn Bác Sĩ,Người Bạn Bác Sĩ,vi,https://nguoibanbacsi.com/feed/podcast/,https://podcasts.apple.com/vn/podcast/ng%C6%B0%E1%BB%9Di-b%E1%BA%A1n-b%C3%A1c-s%C4%A9/id1599385061?uo=4,https://nguoibanbacsi.com
4.22,7,Đài Tiếng Nói 1 Cent,Bà Ngoại Ăn Chơi,vi,https://anchor.fm/s/e41356fc/podcast/rss,https://podcasts.apple.com/vn/podcast/%C4%91%C3%A0i-ti%E1%BA%BFng-n%C3%B3i-1-cent/id1695365313?uo=4,https://lengoc154.wixsite.com/ngocle
4.21,25,Chuli Radio,Chuli,vi,https://anchor.fm/s/6095ab7c/podcast/rss,https://podcasts.apple.com/us/podcast/chuli-radio/id1573525983?uo=4,https://podcasters.spotify.com/pod/show/chuliradio
4.21,5,Chuyện Tâm Lý - Thế Giới Chúng Ta Những Ngày Đại Dịch,Psyhub Saigon,vi,https://anchor.fm/s/51f59c30/podcast/rss,https://podcasts.apple.com/vn/podcast/chuy%E1%BB%87n-t%C3%A2m-l%C3%BD-th%E1%BA%BF-gi%E1%BB%9Bi-ch%C3%BAng-ta-nh%E1%BB%AFng-ng%C3%A0y-%C4%91%E1%BA%A1i-d%E1%BB%8Bch/id1559519621?uo=4,psyhub.vn
4.21,7,The ANHEM Podcast by MOV,Macquarie Overseas Vietnamese,vi,https://anchor.fm/s/46d87854/podcast/rss,https://podcasts.apple.com/vn/podcast/the-anhem-podcast-by-mov/id1547756732?uo=4,https://podcasters.spotify.com/pod/show/minh-tung-duong
4.2,5,Bạn Thân Bản Thân,Vietcetera,vi,https://anchor.fm/s/10365dd2c/podcast/rss,https://podcasts.apple.com/us/podcast/b%E1%BA%A1n-th%C3%A2n-b%E1%BA%A3n-th%C3%A2n/id1698876481?uo=4,https://www.buzzsprout.com/2222272
4.2,22,Podcast Việt Nam,Podcast Việt Nam,vi,https://anchor.fm/s/83ec8e38/podcast/rss,https://podcasts.apple.com/us/podcast/podcast-vi%E1%BB%87t-nam/id1610298069?uo=4,https://podcasters.spotify.com/pod/show/podcast-vit-nam-thanhhai
4.19,34,"Đồ lót giá sỉ - Áo ngực, áo bra, quần lót nữ chất lượng cao!","Đồ lót giá sỉ - Áo ngực, áo bra, quần lót nữ chất lượng cao!",vi-vn,https://dolotgiasi.com/feed/all-podcast.xml,https://podcasts.apple.com/vn/podcast/%C4%91%E1%BB%93-l%C3%B3t-gi%C3%A1-s%E1%BB%89-%C3%A1o-ng%E1%BB%B1c-%C3%A1o-bra-qu%E1%BA%A7n-l%C3%B3t-n%E1%BB%AF-ch%E1%BA%A5t-l%C6%B0%E1%BB%A3ng-cao/id1567882512?uo=4,https://dolotgiasi.com/
4.19,11,Tien's Corner (Góc Của Tiến),Tien's Corner (Góc Của Tiến),vi,https://anchor.fm/s/f768377c/podcast/rss,https://podcasts.apple.com/vn/podcast/tiens-corner-g%C3%B3c-c%E1%BB%A7a-ti%E1%BA%BFn/id1751174915?uo=4,https://podcasters.spotify.com/pod/show/tiens-corner-gc-ca-tin
4.18,9,Duy Nguyễn - Những đế chế cổ đại kiêu hùng của thế giới,Duy Nguyen,vi,https://anchor.fm/s/10c807d68/podcast/rss,https://podcasts.apple.com/us/podcast/duy-nguy%E1%BB%85n-nh%E1%BB%AFng-%C4%91%E1%BA%BF-ch%E1%BA%BF-c%E1%BB%95-%C4%91%E1%BA%A1i-ki%C3%AAu-h%C3%B9ng-c%E1%BB%A7a-th%E1%BA%BF-gi%E1%BB%9Bi/id1859172991?uo=4,https://podcasters.spotify.com/pod/show/duy-nguyen-world-az6
4.18,5,Đừng Để Tiền Rơi,Học Viện FlowCap,vi,https://anchor.fm/s/1047f2e5c/podcast/rss,https://podcasts.apple.com/vn/podcast/%C4%91%C6%B0-ng-%C4%91%C3%AA-ti%C3%AA-n-r%C6%A1i/id1812627439?uo=4,https://flowcap.vn
4.15,66,Girl from somewhere,Girl from somewhere,vi,https://anchor.fm/s/6a291fc0/podcast/rss,https://podcasts.apple.com/us/podcast/girl-from-somewhere/id1585512600?uo=4,https://podcasters.spotify.com/pod/show/girl-from-somewhere6
4.14,24,Tạp chí tiêu điểm,RFI Tiếng Việt,vi,https://apis.rfi.fr/products/get_product/rfi_getpodcast_by_nid?token_application=975d23b8-7a07-11e8-9f62-005056a90194&program.entrepriseId=WB15420-RFI-VI-20100305,https://podcasts.apple.com/us/podcast/t%E1%BA%A1p-ch%C3%AD-ti%C3%AAu-%C4%91i%E1%BB%83m/id1495218666?uo=4,https://www.rfi.fr/vi/ph%C3%A1t-thanh/t%E1%BA%A1p-ch%C3%AD-ti%C3%AAu-%C4%91i%E1%BB%83m/
4.14,18,Tâm sự cùng Milio,Vài ba câu chuyện bên lề về cuộc sống của mình,vi,https://anchor.fm/s/d1897160/podcast/rss,https://podcasts.apple.com/vn/podcast/t%C3%A2m-s%E1%BB%B1-c%C3%B9ng-milio/id1657127554?uo=4,https://podcasters.spotify.com/pod/show/tamsucungmilio
4.14,27,Crypto Vỡ Lòng,Son Tran,vi,https://anchor.fm/s/75d27448/podcast/rss,https://podcasts.apple.com/vn/podcast/crypto-v%E1%BB%A1-l%C3%B2ng/id1609082299?uo=4,https://beacons.ai/cryptovl
4.13,32,Bản tin Podcast của Web3 Việt Nam,Web3 Việt Nam,vi,https://anchor.fm/s/122889c8/podcast/rss,https://podcasts.apple.com/us/podcast/b%E1%BA%A3n-tin-podcast-c%E1%BB%A7a-web3-vi%E1%BB%87t-nam/id1562937872?uo=4,https://discord.gg/8bwJyd6Rgt
4.11,23,Kênh Làm Game - Games Nhà Làm,gamesnhalam,vi,https://anchor.fm/s/df9d7fa8/podcast/rss,https://podcasts.apple.com/us/podcast/k%C3%AAnh-l%C3%A0m-game-games-nh%C3%A0-l%C3%A0m/id1683589115?uo=4,https://www.gamesnhalam.com
4.1,24,Tạp chí đặc biệt,RFI Tiếng Việt,vi,https://apis.rfi.fr/products/get_product/rfi_getpodcast_by_nid?token_application=975d23b8-7a07-11e8-9f62-005056a90194&program.entrepriseId=WB15421-RFI-VI-20100305,https://podcasts.apple.com/us/podcast/t%E1%BA%A1p-ch%C3%AD-%C4%91%E1%BA%B7c-bi%E1%BB%87t/id1574624782?uo=4,https://www.rfi.fr/vi/ph%C3%A1t-thanh/t%E1%BA%A1p-ch%C3%AD-%C4%91%E1%BA%B7c-bi%E1%BB%87t/
4.09,20,Nghĩ Ngược Sống Xuôi,Nghĩ Ngược Sống Xuôi,vi,https://anchor.fm/s/111f4c6a0/podcast/rss,https://podcasts.apple.com/vn/podcast/ngh%C4%A9-ng%C6%B0%E1%BB%A3c-s%E1%BB%91ng-xu%C3%B4i/id1895610559?uo=4,https://podcasters.spotify.com/pod/show/nghi-nguoc-song-xuoi
4.08,35,Podcast Nhẹ Nhàng Mà Sống,Coach Ivy Thư Lê,vi,https://api.substack.com/feed/podcast/1088730.rss,https://podcasts.apple.com/vn/podcast/podcast-nh%E1%BA%B9-nh%C3%A0ng-m%C3%A0-s%E1%BB%91ng/id1724279992?uo=4,https://ivythule.substack.com/podcast
4.07,24,Tạp chí Việt Nam,RFI Tiếng Việt,vi,https://apis.rfi.fr/products/get_product/rfi_getpodcast_by_nid?token_application=975d23b8-7a07-11e8-9f62-005056a90194&program.entrepriseId=WB15365-RFI-VI-20100225,https://podcasts.apple.com/us/podcast/t%E1%BA%A1p-ch%C3%AD-vi%E1%BB%87t-nam/id1574625714?uo=4,https://www.rfi.fr/vi/ph%C3%A1t-thanh/t%E1%BA%A1p-ch%C3%AD-vi%E1%BB%87t-nam/
4.07,13,Thành Ca,Thành Dương,vi,https://anchor.fm/s/60af6ae4/podcast/rss,https://podcasts.apple.com/vn/podcast/tha-nh-ca/id1747273757?uo=4,https://podcasters.spotify.com/pod/show/thanh-duong
4.06,25,Tạp chí Người Hà Nội | Đọc truyện đêm khuya,Đọc truyện đêm khuya - Podcast Tạp chí Người Hà Nội,vi,https://anchor.fm/s/10f79b9f8/podcast/rss,https://podcasts.apple.com/vn/podcast/t%E1%BA%A1p-ch%C3%AD-ng%C6%B0%E1%BB%9Di-h%C3%A0-n%E1%BB%99i-%C4%91%E1%BB%8Dc-truy%E1%BB%87n-%C4%91%C3%AAm-khuya/id1885468467?uo=4,https://podcasters.spotify.com/pod/show/ngi-h-ni
4.06,21,Chuyện Tiền &amp; Đời,Khánh,vi,https://anchor.fm/s/ff927ed0/podcast/rss,https://podcasts.apple.com/vn/podcast/chuy%E1%BB%87n-ti%E1%BB%81n-%C4%91%E1%BB%9Di/id1896801665?uo=4,https://www.youtube.com/@chuyentienvadoi
4.03,10,Coach Trang Phan,CoachTrangPhan,en,https://api.substack.com/feed/podcast/5242728.rss,https://podcasts.apple.com/us/podcast/coach-trang-phan/id1588452190?uo=4,https://coachtrangphanpodcast.substack.com/podcast
4.03,51,MinhDigi - Kiến thức SEO Marketing tổng hợp,MinhDigi,vi,https://anchor.fm/s/1071b8160/podcast/rss,https://podcasts.apple.com/us/podcast/minhdigi-ki%E1%BA%BFn-th%E1%BB%A9c-seo-marketing-t%E1%BB%95ng-h%E1%BB%A3p/id1827699307?uo=4,https://minhdigi.com/
4.02,51,Bóng đá 365 - Trang tin tức về bóng đá trong nước và quốc tế,Bóng đá 365 Club,vi,https://anchor.fm/s/5b401f04/podcast/rss,https://podcasts.apple.com/us/podcast/b%C3%B3ng-%C4%91%C3%A1-365-trang-tin-t%E1%BB%A9c-v%E1%BB%81-b%C3%B3ng-%C4%91%C3%A1-trong-n%C6%B0%E1%BB%9Bc-v%C3%A0-qu%E1%BB%91c-t%E1%BA%BF/id1567789707?uo=4,https://bongda365.club/
4.02,8,Đi hay Ở?,Hướng nghiệp Sông An,vi,https://anchor.fm/s/95901664/podcast/rss,https://podcasts.apple.com/vn/podcast/%C4%91i-hay-%E1%BB%9F/id1640994510?uo=4,https://huongnghiepsongan.com/
4.01,6,Bơi Ra Biển Lớn,Edunation Pathway Vietnam,vi,https://anchor.fm/s/5eb64938/podcast/rss,https://podcasts.apple.com/vn/podcast/b%C6%A1i-ra-bi%E1%BB%83n-l%E1%BB%9Bn/id1572811702?uo=4,https://fb.com/edunationpathwayvn
4.0,48,Cùng nhau học tiếng Nhật: Hội thoại tiếng Nhật | NHK WORLD-JAPAN,,vi,https://www3.nhk.or.jp/nhkworld/lesson/vi/rss/podcast.xml,https://podcasts.apple.com/us/podcast/c%C3%B9ng-nhau-h%E1%BB%8Dc-ti%E1%BA%BFng-nh%E1%BA%ADt-h%E1%BB%99i-tho%E1%BA%A1i-ti%E1%BA%BFng-nh%E1%BA%ADt-nhk-world-japan/id1482221235?uo=4,https://www3.nhk.or.jp/nhkworld/lesson/vi/
4.0,13,Haruki Murakami - Kafka Bên Bờ Biển Sách Nói - Ý Mi Lan,Ý Mi Lan,vi,https://anchor.fm/s/bf1f7bf0/podcast/rss,https://podcasts.apple.com/vn/podcast/haruki-murakami-kafka-b%C3%AAn-b%E1%BB%9D-bi%E1%BB%83n-s%C3%A1ch-n%C3%B3i-%C3%BD-mi-lan/id1651253634?uo=4,https://podcasters.spotify.com/pod/show/mi-lan
4.0,20,Góc Sống Khỏe,Khánh,vi,https://anchor.fm/s/ff858a68/podcast/rss,https://podcasts.apple.com/vn/podcast/g%C3%B3c-s%E1%BB%91ng-kh%E1%BB%8Fe/id1896801694?uo=4,https://www.youtube.com/@GocSongKhoe247
4.0,26,Lia Thia,Duy Cao,vi,https://anchor.fm/s/65a31cf8/podcast/rss,https://podcasts.apple.com/vn/podcast/lia-thia/id1579119608?uo=4,https://liathialivres.blogspot.com
4.0,15,World of Cybersecurity,Evvo Labs Vietnam,vi,https://anchor.fm/s/e71fe02c/podcast/rss,https://podcasts.apple.com/vn/podcast/world-of-cybersecurity/id1701961138?uo=4,https://podcasters.spotify.com/pod/show/evvo-labs-vn
3.99,7,Quả Địa Cầu,Kiet & Ly,vi,https://anchor.fm/s/6d1f41c8/podcast/rss,https://podcasts.apple.com/vn/podcast/qu%E1%BA%A3-%C4%91%E1%BB%8Ba-c%E1%BA%A7u/id1587565525?uo=4,https://podcasters.spotify.com/pod/show/qua-dia-cau
3.97,43,Truyện của Cam - Truyện cho bé mỗi tối,Gafc,vi,https://anchor.fm/s/61019030/podcast/rss,https://podcasts.apple.com/us/podcast/truy%E1%BB%87n-c%E1%BB%A7a-cam-truy%E1%BB%87n-cho-b%C3%A9-m%E1%BB%97i-t%E1%BB%91i/id1574150291?uo=4,https://podcasters.spotify.com/pod/show/gafc
3.97,5,Behind The BEAUTY,ZNews,vi,https://anchor.fm/s/f6f90320/podcast/rss,https://podcasts.apple.com/vn/podcast/behind-the-beauty/id1749242864?uo=4,https://zcast.vn
3.95,16,Đi cà phê không,@dicaphekhong,vi,https://anchor.fm/s/5fbc28ac/podcast/rss,https://podcasts.apple.com/us/podcast/%C4%91i-c%C3%A0-ph%C3%AA-kh%C3%B4ng/id1572722549?uo=4,https://dicaphekhong.com/
3.95,22,Đài Phát Thanh Tĩnh Lặng,Phùng Nam Hải,vi,https://anchor.fm/s/10ed5ce4c/podcast/rss,https://podcasts.apple.com/vn/podcast/%C4%91%C3%A0i-ph%C3%A1t-thanh-t%C4%A9nh-l%E1%BA%B7ng/id1876590607?uo=4,https://podcasters.spotify.com/pod/show/thebroadcastofstillness
3.95,20,Đảo Địa Lý,Quần Đảo Podcast,vi,https://anchor.fm/s/de9ff054/podcast/rss,https://podcasts.apple.com/vn/podcast/%C4%91%E1%BA%A3o-%C4%91%E1%BB%8Ba-l%C3%BD/id1681410241?uo=4,https://podcasters.spotify.com/pod/show/daodialy
3.93,34,RETI Agents,RETI Agents,vi,https://anchor.fm/s/5bc60f4c/podcast/rss,https://podcasts.apple.com/us/podcast/reti-agents/id1568377673?uo=4,https://podcasters.spotify.com/pod/show/reti-agents
3.93,8,Để Thắng kể bạn nghe | Podcast tiếng Việt,Thang Luu,vi,https://anchor.fm/s/65a4d14c/podcast/rss,https://podcasts.apple.com/vn/podcast/%C4%91%E1%BB%83-th%E1%BA%AFng-k%E1%BB%83-b%E1%BA%A1n-nghe-podcast-ti%E1%BA%BFng-vi%E1%BB%87t/id1578839978?uo=4,https://www.tiktok.com/@dethangke
3.93,15,Tuệ Nga,Tuệ Nga và Câu Chuyện Về Trưởng Thành,vi,https://anchor.fm/s/6817b7a0/podcast/rss,https://podcasts.apple.com/vn/podcast/tu%E1%BB%87-nga/id1583764892?uo=4,https://tuengakate.com/
3.91,21,Truyện cổ tích - NHÀ CỦA THỎ TRẮNG,nhacuathotrang,vi,https://anchor.fm/s/106f0efb8/podcast/rss,https://podcasts.apple.com/us/podcast/truy%E1%BB%87n-c%E1%BB%95-t%C3%ADch-nh%C3%A0-c%E1%BB%A7a-th%E1%BB%8F-tr%E1%BA%AFng/id1845296700?uo=4,https://podcasters.spotify.com/pod/show/linhlephuong7
3.91,11,Phamdong.cc,Phamdong.cc,vi,https://anchor.fm/s/f26986f4/podcast/rss,https://podcasts.apple.com/us/podcast/phamdong-cc/id1732059057?uo=4,https://phamdong.cc/
3.9,34,Pety Yêu Thú Cưng!,Pety App,vi,https://anchor.fm/s/458efd10/podcast/rss,https://podcasts.apple.com/us/podcast/pety-y%C3%AAu-th%C3%BA-c%C6%B0ng/id1546492855?uo=4,https://pety.vn/
3.9,10,Biên Trương Podcast - Loạt series sẽ làm cảm xúc cảm bạn vấn vương,Biên Trương Podcast,vi,https://anchor.fm/s/6fb07330/podcast/rss,https://podcasts.apple.com/vn/podcast/bi%C3%AAn-tr%C6%B0%C6%A1ng-podcast-lo%E1%BA%A1t-series-s%E1%BA%BD-l%C3%A0m-c%E1%BA%A3m-x%C3%BAc-c%E1%BA%A3m/id1603810955?uo=4,https://podcasters.spotify.com/pod/show/yen-swift
3.9,41,Sống Như Ý,Generali Việt Nam,vi,https://anchor.fm/s/e282219c/podcast/rss,https://podcasts.apple.com/vn/podcast/s%E1%BB%91ng-nh%C6%B0-%C3%BD/id1707487249?uo=4,https://generali.vn/
3.89,6,Mẹ Ora Podcast - Podcast Phát triển bản thân dành cho ba mẹ,Mẹ Ora - Bella Lê,vi,https://anchor.fm/s/100068140/podcast/rss,https://podcasts.apple.com/us/podcast/m%E1%BA%B9-ora-podcast-podcast-ph%C3%A1t-tri%E1%BB%83n-b%E1%BA%A3n-th%C3%A2n-d%C3%A0nh-cho-ba-m%E1%BA%B9/id1793874729?uo=4,https://podcasters.spotify.com/pod/show/in-your-sight-media
3.88,6,"ABIZ ""HUNG"" NGHIEP",THE ABIZ,vi,https://anchor.fm/s/5e78c8b0/podcast/rss,https://podcasts.apple.com/vn/podcast/abiz-hung-nghiep/id1571415592?uo=4,https://podcasters.spotify.com/pod/show/the-abiz
3.87,12,Bình luận sách,Minhanh12o,vi,https://anchor.fm/s/112e2c33c/podcast/rss,https://podcasts.apple.com/us/podcast/b%C3%ACnh-lu%E1%BA%ADn-s%C3%A1ch/id1896794636?uo=4,https://podcasters.spotify.com/pod/show/minh-anh1
3.86,18,Heart to Heart- Góc của Tâm - Nâng tầm cảm xúc tích cực,Lê Thị Minh Tâm,vi,https://anchor.fm/s/78f7e734/podcast/rss,https://podcasts.apple.com/vn/podcast/heart-to-heart-g%C3%B3c-c%E1%BB%A7a-t%C3%A2m-n%C3%A2ng-t%E1%BA%A7m-c%E1%BA%A3m-x%C3%BAc-t%C3%ADch-c%E1%BB%B1c/id1600260791?uo=4,https://podcasters.spotify.com/pod/show/l-th-minh-tm
3.85,24,Tạp chí văn hóa,RFI Tiếng Việt,vi,https://apis.rfi.fr/products/get_product/rfi_getpodcast_by_nid?token_application=975d23b8-7a07-11e8-9f62-005056a90194&program.entrepriseId=WB15417-RFI-VI-20100305,https://podcasts.apple.com/us/podcast/t%E1%BA%A1p-ch%C3%AD-v%C4%83n-h%C3%B3a/id1495218103?uo=4,https://www.rfi.fr/vi/ph%C3%A1t-thanh/t%E1%BA%A1p-ch%C3%AD-v%C4%83n-h%C3%B3a/
3.85,5,Phương,Vuong Phuong,vi,https://anchor.fm/s/599f88ec/podcast/rss,https://podcasts.apple.com/us/podcast/ph%C6%B0%C6%A1ng/id1566224341?uo=4,https://podcasters.spotify.com/pod/show/vuonghoaiphuong
3.85,22,Nhật Minh nè,Nhật Minh,vi,https://anchor.fm/s/657e3d20/podcast/rss,https://podcasts.apple.com/vn/podcast/nh%E1%BA%ADt-minh-n%C3%A8/id1579835477?uo=4,https://anchor.fm/nhat-minh-ne
3.84,5,HACK NÃO,OLabs - UX Research Labs,vi,https://anchor.fm/s/80358498/podcast/rss,https://podcasts.apple.com/us/podcast/hack-n%C3%A3o/id1610085341?uo=4,https://podcasters.spotify.com/pod/show/olabs
3.84,24,Tạp chí kinh tế,RFI Tiếng Việt,vi,https://apis.rfi.fr/products/get_product/rfi_getpodcast_by_nid?token_application=975d23b8-7a07-11e8-9f62-005056a90194&program.entrepriseId=WB15419-RFI-VI-20100305,https://podcasts.apple.com/us/podcast/t%E1%BA%A1p-ch%C3%AD-kinh-t%E1%BA%BF/id1574625220?uo=4,https://www.rfi.fr/vi/ph%C3%A1t-thanh/t%E1%BA%A1p-ch%C3%AD-kinh-t%E1%BA%BF/
3.84,10,Alo Bác Sĩ - Tư Vấn Sức Khỏe - WAVES,Alo Bác Sĩ & Waves,vi-vn,https://pinecast.com/feed/alo-bac-si,https://podcasts.apple.com/vn/podcast/alo-b%C3%A1c-s%C4%A9-t%C6%B0-v%E1%BA%A5n-s%E1%BB%A9c-kh%E1%BB%8Fe-waves/id1495624569?uo=4,https://waves8.com/
3.84,17,healyouhealme,Vi Anh,vi,https://anchor.fm/s/704d2d74/podcast/rss,https://podcasts.apple.com/vn/podcast/healyouhealme/id1591029646?uo=4,https://healyouhealme.vn
3.83,18,Bất Động Sản Hà Nội - HaNoi Home,tiếng việt,vi,https://anchor.fm/s/690ebfdc/podcast/rss,https://podcasts.apple.com/vn/podcast/b%E1%BA%A5t-%C4%91%E1%BB%99ng-s%E1%BA%A3n-h%C3%A0-n%E1%BB%99i-hanoi-home/id1584574556?uo=4,https://www.youtube.com/c/HaNoiHome/featured/
3.82,46,Trí Tuệ Nhân Tạo,trituenhantao.io,vi,https://anchor.fm/s/12142a28/podcast/rss,https://podcasts.apple.com/vn/podcast/tr%C3%AD-tu%E1%BB%87-nh%C3%A2n-t%E1%BA%A1o/id1496995716?uo=4,https://trituenhantao.io
3.79,24,Tạp chí thể thao,RFI Tiếng Việt,vi,https://apis.rfi.fr/products/get_product/rfi_getpodcast_by_nid?token_application=975d23b8-7a07-11e8-9f62-005056a90194&program.entrepriseId=WB114-RFI-VI-20090830,https://podcasts.apple.com/us/podcast/t%E1%BA%A1p-ch%C3%AD-th%E1%BB%83-thao/id1574625393?uo=4,https://www.rfi.fr/vi/ph%C3%A1t-thanh/t%E1%BA%A1p-ch%C3%AD-th%E1%BB%83-thao/
3.78,16,chúng mình series,Puu the merman (Người cá mơ màng),vi,https://anchor.fm/s/6a110570/podcast/rss,https://podcasts.apple.com/vn/podcast/ch%C3%BAng-m%C3%ACnh-series/id1586792797?uo=4,https://podcasters.spotify.com/pod/show/chungminhseries
3.76,12,nlb - đọc là Nờ Lờ Bờ,nlb,vi,https://anchor.fm/s/63c96af4/podcast/rss,https://podcasts.apple.com/us/podcast/nlb-%C4%91%E1%BB%8Dc-l%C3%A0-n%E1%BB%9D-l%E1%BB%9D-b%E1%BB%9D/id1576465651?uo=4,https://linktr.ee/nlbbyhei2r
3.76,24,Tạp chí khoa học,RFI Tiếng Việt,vi,https://apis.rfi.fr/products/get_product/rfi_getpodcast_by_nid?token_application=975d23b8-7a07-11e8-9f62-005056a90194&program.entrepriseId=WB42188-RFI-VI-20110316,https://podcasts.apple.com/us/podcast/t%E1%BA%A1p-ch%C3%AD-khoa-h%E1%BB%8Dc/id1495218334?uo=4,https://www.rfi.fr/vi/ph%C3%A1t-thanh/t%E1%BA%A1p-ch%C3%AD-khoa-h%E1%BB%8Dc/
3.76,37,Hoàng Nam Cần Thơ Podcast,Hoàng Nam Cần Thơ,vi,https://hoangnamcantho.com/feed/podcast/,https://podcasts.apple.com/vn/podcast/ho%C3%A0ng-nam-c%E1%BA%A7n-th%C6%A1-podcast/id1887867238?uo=4,https://hoangnamcantho.com/
3.76,5,Cá và Cà phê,Cá và Cà phê,vi,https://anchor.fm/s/5d7a24cc/podcast/rss,https://podcasts.apple.com/vn/podcast/c%C3%A1-v%C3%A0-c%C3%A0-ph%C3%AA/id1571275903?uo=4,https://podcasters.spotify.com/pod/show/cavacaphe-channel
3.75,16,Học văn cô Trương Phương,Học văn cô Trương Phương,vi,https://anchor.fm/s/463f5854/podcast/rss,https://podcasts.apple.com/us/podcast/h%E1%BB%8Dc-v%C4%83n-c%C3%B4-tr%C6%B0%C6%A1ng-ph%C6%B0%C6%A1ng/id1547556773?uo=4,https://truongphuong.com
3.75,19,Khám Phá và Học Hỏi,Keeble,vi,https://anchor.fm/s/ef1f6824/podcast/rss,https://podcasts.apple.com/vn/podcast/kh%C3%A1m-ph%C3%A1-v%C3%A0-h%E1%BB%8Dc-h%E1%BB%8Fi/id1731212946?uo=4,https://podcasters.spotify.com/pod/show/khamphahochoi
3.75,18,May’s here,May Nguyen,vi,https://anchor.fm/s/b4457a68/podcast/rss,https://podcasts.apple.com/vn/podcast/mays-here/id1643381018?uo=4,https://podcasters.spotify.com/pod/show/mayishere
3.74,20,GIEO MẦM YÊU THƯƠNG,GIEO MẦM YÊU THƯƠNG,vi,https://anchor.fm/s/731f4cbc/podcast/rss,https://podcasts.apple.com/us/podcast/gieo-m%E1%BA%A7m-y%C3%AAu-th%C6%B0%C6%A1ng/id1594656397?uo=4,https://nvhtn.org.vn/
3.74,23,Kể Podcast,Phuc Nguyen,vi,https://anchor.fm/s/78bab33c/podcast/rss,https://podcasts.apple.com/vn/podcast/k%E1%BB%83-podcast/id1600077057?uo=4,https://podcasters.spotify.com/pod/show/pnkepodcast
3.73,26,Cửa sổ tình yêu,Nguyen Dien,vi,https://anchor.fm/s/5011a0f8/podcast/rss,https://podcasts.apple.com/us/podcast/c%E1%BB%ADa-s%E1%BB%95-t%C3%ACnh-y%C3%AAu/id1557417632?uo=4,https://podcasters.spotify.com/pod/show/cuasotinhyeu
3.73,15,Dế Mèn Podcast,Đào Minh Tiến,vi,https://anchor.fm/s/5a8e6368/podcast/rss,https://podcasts.apple.com/vn/podcast/d%E1%BA%BF-m%C3%A8n-podcast/id1567049022?uo=4,https://podcasters.spotify.com/pod/show/demenpodcast
3.73,17,Cùng nhau trở về..,Phan Y Ly,vi,https://anchor.fm/s/535573ac/podcast/rss,https://podcasts.apple.com/vn/podcast/c%C3%B9ng-nhau-tr%E1%BB%9F-v%E1%BB%81/id1568998784?uo=4,http://www.nhula.net
3.72,17,Podcast của Luy,Tra Ly Nguyen,vi,https://anchor.fm/s/dbfeefa8/podcast/rss,https://podcasts.apple.com/us/podcast/podcast-c%E1%BB%A7a-luy/id1676494373?uo=4,https://podcasters.spotify.com/pod/show/podcastcualuy
3.72,43,Kiến thức marketing tổng hợp,Lê Văn Phú,vi,https://podcast.lptech.asia/podcast/playlist/1,https://podcasts.apple.com/us/podcast/ki%E1%BA%BFn-th%E1%BB%A9c-marketing-t%E1%BB%95ng-h%E1%BB%A3p/id1624729483?uo=4,https://podcast.lptech.asia/
3.71,24,Tạp chí âm nhạc,RFI Tiếng Việt,vi,https://apis.rfi.fr/products/get_product/rfi_getpodcast_by_nid?token_application=975d23b8-7a07-11e8-9f62-005056a90194&program.entrepriseId=WB92927-RFI-VI-20140506,https://podcasts.apple.com/us/podcast/t%E1%BA%A1p-ch%C3%AD-%C3%A2m-nh%E1%BA%A1c/id1495217848?uo=4,https://www.rfi.fr/vi/ph%C3%A1t-thanh/t%E1%BA%A1p-ch%C3%AD-%C3%A2m-nh%E1%BA%A1c/
3.71,34,Buôn Chuyện Quanh Ta,Buôn Chuyện Quanh Ta,vi,https://anchor.fm/s/4f1413fc/podcast/rss,https://podcasts.apple.com/us/podcast/bu%C3%B4n-chuy%E1%BB%87n-quanh-ta/id1556189010?uo=4,https://go.woanetwork.com/BuonChuyenQuanhTa
3.71,20,Phong trào Duy Tân,Phong trào Duy Tân,vi,https://anchor.fm/s/ff94f8cc/podcast/rss,https://podcasts.apple.com/vn/podcast/phong-tr%C3%A0o-duy-t%C3%A2n/id1788606992?uo=4,https://www.phongtraoduytan.com
3.71,14,Nơi Bóc Hành,Nguyễn Mỹ Duyên,vi,https://anchor.fm/s/6ba55f1c/podcast/rss,https://podcasts.apple.com/vn/podcast/n%C6%A1i-b%C3%B3c-h%C3%A0nh/id1586344137?uo=4,https://noibochanh.com/
3.7,12,Hêu Podcast,Hêu Podcast,vi,https://anchor.fm/s/d3c69bd8/podcast/rss,https://podcasts.apple.com/us/podcast/h%C3%AAu-podcast/id1684181100?uo=4,https://podcasters.spotify.com/pod/show/hu-podcast
3.69,35,"BRAVE (Vietnamese) Công nghệ Đông Nam Á: Singapore, Indonesia, Việt Nam, Philippines, Thái Lan và Malaysia Các công ty khởi nghiệp, nhà sáng lập và quỹ đầu tư mạo hiểm VC",BRAVE,vi,https://feed.pod.co/1325000-characters-translate-brave-southeast-asia-tech-singapore-indonesia-vit-nam-philippines-thi-lan-malaysia,https://podcasts.apple.com/us/podcast/brave-vietnamese-c%C3%B4ng-ngh%E1%BB%87-%C4%91%C3%B4ng-nam-%C3%A1-singapore-indonesia/id1758749570?uo=4,https://www.bravesea.com
3.69,5,Tales of Freedom Podcast by Harley-Davidson Vietnam,Harley-Davidson Vietnam,vi,https://anchor.fm/s/612631ec/podcast/rss,https://podcasts.apple.com/vn/podcast/tales-of-freedom-podcast-by-harley-davidson-vietnam/id1573860227?uo=4,https://harley-alnaboodah.vn/
3.68,16,Thanh Sắc Việt Nam,Yêu Giọng Nói Việt,vi,https://anchor.fm/s/71e2630c/podcast/rss,https://podcasts.apple.com/us/podcast/thanh-s%E1%BA%AFc-vi%E1%BB%87t-nam/id1594161875?uo=4,https://podcasters.spotify.com/pod/show/thanh-sc-vit-nam
3.68,8,Audio Nàng Vy,Vy Phạm,vi,https://anchor.fm/s/37b8590c/podcast/rss,https://podcasts.apple.com/vn/podcast/audio-n%C3%A0ng-vy/id1532929739?uo=4,https://podcasters.spotify.com/pod/show/vypham
3.67,38,Chuyến Tàu Một Chiều Không Trở Lại,Dao Vu,vi,https://anchor.fm/s/5dec4d04/podcast/rss,https://podcasts.apple.com/vn/podcast/chuy%E1%BA%BFn-t%C3%A0u-m%E1%BB%99t-chi%E1%BB%81u-kh%C3%B4ng-tr%E1%BB%9F-l%E1%BA%A1i/id1570905616?uo=4,https://podcasters.spotify.com/pod/show/vudao2000
3.66,16,WiT Family - Hạnh phúc Gia Đình & Gắn kết Yêu Thương,WiT Family,vi,https://anchor.fm/s/d5644ee0/podcast/rss,https://podcasts.apple.com/vn/podcast/wit-family-h%E1%BA%A1nh-ph%C3%BAc-gia-%C4%91%C3%ACnh-g%E1%BA%AFn-k%E1%BA%BFt-y%C3%AAu-th%C6%B0%C6%A1ng/id1662816177?uo=4,https://podcasters.spotify.com/pod/show/wit-family
3.65,17,DOMINIC CHINESE,DOMINIC,zh-cn,https://anchor.fm/s/11517bae0/podcast/rss,https://podcasts.apple.com/us/podcast/dominic-chinese/id6794784978?uo=4,https://podcasters.spotify.com/pod/show/dam-ka-ka3
3.63,23,"Thầy Đoàn - chia sẻ kiến thức về huyền học, tâm linh",Thầy Đoàn,vi,https://anchor.fm/s/ed2af290/podcast/rss,https://podcasts.apple.com/us/podcast/th%E1%BA%A7y-%C4%91o%C3%A0n-chia-s%E1%BA%BB-ki%E1%BA%BFn-th%E1%BB%A9c-v%E1%BB%81-huy%E1%BB%81n-h%E1%BB%8Dc-t%C3%A2m-linh/id1717013977?uo=4,https://youtube.com/@battumanhphai
3.63,33,Triết học và Tư duy phản biện,Đạt Vũ,vi,https://anchor.fm/s/10d4837e0/podcast/rss,https://podcasts.apple.com/us/podcast/tri%E1%BA%BFt-h%E1%BB%8Dc-v%C3%A0-t%C6%B0-duy-ph%E1%BA%A3n-bi%E1%BB%87n/id1865169335?uo=4,https://triethoctuduyphanbien.wordpress.com
3.62,5,Thiên văn Đà Nẵng,Thiên văn Đà Nẵng,vi,https://anchor.fm/s/6b53dac0/podcast/rss,https://podcasts.apple.com/vn/podcast/thi%C3%AAn-v%C4%83n-%C4%91%C3%A0-n%E1%BA%B5ng/id1586535863?uo=4,https://thienvandanang.com/
3.6,19,DOMINIC KOREAN,DOMINIC,ko,https://anchor.fm/s/11045cee4/podcast/rss,https://podcasts.apple.com/us/podcast/dominic-korean/id6792477050?uo=4,https://podcasters.spotify.com/pod/show/dam-ka-ka
3.6,23,Chú Đọc Truyện,Chú Đọc Truyện,vi,https://anchor.fm/s/62ceabf0/podcast/rss,https://podcasts.apple.com/vn/podcast/ch%C3%BA-%C4%91%E1%BB%8Dc-truy%E1%BB%87n/id1575182670?uo=4,https://www.facebook.com/ChuDocTruyen
3.6,24,Lăng kính Khát vọng - Mùa 1,Patient Centered Collaborative Network,vi,https://anchor.fm/s/60d60fdc/podcast/rss,https://podcasts.apple.com/vn/podcast/l%C4%83ng-k%C3%ADnh-kh%C3%A1t-v%E1%BB%8Dng-m%C3%B9a-1/id1573595689?uo=4,https://linkedin.com/company/network-patientcentered/
3.56,19,O Ba Linh,O Ba Linh,vi,https://anchor.fm/s/6a988dec/podcast/rss,https://podcasts.apple.com/vn/podcast/o-ba-linh/id1586458754?uo=4,https://podcasters.spotify.com/pod/show/o-ba-linh
3.55,130,Trung Tâm Điện Tử Quân,Điện Tử Quân,vi-vn,https://suativitannoi.com/podcast.xml,https://podcasts.apple.com/vn/podcast/trung-t%C3%A2m-%C4%91i%E1%BB%87n-t%E1%BB%AD-qu%C3%A2n/id1683783219?uo=4,https://suativitannoi.com/
3.54,14,Văn hóa Nghệ thuật,SBS,vi,https://feeds.sbs.com.au/van-hoa-nghe-thuat,https://podcasts.apple.com/vn/podcast/v%C4%83n-h%C3%B3a-ngh%E1%BB%87-thu%E1%BA%ADt/id1831428892?uo=4,https://www.sbs.com.au/language/vietnamese/vi/podcast/van-hoa-nghe-thuat
3.54,15,Ngọc Vũ,Vũ Văn Ngọc,vi,https://anchor.fm/s/af6c66c8/podcast/rss,https://podcasts.apple.com/vn/podcast/ng%E1%BB%8Dc-v%C5%A9/id1639305716?uo=4,https://podcasters.spotify.com/pod/show/v-vn-ngc
3.54,18,Lựợm.TV,Phạm Thành Long,vi,https://anchor.fm/s/60357568/podcast/rss,https://podcasts.apple.com/vn/podcast/l%E1%BB%B1%E1%BB%A3m-tv/id1573096173?uo=4,https://luom.tv
3.53,18,Bình luận bóng đá,BLV Huỳnh Sang,vi,https://anchor.fm/s/8329f954/podcast/rss,https://podcasts.apple.com/us/podcast/b%C3%ACnh-lu%E1%BA%ADn-b%C3%B3ng-%C4%91%C3%A1/id1609913998?uo=4,https://podcasters.spotify.com/pod/show/huynh-sang
3.52,17,Bs. Lê Trọng Đại,Bs. Lê Trọng Đại,vi,https://anchor.fm/s/3c810bb4/podcast/rss,https://podcasts.apple.com/vn/podcast/bs-l%C3%AA-tr%E1%BB%8Dng-%C4%91%E1%BA%A1i/id1536739287?uo=4,http://letrongdai.com/
3.52,12,Ann Thuy Nguyen Podcast,Ann Thuy Nguyen,vi,https://anchor.fm/s/65600b0c/podcast/rss,https://podcasts.apple.com/vn/podcast/ann-thuy-nguyen-podcast/id1586365655?uo=4,https://blogannthuynguyen.com/
3.51,33,Truyện đọc cho bé,Change Mom's Life,vi,https://anchor.fm/s/6a306ce4/podcast/rss,https://podcasts.apple.com/us/podcast/truy%E1%BB%87n-%C4%91%E1%BB%8Dc-cho-b%C3%A9/id1585549787?uo=4,https://thaydoics.com/
3.5,6,Cánh thư Lam,Cánh thư Lam,vi,https://anchor.fm/s/68d5c6b4/podcast/rss,https://podcasts.apple.com/us/podcast/c%C3%A1nh-th%C6%B0-lam/id1584507570?uo=4,https://canhthulam.com
3.49,13,Nét duyên phụ nữ,Net Duyen Phu Nu,vi,https://anchor.fm/s/347393c4/podcast/rss,https://podcasts.apple.com/vn/podcast/n%C3%A9t-duy%C3%AAn-ph%E1%BB%A5-n%E1%BB%AF/id1530856636?uo=4,https://podcasters.spotify.com/pod/show/netduyenphunu
3.48,32,Sách Hay Phết,BUDDHA'S DIARY,vi,https://anchor.fm/s/10c90e8ec/podcast/rss,https://podcasts.apple.com/vn/podcast/s%C3%A1ch-hay-ph%E1%BA%BFt/id1859500388?uo=4,https://podcasters.spotify.com/pod/show/buddhas-diary1
3.48,30,Gái già mạnh mẽ,By J in Saigon,vi,https://anchor.fm/s/64b14608/podcast/rss,https://podcasts.apple.com/vn/podcast/g%C3%A1i-gi%C3%A0-m%E1%BA%A1nh-m%E1%BA%BD/id1570434905?uo=4,https://podcasters.spotify.com/pod/show/gaigiamanhme
3.48,6,Hành Trình,Vũ Lan Anh,vi,https://anchor.fm/s/5b49c040/podcast/rss,https://podcasts.apple.com/vn/podcast/h%C3%A0nh-tr%C3%ACnh/id1567918125?uo=4,https://hanhtrinhpodcast.com/
3.48,15,Hàn Huyên Haven,Lê Xuân Huyên,vi,https://anchor.fm/s/692a4b6c/podcast/rss,https://podcasts.apple.com/vn/podcast/h%C3%A0n-huy%C3%AAn-haven/id1584675047?uo=4,https://podcasters.spotify.com/pod/show/l-xun-huyn
3.47,10,Đầu tiên tiền đâu?,Đài Thu Thanh,vi,https://pinecast.com/feed/dautientiendau,https://podcasts.apple.com/vn/podcast/%C4%91%E1%BA%A7u-ti%C3%AAn-ti%E1%BB%81n-%C4%91%C3%A2u/id1609880274?uo=4,https://dautientiendau.pinecast.co
3.46,12,VIETSEEDS FM - Để Kể Cho Nghe,VietSeeds students,vi,https://anchor.fm/s/766109d8/podcast/rss,https://podcasts.apple.com/us/podcast/vietseeds-fm-%C4%91%E1%BB%83-k%E1%BB%83-cho-nghe/id1597685750?uo=4,https://podcasters.spotify.com/pod/show/vietseedsfm
3.45,44,THIỀN LOẠI BỎ,meditation2801,vi,https://anchor.fm/s/7c6403f8/podcast/rss,https://podcasts.apple.com/vn/podcast/thi%E1%BB%81n-lo%E1%BA%A1i-b%E1%BB%8F/id1606616774?uo=4,https://podcasters.spotify.com/pod/show/meditation2801
3.45,5,Chị Em Cùng Khùng,Nhu Pham & Ngan Le,vi,https://anchor.fm/s/47bc4a98/podcast/rss,https://podcasts.apple.com/vn/podcast/ch%E1%BB%8B-em-c%C3%B9ng-kh%C3%B9ng/id1560123766?uo=4,https://podcasters.spotify.com/pod/show/chiemcungkhung
3.44,30,Tìm Hiểu Forex Từ Cơ Bản,Đăng Khoa – Forex Trader,vi,https://feeds.redcircle.com/a1e33094-2b27-46ec-9a1a-a73cd22a3246,https://podcasts.apple.com/vn/podcast/t%C3%ACm-hi%E1%BB%83u-forex-t%E1%BB%AB-c%C6%A1-b%E1%BA%A3n/id1865812442?uo=4,https://redcircle.com/shows/tim-hieu-forex-tu-co-ban
3.43,9,Từ Bé Đến Lớn,Hiền Giang & Nam Phương,vi,https://tubedenlon.com/feed/mp3/,https://podcasts.apple.com/us/podcast/t%E1%BB%AB-b%C3%A9-%C4%91%E1%BA%BFn-l%E1%BB%9Bn/id1656652100?uo=4,https://tubedenlon.com
3.43,19,M21 Podcast,M21 Podcast,vi,https://anchor.fm/s/baca26e0/podcast/rss,https://podcasts.apple.com/us/podcast/m21-podcast/id1646661387?uo=4,https://podcasters.spotify.com/pod/show/podcast-m21
3.42,21,Tâm tình cùng Lam,Lam,vi,https://anchor.fm/s/609b2f98/podcast/rss,https://podcasts.apple.com/vn/podcast/t%C3%A2m-t%C3%ACnh-c%C3%B9ng-lam/id1573464745?uo=4,https://podcasters.spotify.com/pod/show/tamtinhcunglam
3.41,9,Hóng Hớt Showbiz,Hóng Hớt Showbiz & Waves,vi,https://pinecast.com/feed/hong-hot-showbiz,https://podcasts.apple.com/us/podcast/h%C3%B3ng-h%E1%BB%9Bt-showbiz/id1493802184?uo=4,https://waves8.com
3.38,10,HỌC TỤNG GIỚI BỔN - PATIMOKKHA PALI,Minh Đăng Podcast,vi,https://anchor.fm/s/10e452d4c/podcast/rss,https://podcasts.apple.com/vn/podcast/h%E1%BB%8Dc-t%E1%BB%A5ng-gi%E1%BB%9Bi-b%E1%BB%95n-patimokkha-pali/id1896932818?uo=4,https://podcasters.spotify.com/pod/show/d-d-b24
3.37,7,Chuyện Giáo Dục,"Linh Hồ, PhD.",vi,https://anchor.fm/s/f7207c98/podcast/rss,https://podcasts.apple.com/vn/podcast/chuy%E1%BB%87n-gi%C3%A1o-d%E1%BB%A5c/id1750624777?uo=4,https://www.themarveller.com
3.37,20,Xa nhà cùng Tee Pham,Tee Pham,vi,https://feeds.redcircle.com/49d792fb-b6e0-4859-8137-1b608f9e9a74,https://podcasts.apple.com/vn/podcast/xa-nh%C3%A0-c%C3%B9ng-tee-pham/id1823910253?uo=4,https://redcircle.com/shows/xa-nha-cung-tee-pham
3.36,15,Hạ Hồng Việt | Thợ Xây Tên Tuổi,Hạ Hồng Việt,vi,https://anchor.fm/s/e8ae8038/podcast/rss,https://podcasts.apple.com/us/podcast/h%E1%BA%A1-h%E1%BB%93ng-vi%E1%BB%87t-th%E1%BB%A3-x%C3%A2y-t%C3%AAn-tu%E1%BB%95i/id1706719164?uo=4,https://www.sellator.net
3.36,25,Tủ Sách Nền Tảng Đổi Đời,Trung Nguyên Legend,vi,https://anchor.fm/s/10986e37c/podcast/rss,https://podcasts.apple.com/vn/podcast/t%E1%BB%A7-s%C3%A1ch-n%E1%BB%81n-t%E1%BA%A3ng-%C4%91%E1%BB%95i-%C4%91%E1%BB%9Di/id1841779200?uo=4,https://tusachnentangdoidoi.com
3.34,26,Tạp chí Người Hà Nội | Tản văn,Tản văn - Podcast Tạp chí Người Hà Nội,vi,https://anchor.fm/s/11043bdfc/podcast/rss,https://podcasts.apple.com/vn/podcast/t%E1%BA%A1p-ch%C3%AD-ng%C6%B0%E1%BB%9Di-h%C3%A0-n%E1%BB%99i-t%E1%BA%A3n-v%C4%83n/id1885481438?uo=4,https://podcasters.spotify.com/pod/show/ngi-h-ni4
3.34,25,TÀI CHÍNH DÀNH CHO GIỚI TRẺ,Money Studio,vi,https://anchor.fm/s/5f996b50/podcast/rss,https://podcasts.apple.com/vn/podcast/t%C3%A0i-ch%C3%ADnh-d%C3%A0nh-cho-gi%E1%BB%9Bi-tr%E1%BA%BB/id1574090523?uo=4,https://www.moneystudio.vn
3.33,9,Giải ảo thời sự - KTG NXN,Nguyen Xuan Nghia,vi,https://feed.podbean.com/hxe24919xx/feed.xml,https://podcasts.apple.com/vn/podcast/gi%E1%BA%A3i-%E1%BA%A3o-th%E1%BB%9Di-s%E1%BB%B1-ktg-nxn/id1552662740?uo=4,https://hxe24919xx.podbean.com
3.33,32,Trường Cao Đẳng Y Khoa Phạm Ngọc Thạch,Cao Dang Y Khoa Pham Ngoc Thach,vi,https://anchor.fm/s/5b805a60/podcast/rss,https://podcasts.apple.com/vn/podcast/tr%C6%B0%E1%BB%9Dng-cao-%C4%91%E1%BA%B3ng-y-khoa-ph%E1%BA%A1m-ng%E1%BB%8Dc-th%E1%BA%A1ch/id1644463374?uo=4,https://caodangyduochochiminh.vn
3.32,5,8HR - BÍ MẬT NGƯỜI TRONG CUỘC,Link Power,vi,https://anchor.fm/s/54c92ef4/podcast/rss,https://podcasts.apple.com/vn/podcast/8hr-b%C3%AD-m%E1%BA%ADt-ng%C6%B0%E1%BB%9Di-trong-cu%E1%BB%99c/id1561565970?uo=4,https://podcasters.spotify.com/pod/show/link-power2
3.31,22,Jul Ng.,Jul Nguyen,vi,https://anchor.fm/s/5f015f18/podcast/rss,https://podcasts.apple.com/us/podcast/jul-ng/id1571900037?uo=4,https://podcasters.spotify.com/pod/show/jul-nguyen
3.31,9,VŨ TRỤ TRONG TẦM MẮT,thienvanhoc.vn,vi,https://anchor.fm/s/10da5b064/podcast/rss,https://podcasts.apple.com/us/podcast/v%C5%A9-tr%E1%BB%A5-trong-t%E1%BA%A7m-m%E1%BA%AFt/id1868206090?uo=4,https://thienvanhoc.vn
3.3,73,VI TIẾU (Sách nói),Thầy Viên Minh,vi,https://anchor.fm/s/fe3dadfc/podcast/rss,https://podcasts.apple.com/vn/podcast/vi-ti%E1%BA%BFu-s%C3%A1ch-n%C3%B3i/id1782620713?uo=4,http://trungtamhotong.org/
3.3,9,Lân Nguyễn,NGUYỄN TẤT LÂN,vi,https://anchor.fm/s/67f5fc78/podcast/rss,https://podcasts.apple.com/vn/podcast/l%C3%A2n-nguy%E1%BB%85n/id1583290029?uo=4,https://podcasters.spotify.com/pod/show/things-on-the-road
3.28,37,SuperTeo | Hành Trang Tuổi Trẻ,SuperTeo,vi,https://anchor.fm/s/5c762634/podcast/rss,https://podcasts.apple.com/us/podcast/superteo-h%C3%A0nh-trang-tu%E1%BB%95i-tr%E1%BA%BB/id1569111542?uo=4,https://podcasters.spotify.com/pod/show/hisuperteo
3.27,10,Shines.98,Shines.98,vi,https://anchor.fm/s/6b0b2064/podcast/rss,https://podcasts.apple.com/us/podcast/shines-98/id1586335847?uo=4,https://podcasters.spotify.com/pod/show/shines98
3.27,22,Góc Khán Đài,Góc Khán Đài,vi,https://anchor.fm/s/577a8e40/podcast/rss,https://podcasts.apple.com/vn/podcast/g%C3%B3c-kh%C3%A1n-%C4%91%C3%A0i/id1566486311?uo=4,https://gockhandai.vn
3.26,20,Vietnamese Shadowing | Learn Vietnamese | Vietnamese Broadcasting | Learning Vietnam Học Tiếng Việt,Vietnamese Shadowing,vi,https://anchor.fm/s/60dda288/podcast/rss,https://podcasts.apple.com/vn/podcast/vietnamese-shadowing-learn-vietnamese-vietnamese-broadcasting/id1574163563?uo=4,https://vietnameseshadowing.wordpress.com/
3.26,18,Nguyễn Văn Nhất,Nguyễn Văn Nhất,vi,https://anchor.fm/s/e79da570/podcast/rss,https://podcasts.apple.com/vn/podcast/nguy%E1%BB%85n-v%C4%83n-nh%E1%BA%A5t/id1703485145?uo=4,https://nhatca.vn
3.25,37,Cá Sấu Ăn Chay,Anh Chú,vi,https://anchor.fm/s/1042d6ea0/podcast/rss,https://podcasts.apple.com/vn/podcast/c%C3%A1-s%E1%BA%A5u-%C4%83n-chay/id1816430265?uo=4,https://casauanchay.com
3.24,34,Sụppótcast,Sụppótcast,vi,https://anchor.fm/s/63668948/podcast/rss,https://podcasts.apple.com/us/podcast/s%E1%BB%A5pp%C3%B3tcast/id1576863360?uo=4,https://podcasters.spotify.com/pod/show/suppotcast
3.24,9,Ế và TÂM THẦN,Ế và Tâm Thần,vi,https://anchor.fm/s/5e5bbb94/podcast/rss,https://podcasts.apple.com/vn/podcast/%E1%BA%BF-v%C3%A0-t%C3%A2m-th%E1%BA%A7n/id1571288285?uo=4,https://podcasters.spotify.com/pod/show/e-va-tamthan
3.23,22,Cha Kể Con Nghe,Soul Coach,vi,https://anchor.fm/s/10a1cf95c/podcast/rss,https://podcasts.apple.com/vn/podcast/cha-k%E1%BB%83-con-nghe/id1844179865?uo=4,https://www.youtube.com/@chakeconnghepodcast
3.21,44,Paul Tran,Paul _ Những Mẩu Chuyện Nhỏ,vi,https://anchor.fm/s/1074f48d8/podcast/rss,https://podcasts.apple.com/us/podcast/paul-tran/id1827263074?uo=4,https://podcasters.spotify.com/pod/show/ttngphoto
3.21,55,lê thơ,lê thơ,vi,https://anchor.fm/s/58293404/podcast/rss,https://podcasts.apple.com/vn/podcast/l%C3%AA-th%C6%A1/id1565251010?uo=4,https://podcasters.spotify.com/pod/show/l-th
3.2,12,Mình kể bạn nghe,Lê Thuỳ Linh,vi,https://anchor.fm/s/d886e4fc/podcast/rss,https://podcasts.apple.com/vn/podcast/m%C3%ACnh-k%E1%BB%83-b%E1%BA%A1n-nghe/id1691504491?uo=4,https://podcasters.spotify.com/pod/show/l-thu-linh9
3.2,31,Sách Tiêm chủng vắc xin trọn đời VNVC,Trung tâm tiêm chủng VNVC,vi,https://anchor.fm/s/10425ffe4/podcast/rss,https://podcasts.apple.com/vn/podcast/s%C3%A1ch-ti%C3%AAm-ch%E1%BB%A7ng-v%E1%BA%AFc-xin-tr%E1%BB%8Dn-%C4%91%E1%BB%9Di-vnvc/id1814783793?uo=4,https://vnvc.vn/
3.2,10,Thuynhoi Tran,"Thuy Tran, PhD",vi,https://anchor.fm/s/48db5a18/podcast/rss,https://podcasts.apple.com/vn/podcast/thuynhoi-tran/id1550165409?uo=4,https://podcasters.spotify.com/pod/show/thuynhoitran
3.19,22,Topu Podcast (Topu Kể Chuyện Đời),topupodcast,vi,https://anchor.fm/s/9eb3dd98/podcast/rss,https://podcasts.apple.com/us/podcast/topu-podcast-topu-k%E1%BB%83-chuy%E1%BB%87n-%C4%91%E1%BB%9Di/id1739325241?uo=4,https://topukechuyendoi.com
3.19,20,"Phòng khám MedFit - Giảm cân, giảm béo, giảm mỡ chuẩn y khoa",Phòng Khám MedFit,vi,https://anchor.fm/s/ff0691b8/podcast/rss,https://podcasts.apple.com/vn/podcast/ph%C3%B2ng-kh%C3%A1m-medfit-gi%E1%BA%A3m-c%C3%A2n-gi%E1%BA%A3m-b%C3%A9o-gi%E1%BA%A3m-m%E1%BB%A1-chu%E1%BA%A9n-y-khoa/id1786068722?uo=4,https://medfit.vn/
3.19,5,Cái giá của một miếng ăn,Ninh Trung Vu,vi,https://anchor.fm/s/10a02aafc/podcast/rss,https://podcasts.apple.com/vn/podcast/c%C3%A1i-gi%C3%A1-c%E1%BB%A7a-m%E1%BB%99t-mi%E1%BA%BFng-%C4%83n/id1843643005?uo=4,https://ninhtito.com
3.18,13,Tiền đâu rồi | Tâm lý tài chính,Tiền đâu rồi,vi,https://anchor.fm/s/1119d35d4/podcast/rss,https://podcasts.apple.com/us/podcast/ti%E1%BB%81n-%C4%91%C3%A2u-r%E1%BB%93i-t%C3%A2m-l%C3%BD-t%C3%A0i-ch%C3%ADnh/id1894460521?uo=4,https://podcasters.spotify.com/pod/show/unganh8
3.17,23,Nha sĩ - Marketing & Quản trị,VMOG - Radio 4 Dental,vi,https://anchor.fm/s/6faab800/podcast/rss,https://podcasts.apple.com/us/podcast/nha-s%C4%A9-marketing-qu%E1%BA%A3n-tr%E1%BB%8B/id1590276832?uo=4,https://podcasters.spotify.com/pod/show/nha-si-marketing-quan-tri
3.17,6,Căn-tin Trường Luật,Globalized Era Scholarship Ho Chi Minh,vi,https://anchor.fm/s/6548a854/podcast/rss,https://podcasts.apple.com/us/podcast/c%C4%83n-tin-tr%C6%B0%E1%BB%9Dng-lu%E1%BA%ADt/id1578165012?uo=4,https://podcasters.spotify.com/pod/show/gesscholarshiphcm
3.16,22,Kinh doanh & Cuộc sống,Nguyên Hoàng,vi,https://anchor.fm/s/663592b8/podcast/rss,https://podcasts.apple.com/vn/podcast/kinh-doanh-cu%E1%BB%99c-s%E1%BB%91ng/id1580494271?uo=4,https://hoangsynguyen.com
3.16,14,Chu nói chuyện trời mây,Chu Diễm Quỳnh,vi,https://anchor.fm/s/8d5821e4/podcast/rss,https://podcasts.apple.com/vn/podcast/chu-n%C3%B3i-chuy%E1%BB%87n-tr%E1%BB%9Di-m%C3%A2y/id1616870400?uo=4,https://podcasters.spotify.com/pod/show/quynh-diem-chu
3.16,36,SoanVan,Tiến Vũ,vi,https://anchor.fm/s/f01c9ecc/podcast/rss,https://podcasts.apple.com/vn/podcast/soanvan/id1772280319?uo=4,https://soanvan.com.vn/
3.15,13,Mystery Playlist - Hồ Sơ Bí Ẩn,Group X,vi,https://anchor.fm/s/6fb2d238/podcast/rss,https://podcasts.apple.com/vn/podcast/mystery-playlist-h%E1%BB%93-s%C6%A1-b%C3%AD-%E1%BA%A9n/id1590380656?uo=4,https://podcasters.spotify.com/pod/show/mystery-playlist
3.13,9,Typical Tcapitals,Nguyễn Tuấn Anh,vi,https://anchor.fm/s/5d789b70/podcast/rss,https://podcasts.apple.com/us/podcast/typical-tcapitals/id1583334156?uo=4,https://podcasters.spotify.com/pod/show/tun-anh-nguyn
3.13,25,Vietnamese with Ease,Chu Thi Huong Quynh,vi,https://anchor.fm/s/e2824e24/podcast/rss,https://podcasts.apple.com/vn/podcast/vietnamese-with-ease/id1689546020?uo=4,https://ispeakvietlingo.com
3.13,10,Podcasts – Life Abroad Podcast,Anh and Thai,vi,https://feeds.feedburner.com/LifeAbroadPodcast,https://podcasts.apple.com/vn/podcast/podcasts-life-abroad-podcast/id1037739973?uo=4,https://lifeabroadpodcast.wordpress.com
3.12,9,Tóm tắt sách cùng Lucas,Lucas Nguyen,vi,https://anchor.fm/s/5ad18a6c/podcast/rss,https://podcasts.apple.com/vn/podcast/t%C3%B3m-t%E1%BA%AFt-s%C3%A1ch-c%C3%B9ng-lucas/id1567221349?uo=4,https://podcasters.spotify.com/pod/show/lucas-ng
3.12,13,Dulegal Podcast,Dũng Pháp Lý,vi,https://anchor.fm/s/10fef3a0c/podcast/rss,https://podcasts.apple.com/vn/podcast/dulegal-podcast/id1883497792?uo=4,https://podcasters.spotify.com/pod/show/dutea
3.11,46,"Thành Trung Mobile - Sửa chữa, tối ưu điện thoại di động",Thành Trung Mobile,vi,https://media.rss.com/thanhtrungmobile/feed.xml,https://podcasts.apple.com/vn/podcast/th%C3%A0nh-trung-mobile-s%E1%BB%ADa-ch%E1%BB%AFa-t%E1%BB%91i-%C6%B0u-%C4%91i%E1%BB%87n-tho%E1%BA%A1i-di-%C4%91%E1%BB%99ng/id1896940501?uo=4,https://rss.com/podcasts/thanhtrungmobile
3.11,48,Bài học tài chính,Tài chính Học đường,vi,https://anchor.fm/s/10bb2d494/podcast/rss,https://podcasts.apple.com/vn/podcast/b%C3%A0i-h%E1%BB%8Dc-t%C3%A0i-ch%C3%ADnh/id1853562884?uo=4,https://taichinhhocduong.edu.vn/
3.1,12,Truyện của Emma,Emma Hạ My,vi,https://anchor.fm/s/d645ce9c/podcast/rss,https://podcasts.apple.com/us/podcast/truy%E1%BB%87n-c%E1%BB%A7a-emma/id1694572451?uo=4,https://podcasters.spotify.com/pod/show/my-nguyen06
3.1,5,Nhân vị Trọng tâm Việt Nam,Nhân vị Trọng tâm Việt Nam,en,https://api.substack.com/feed/podcast/10552251/s/445770.rss,https://podcasts.apple.com/us/podcast/nh%C3%A2n-v%E1%BB%8B-tr%E1%BB%8Dng-t%C3%A2m-vi%E1%BB%87t-nam/id1883226223?uo=4,https://nhanvitrongtamvietnam.substack.com/s/nhan-vi-trong-tam-viet-nam
3.1,10,LILY'S PODCAST,My Linh,vi,https://anchor.fm/s/4698f3c8/podcast/rss,https://podcasts.apple.com/vn/podcast/lilys-podcast/id1554155596?uo=4,https://www.youtube.com/channel/UCpfsAtVtKySXVnLIcYf0yCg/featured
3.1,7,ONE TWO SKY VIET NAM,ONE TWO SKY VIETNAM,vi,https://anchor.fm/s/e4a4f7d8/podcast/rss,https://podcasts.apple.com/vn/podcast/one-two-sky-viet-nam/id1697494497?uo=4,https://podcasters.spotify.com/pod/show/one-two-sky-vietnam
3.09,6,Chuyện kể từ những chuyến đi,Chuyện kể từ những chuyến đi,vi,https://anchor.fm/s/5c39b58c/podcast/rss,https://podcasts.apple.com/vn/podcast/chuy%E1%BB%87n-k%E1%BB%83-t%E1%BB%AB-nh%E1%BB%AFng-chuy%E1%BA%BFn-%C4%91i/id1571223670?uo=4,https://chuyenketunhungchuyendi.com/
3.09,29,Góc Của Liên,Góc Của Liên,vi,https://anchor.fm/s/622f8f20/podcast/rss,https://podcasts.apple.com/vn/podcast/g%C3%B3c-c%E1%BB%A7a-li%C3%AAn/id1574751961?uo=4,https://goccualien.com
3.08,7,Nhật Ký Gen Zii,Thế Toàn,vi,https://anchor.fm/s/6a49c784/podcast/rss,https://podcasts.apple.com/vn/podcast/nh%E1%BA%ADt-k%C3%BD-gen-zii/id1588036820?uo=4,https://podcasters.spotify.com/pod/show/thetoan0812
3.07,9,Sách Sự Thật,Giêsu Kitô Vua Channel,vi,https://anchor.fm/s/fdccd938/podcast/rss,https://podcasts.apple.com/vn/podcast/s%C3%A1ch-s%E1%BB%B1-th%E1%BA%ADt/id1780494161?uo=4,https://sachsuthat.com
3.07,10,Hành Trình 400+,Nguyễn Việt Trung,vi,https://anchor.fm/s/6123ae90/podcast/rss,https://podcasts.apple.com/vn/podcast/h%C3%A0nh-tr%C3%ACnh-400/id1641504654?uo=4,https://podcasters.spotify.com/pod/show/nguyn-vit-trung
3.06,11,Bố ơi! Đọc sách,Sách nói cho trẻ,vi,https://anchor.fm/s/647980b0/podcast/rss,https://podcasts.apple.com/us/podcast/b%E1%BB%91-%C6%A1i-%C4%91%E1%BB%8Dc-s%C3%A1ch/id1577221385?uo=4,https://podcasters.spotify.com/pod/show/bods
3.06,6,Nhâm Nhi Chuyện Ngành,Business Economics Club,vi,https://anchor.fm/s/92ad2d74/podcast/rss,https://podcasts.apple.com/vn/podcast/nh%C3%A2m-nhi-chuy%E1%BB%87n-ng%C3%A0nh/id1622638968?uo=4,https://www.facebook.com/bec.fptuhcm
3.05,13,Tiệm bánh ngọt lúc nửa đêm,Trúc Lê,vi,https://anchor.fm/s/dab3bee4/podcast/rss,https://podcasts.apple.com/us/podcast/ti%E1%BB%87m-b%C3%A1nh-ng%E1%BB%8Dt-l%C3%BAc-n%E1%BB%ADa-%C4%91%C3%AAm/id1671484404?uo=4,https://podcasters.spotify.com/pod/show/midnightbakery
3.05,36,Góc nghiện sách,Góc Nghiện Sách,vi,https://anchor.fm/s/5c5cefe8/podcast/rss,https://podcasts.apple.com/vn/podcast/g%C3%B3c-nghi%E1%BB%87n-s%C3%A1ch/id1570743887?uo=4,https://podcasters.spotify.com/pod/show/g363c-nghiu1ec7n-s341ch
3.03,11,Làm Podcast Thôi!,The PodSelf,vi,https://anchor.fm/s/df4c6b68/podcast/rss,https://podcasts.apple.com/us/podcast/l%C3%A0m-podcast-th%C3%B4i/id1684899820?uo=4,https://linktr.ee/anniealwayssmile
3.03,9,"Lăng kính ""Vô Hường""",Samurice,vi,https://anchor.fm/s/13285754/podcast/rss,https://podcasts.apple.com/vn/podcast/l%C4%83ng-k%C3%ADnh-v%C3%B4-h%C6%B0%E1%BB%9Dng/id1538507241?uo=4,samurice.spiderum.com
3.03,6,Lou Nhi 2 Be Me,Louis Tieu,vi,https://anchor.fm/s/edcca324/podcast/rss,https://podcasts.apple.com/vn/podcast/lou-nhi-2-be-me/id1749783002?uo=4,https://podcasters.spotify.com/pod/show/lounhi2beme
3.0,15,Châm ngôn 27 17,Châm ngôn 27 17,en,https://feeds.soundcloud.com/users/soundcloud:users:21112610/sounds.rss,https://podcasts.apple.com/vn/podcast/ch%C3%A2m-ng%C3%B4n-27-17/id1447344985?uo=4,https://chamngon2717.org/
2.99,23,Viên Phương,Viên Phương,vi,https://anchor.fm/s/659db114/podcast/rss,https://podcasts.apple.com/vn/podcast/vi%C3%AAn-ph%C6%B0%C6%A1ng/id1579075120?uo=4,https://www.facebook.com/vienphuongofficial
2.99,12,Anh Ru nè,Anh Ru,vi,https://anchor.fm/s/38a5d394/podcast/rss,https://podcasts.apple.com/vn/podcast/anh-ru-n%C3%A8/id1533569880?uo=4,https://podcasters.spotify.com/pod/show/anhru
2.98,6,NHỮNG KẺ NGHIỆP DƯ HỌC CÁCH KỂ CHUYỆN,Tiến Đạt,vi,https://anchor.fm/s/db08e810/podcast/rss,https://podcasts.apple.com/us/podcast/nh%E1%BB%AFng-k%E1%BA%BB-nghi%E1%BB%87p-d%C6%B0-h%E1%BB%8Dc-c%C3%A1ch-k%E1%BB%83-chuy%E1%BB%87n/id1673897412?uo=4,https://podcasters.spotify.com/pod/show/tin-t6
2.98,6,Truyện đêm muộn,Truyện đêm muộn,en,https://feeds.soundcloud.com/users/soundcloud:users:230017480/sounds.rss,https://podcasts.apple.com/vn/podcast/truy%E1%BB%87n-%C4%91%C3%AAm-mu%E1%BB%99n/id1118639085?uo=4,http://www.podcasts.com/truyn-m-mun-4dbd4d23d
2.98,17,Education is Life | by Nguyễn Thúy Uyên Phương,Nguyễn Thuý Uyên Phương,vi,https://anchor.fm/s/86eba40c/podcast/rss,https://podcasts.apple.com/vn/podcast/education-is-life-by-nguy%E1%BB%85n-th%C3%BAy-uy%C3%AAn-ph%C6%B0%C6%A1ng/id1613632367?uo=4,https://podcasters.spotify.com/pod/show/phuong00
2.97,10,VỀ NGUỒN PODCAST,Về Nguồn Podcast,vi,https://anchor.fm/s/109031358/podcast/rss,https://podcasts.apple.com/vn/podcast/v%E1%BB%81-ngu%E1%BB%93n-podcast/id1717734350?uo=4,https://podcasters.spotify.com/pod/show/v-ngun-podcast
2.96,10,THẦN TÍCH VIỆT TRUYỆN,THẦN TÍCH VIỆT TRUYỆN,vi,https://anchor.fm/s/53a56678/podcast/rss,https://podcasts.apple.com/us/podcast/th%E1%BA%A7n-t%C3%ADch-vi%E1%BB%87t-truy%E1%BB%87n/id1560422089?uo=4,https://podcasters.spotify.com/pod/show/thantichviettruyen
2.96,16,ElizDiary,Eliz Nguyen,vi,https://anchor.fm/s/5e8657c8/podcast/rss,https://podcasts.apple.com/us/podcast/elizdiary/id1571545728?uo=4,https://elizdiary.com
2.96,19,Tiến Lên Mỗi Ngày - Bài Học Thành Công,Tiến Lên Mỗi Ngày,vi,https://anchor.fm/s/105298a14/podcast/rss,https://podcasts.apple.com/vn/podcast/ti%E1%BA%BFn-l%C3%AAn-m%E1%BB%97i-ng%C3%A0y-b%C3%A0i-h%E1%BB%8Dc-th%C3%A0nh-c%C3%B4ng/id1815647599?uo=4,https://podcasters.spotify.com/pod/show/tienlenmoingay
2.96,26,LMThu - Read Share and Listen,Thư Minh Lý,vi,https://anchor.fm/s/4bbaaf04/podcast/rss,https://podcasts.apple.com/vn/podcast/lmthu-read-share-and-listen/id1552839335?uo=4,https://podcasters.spotify.com/pod/show/lyminhthureadshareandlisten
2.95,34,Podcasts từ vựng tiếng Pháp,Podcasts học tiếng pháp,fr,https://anchor.fm/s/f00f27ec/podcast/rss,https://podcasts.apple.com/vn/podcast/podcasts-t%E1%BB%AB-v%E1%BB%B1ng-ti%E1%BA%BFng-ph%C3%A1p/id1724679430?uo=4,https://podcasters.spotify.com/pod/show/podcast-hoc-tieng-phap
2.95,19,Ng-Âm Thơ,Trạm Radio,vi,https://anchor.fm/s/aabacc3c/podcast/rss,https://podcasts.apple.com/vn/podcast/ng-%C3%A2m-th%C6%A1/id1636191527?uo=4,https://podcasters.spotify.com/pod/show/ngamtho
2.95,5,OOPSY's COMPANY TỔNG ĐÀI KHÔN LỚN,OOPSY's COMPANY,vi,https://anchor.fm/s/6aa84f84/podcast/rss,https://podcasts.apple.com/vn/podcast/oopsys-company-t%E1%BB%95ng-%C4%91%C3%A0i-kh%C3%B4n-l%E1%BB%9Bn/id1585973541?uo=4,https://podcasters.spotify.com/pod/show/oopsys-company
2.94,33,Podcast Kể Cho Em,Kechoem,vi,https://anchor.fm/s/10501e090/podcast/rss,https://podcasts.apple.com/vn/podcast/podcast-k%E1%BB%83-cho-em/id1816618469?uo=4,https://podcasters.spotify.com/pod/show/podcast-k-cho-em
2.93,5,Ngọn Đèn Tri Thức,Phu Vu,vi,https://anchor.fm/s/11058b400/podcast/rss,https://podcasts.apple.com/us/podcast/ng%E1%BB%8Dn-%C4%91%C3%A8n-tri-th%E1%BB%A9c/id1886086035?uo=4,https://podcasters.spotify.com/pod/show/phu-vu
2.92,7,Trạm Radio,Trạm Radio,en,https://feeds.soundcloud.com/users/soundcloud:users:584948205/sounds.rss,https://podcasts.apple.com/us/podcast/tr%E1%BA%A1m-radio/id1520504264?uo=4,https://podcasts.apple.com/vn/podcast/tr%E1%BA%A1m-radio/id1520504264
2.92,25,Podcast,Phạm Quang Thanh,en,https://feeds.soundcloud.com/users/soundcloud:users:196358886/sounds.rss,https://podcasts.apple.com/us/podcast/podcast/id1501937026?uo=4,https://soundcloud.com/thanh-pham-975781595
2.92,22,5 phút cầu nguyện,pham duy son,vi,https://anchor.fm/s/b9b6eab8/podcast/rss,https://podcasts.apple.com/vn/podcast/5-ph%C3%BAt-c%E1%BA%A7u-nguy%E1%BB%87n/id1645980480?uo=4,https://www.youtube.com/channel/UCme-mpi6_kJ7UN8w45FJRoQ
2.91,14,Podcast Ánh Thanh - Series podcast dành cho người khiếm thị,Podcast Ánh Thanh,vi,https://www.spreaker.com/show/6249074/episodes/feed,https://podcasts.apple.com/us/podcast/podcast-%C3%A1nh-thanh-series-podcast-d%C3%A0nh-cho-ng%C6%B0%E1%BB%9Di-khi%E1%BA%BFm-th%E1%BB%8B/id1760115108?uo=4,https://tubrr.vn/en
2.9,19,Hanoiian Radio,Nam Phong,vi,https://anchor.fm/s/bc5fafac/podcast/rss,https://podcasts.apple.com/us/podcast/hanoiian-radio/id1647936691?uo=4,https://podcasters.spotify.com/pod/show/hanoianradio
2.9,19,VOV - Thông tin Y tế và Sức khỏe,360 độ sức khỏe,vi,https://anchor.fm/s/3964a1ac/podcast/rss,https://podcasts.apple.com/vn/podcast/vov-th%C3%B4ng-tin-y-t%E1%BA%BF-v%C3%A0-s%E1%BB%A9c-kh%E1%BB%8Fe/id1535472057?uo=4,https://podcasters.spotify.com/pod/show/360--sc-khe
2.9,14,Meta Lion Invest - Đầu tư Bitcoin &amp; Crypto 2025,nguyencuongbach,vi,https://anchor.fm/s/1005e16bc/podcast/rss,https://podcasts.apple.com/vn/podcast/meta-lion-invest-%C4%91%E1%BA%A7u-t%C6%B0-bitcoin-crypto-2025/id1792459902?uo=4,https://metalion.co
2.89,12,Thực Hành Yêu Thương,Ngọc Ái Phạm,vi,https://anchor.fm/s/471e5bbc/podcast/rss,https://podcasts.apple.com/vn/podcast/th%E1%BB%B1c-h%C3%A0nh-y%C3%AAu-th%C6%B0%C6%A1ng/id1548149940?uo=4,https://podcasters.spotify.com/pod/show/ngu1ecdc-u00c1i-phu1ea1m
2.89,6,nhungdieukhongthoaimaidenoi,Hòa,vi,https://anchor.fm/s/692c31c0/podcast/rss,https://podcasts.apple.com/vn/podcast/nhungdieukhongthoaimaidenoi/id1587043985?uo=4,https://podcasters.spotify.com/pod/show/hoa-nguyen-418
2.88,13,Là tình yêu,Hali,vi,https://anchor.fm/s/ece6fbbc/podcast/rss,https://podcasts.apple.com/us/podcast/l%C3%A0-t%C3%ACnh-y%C3%AAu/id1718432086?uo=4,https://podcasters.spotify.com/pod/show/hali-nguyen
2.88,48,Tình huống tài chính,Tài chính học đường,vi,https://anchor.fm/s/10c3b1bb0/podcast/rss,https://podcasts.apple.com/vn/podcast/t%C3%ACnh-hu%E1%BB%91ng-t%C3%A0i-ch%C3%ADnh/id1859106090?uo=4,https://podcasters.spotify.com/pod/show/ti-chnh-hc-ng3
2.85,12,CÂU CHUYỆN Y HỌC,DINH-VAN NGUYEN,vi,https://anchor.fm/s/5224a728/podcast/rss,https://podcasts.apple.com/us/podcast/c%C3%A2u-chuy%E1%BB%87n-y-h%E1%BB%8Dc/id1559266614?uo=4,https://podcasters.spotify.com/pod/show/dinh-van-nguyen
2.85,13,GORGEOUS MOMENTO RABYO,Cộng đồng học viên Hướng Nghiêp Á Âu - CET | BYGY - Be You Give Yours,vi,https://anchor.fm/s/62d2181c/podcast/rss,https://podcasts.apple.com/vn/podcast/gorgeous-momento-rabyo/id1578254678?uo=4,https://event.huongnghiepaau.com/tin-tuc/cong-dong-hoc-vien-bygy
2.85,6,Này Nọ Show,Thu Phuong Adams,vi,https://anchor.fm/s/3fe0fa1c/podcast/rss,https://podcasts.apple.com/vn/podcast/n%C3%A0y-n%E1%BB%8D-show/id1543738557?uo=4,https://podcasters.spotify.com/pod/show/thu-phuong-adams
2.85,11,Mỹ Hạnh Health Coach,Nguyễn Thị Mỹ Hạnh,en,https://anchor.fm/s/d985e6a0/podcast/rss,https://podcasts.apple.com/vn/podcast/m%E1%BB%B9-h%E1%BA%A1nh-health-coach/id1681970268?uo=4,https://podcasters.spotify.com/pod/show/nguyn-th-m-hnh
2.84,7,Thư Thư Ở Đây,Thư Thư Podcast,vi,https://anchor.fm/s/1058b314c/podcast/rss,https://podcasts.apple.com/us/podcast/th%C6%B0-th%C6%B0-%E1%BB%9F-%C4%91%C3%A2y/id6806798723?uo=4,https://podcasters.spotify.com/pod/show/thuthupodcast
2.84,8,CHÚC NGỦ NGON podcast,Soul Coach,vi,https://anchor.fm/s/d0a7db60/podcast/rss,https://podcasts.apple.com/us/podcast/chu-c-ngu-ngon-podcast/id1656580344?uo=4,https://soulcoach.vn/chuc-ngu-ngon-podcast/
2.84,9,Câu Chuyện Phật Giáo: Từ Quá Khứ Đến Hiện Tại,Nguyen Thanh,vi,https://anchor.fm/s/fd2633e4/podcast/rss,https://podcasts.apple.com/us/podcast/c%C3%A2u-chuy%E1%BB%87n-ph%E1%BA%ADt-gi%C3%A1o-t%E1%BB%AB-qu%C3%A1-kh%E1%BB%A9-%C4%91%E1%BA%BFn-hi%E1%BB%87n-t%E1%BA%A1i/id1779041809?uo=4,https://podcasters.spotify.com/pod/show/nguyen-thanh49
2.84,15,Quynh Anh's diary,Nguyễn Quỳnh Anh,vi,https://anchor.fm/s/5ee61cf8/podcast/rss,https://podcasts.apple.com/us/podcast/quynh-anhs-diary/id1571796190?uo=4,https://podcasters.spotify.com/pod/show/ngqanhs
2.82,18,Nguyễn Công Tiến Audio,Nguyễn Công Tiến,vi,https://anchor.fm/s/40bfb158/podcast/rss,https://podcasts.apple.com/us/podcast/nguy%E1%BB%85n-c%C3%B4ng-ti%E1%BA%BFn-audio/id1541122868?uo=4,https://nguyencongtienpro1703.blogspot.com/
2.82,7,Làm Lành,Tomeziy Bhavana,en,https://feeds.acast.com/public/shows/64c93c5d0be005001144b8ca,https://podcasts.apple.com/vn/podcast/l%C3%A0m-l%C3%A0nh/id1704696620?uo=4,https://shows.acast.com/lamlanh
2.81,7,Gì Cũng Nghe,Gì Cũng Nghe,vi,https://anchor.fm/s/6386a728/podcast/rss,https://podcasts.apple.com/us/podcast/g%C3%AC-c%C5%A9ng-nghe/id1579695597?uo=4,https://podcasters.spotify.com/pod/show/gicungnghe
2.81,18,Thay Đổi Vì Con,Trinh Truong,vi,https://anchor.fm/s/60d19240/podcast/rss,https://podcasts.apple.com/us/podcast/thay-%C4%91%E1%BB%95i-v%C3%AC-con/id1573166163?uo=4,https://thaydoivicon.com
2.81,119,Điện Lạnh Thịnh An,Hoang Van Thinh,vi-vn,https://dienlanhthinhan.com/podcast.xml,https://podcasts.apple.com/vn/podcast/%C4%91i%E1%BB%87n-l%E1%BA%A1nh-th%E1%BB%8Bnh-an/id1714738196?uo=4,https://dienlanhthinhan.com/
2.81,40,Đọc truyện cùng con (Lòng biết ơn - Phương thuốc 0 đồng),Lòng biết ơn - Phương thuốc 0 đồng,vi,https://anchor.fm/s/e07759f8/podcast/rss,https://podcasts.apple.com/vn/podcast/%C4%91%E1%BB%8Dc-truy%E1%BB%87n-c%C3%B9ng-con-l%C3%B2ng-bi%E1%BA%BFt-%C6%A1n-ph%C6%B0%C6%A1ng-thu%E1%BB%91c-0-%C4%91%E1%BB%93ng/id1685668873?uo=4,https://longbieton-phuongthuoc0d.vn/
2.8,7,Happy Podcast - HLV tiếng Anh Trần Gia Thông,Trần Gia Thông,vi,https://anchor.fm/s/6ae2bd54/podcast/rss,https://podcasts.apple.com/vn/podcast/happy-podcast-hlv-ti%E1%BA%BFng-anh-tr%E1%BA%A7n-gia-th%C3%B4ng/id1586157517?uo=4,http://bit.ly/trangiathongchannel
2.8,10,"Lo Lắng ""Xô""",Đài Thu Thanh,vi-vn,https://pinecast.com/feed/lo-lang-xo,https://podcasts.apple.com/us/podcast/lo-l%E1%BA%AFng-x%C3%B4/id1628522402?uo=4,https://daithuthanh.vn/
2.78,32,Ci Caring - Lắng Để Nghe,Ci caring - Khám phá bản thân,vi,https://anchor.fm/s/e0d07420/podcast/rss,https://podcasts.apple.com/us/podcast/ci-caring-l%E1%BA%AFng-%C4%91%E1%BB%83-nghe/id1688383082?uo=4,https://podcasters.spotify.com/pod/show/cicaring
2.78,15,Tâm tình mình kể,Tung Chau,vi,https://anchor.fm/s/af363558/podcast/rss,https://podcasts.apple.com/vn/podcast/t%C3%A2m-t%C3%ACnh-m%C3%ACnh-k%E1%BB%83/id1641539892?uo=4,https://podcasters.spotify.com/pod/show/thanh-tung-chau
2.77,15,Vietnamese Digital Nomad (Tiếng Việt),Lieu Dang,vi,https://anchor.fm/s/e57c30b8/podcast/rss,https://podcasts.apple.com/vn/podcast/vietnamese-digital-nomad-ti%E1%BA%BFng-vi%E1%BB%87t/id1696446570?uo=4,https://www.facebook.com/lieu.dang42/
2.77,5,Podcast kinh dị,PPcv,vi,https://anchor.fm/s/10ecb81f8/podcast/rss,https://podcasts.apple.com/vn/podcast/podcast-kinh-d%E1%BB%8B/id1875508752?uo=4,https://podcasters.spotify.com/pod/show/fbi-united-states96
2.77,9,Thai Podcast - Đầu tư và tự do tài chính,Thai Tran,vi,https://anchor.fm/s/b8d77be4/podcast/rss,https://podcasts.apple.com/vn/podcast/thai-podcast-%C4%91%E1%BA%A7u-t%C6%B0-v%C3%A0-t%E1%BB%B1-do-t%C3%A0i-ch%C3%ADnh/id1645763369?uo=4,https://podcasters.spotify.com/pod/show/thai-tran31
2.77,17,Manner Phạm,Phạm Quốc Thụ,vi,https://feed.podbean.com/mannerpham/feed.xml,https://podcasts.apple.com/vn/podcast/manner-ph%E1%BA%A1m/id1555934307?uo=4,https://mannerpham.podbean.com
2.76,6,Kênh Audio - MC Thiện Đức,kenhaudio,vi,https://anchor.fm/s/3a7a45d8/podcast/rss,https://podcasts.apple.com/vn/podcast/k%C3%AAnh-audio-mc-thi%E1%BB%87n-%C4%91%E1%BB%A9c/id1534973019?uo=4,https://podcasters.spotify.com/pod/show/kenhaudio
2.76,6,Ở đây có tuổi trẻ,Kim Khánh,vi,https://anchor.fm/s/5d2ec518/podcast/rss,https://podcasts.apple.com/vn/podcast/%E1%BB%9F-%C4%91%C3%A2y-c%C3%B3-tu%E1%BB%95i-tr%E1%BA%BB/id1571933412?uo=4,https://kimkhanh.substack.com/
2.76,10,TRẠM NGHỈ,Grace Nguyen,vi,https://anchor.fm/s/88cb18ac/podcast/rss,https://podcasts.apple.com/vn/podcast/tr%E1%BA%A1m-ngh%E1%BB%89/id1618232075?uo=4,https://podcasters.spotify.com/pod/show/grace-nguyen4
2.76,11,Thảnh Thơi Podcast,Thành Thơ Thẩn,vi,https://anchor.fm/s/da0e9a54/podcast/rss,https://podcasts.apple.com/vn/podcast/th%E1%BA%A3nh-th%C6%A1i-podcast/id1668950484?uo=4,https://podcasters.spotify.com/pod/show/thanhthoipodcast
2.75,7,5 giờ sáng,Hà Mạnh,vi,https://anchor.fm/s/69d4df64/podcast/rss,https://podcasts.apple.com/vn/podcast/5-gi%E1%BB%9D-s%C3%A1ng/id1585210426?uo=4,https://hamanh.com
2.74,21,vodanhtran,Luyện Trần Đình,vi,https://anchor.fm/s/65de9f58/podcast/rss,https://podcasts.apple.com/vn/podcast/vodanhtran/id1579519748?uo=4,https://podcasters.spotify.com/pod/show/luyu1ec7n-tru1ea7n-u0110u00ecnh
2.73,9,Thong thả thôi.,Andante Yoga,vi,https://anchor.fm/s/608ec44c/podcast/rss,https://podcasts.apple.com/vn/podcast/thong-th%E1%BA%A3-th%C3%B4i/id1618584180?uo=4,https://andanteyoga.com
2.73,6,Podcast của tôi - Tâp 1,Pinkdot,vi,https://anchor.fm/s/6a6e8948/podcast/rss,https://podcasts.apple.com/us/podcast/podcast-c%E1%BB%A7a-t%C3%B4i-t%C3%A2p-1/id1586546401?uo=4,https://podcasters.spotify.com/pod/show/pinkdot
2.72,73,Thám Tử Tư Tận Tâm,Vũ Mạnh Quỳnh,vi-vn,https://thamtututantam.com/podcast.xml,https://podcasts.apple.com/us/podcast/th%C3%A1m-t%E1%BB%AD-t%C6%B0-t%E1%BA%ADn-t%C3%A2m/id1687218160?uo=4,https://thamtututantam.com/
2.72,6,Tell your story,Phuc Studio,vi,https://anchor.fm/s/6382be60/podcast/rss,https://podcasts.apple.com/vn/podcast/tell-your-story/id1579640925?uo=4,https://www.facebook.com/phuc.studio7
2.71,17,Trâm nè Podcast,Lê Ngọc Trâm,en,https://anchor.fm/s/f14d9a30/podcast/rss,https://podcasts.apple.com/vn/podcast/tr%C3%A2m-n%C3%A8-podcast/id1727589505?uo=4,https://www.chuyencuatram.com
2.71,11,Tiệm Ký Ức Chill Podcast,Tiệm Ký Ức Chill,vi,https://anchor.fm/s/1133bccfc/podcast/rss,https://podcasts.apple.com/vn/podcast/ti%E1%BB%87m-k%C3%BD-%E1%BB%A9c-chill-podcast/id1896857563?uo=4,https://podcasters.spotify.com/pod/show/tim-k-c-chill
2.7,14,TRẠM SƠ CỨU CẢM XÚC,Trạm Sơ Cứu Cảm Xúc,vi,https://anchor.fm/s/d1cad920/podcast/rss,https://podcasts.apple.com/us/podcast/tr%E1%BA%A1m-s%C6%A1-c%E1%BB%A9u-c%E1%BA%A3m-x%C3%BAc/id1675737404?uo=4,https://podcasters.spotify.com/pod/show/tramsocuucamxuc
2.7,8,The ME&WE Podcast,ME&WE,vi,https://anchor.fm/s/91b082a4/podcast/rss,https://podcasts.apple.com/vn/podcast/the-me-we-podcast/id1629279451?uo=4,https://meandwe.coach/
2.69,6,A-Z Du Học MỸ || 3C,Nhi Sally Nguyen,vi,https://anchor.fm/s/24a8cef0/podcast/rss,https://podcasts.apple.com/us/podcast/a-z-du-h%E1%BB%8Dc-m%E1%BB%B9-3c/id1519034105?uo=4,https://podcasters.spotify.com/pod/show/3C-Nhi&Kim
2.68,33,Saigoneer Tiếng Việt,Saigoneer,vi,https://anchor.fm/s/10f076984/podcast/rss,https://podcasts.apple.com/vn/podcast/saigoneer-ti%E1%BA%BFng-vi%E1%BB%87t/id1879700700?uo=4,https://podcasters.spotify.com/pod/show/saigoneer3
2.68,18,Nha Khoa Dana,Nha Khoa Dana,vi,https://anchor.fm/s/b90cff80/podcast/rss,https://podcasts.apple.com/vn/podcast/nha-khoa-dana/id1657898896?uo=4,https://nhakhoadana.com/en/
2.67,6,Anh Đồng Nghiệp Dễ Mến,Chàng trai Công sở,vi,https://anchor.fm/s/6b05bcb4/podcast/rss,https://podcasts.apple.com/us/podcast/anh-%C4%91%E1%BB%93ng-nghi%E1%BB%87p-d%E1%BB%85-m%E1%BA%BFn/id1586838177?uo=4,https://podcasters.spotify.com/pod/show/ch340ng-trai-c364ng-su1edf
2.66,46,Maria Thien An Ha,An Ha,vi,https://anchor.fm/s/71abeda4/podcast/rss,https://podcasts.apple.com/vn/podcast/maria-thien-an-ha/id1607772870?uo=4,https://podcasters.spotify.com/pod/show/an-ha5
2.65,10,Sách Hay,Happy Hours Show,vi,https://anchor.fm/s/e6d91b60/podcast/rss,https://podcasts.apple.com/us/podcast/s%C3%A1ch-hay/id1745284420?uo=4,https://podcasters.spotify.com/pod/show/happy-hours-show4
2.65,166,Thamtraisan,Khoi Tran,en,https://anchor.fm/s/590e8d4c/podcast/rss,https://podcasts.apple.com/vn/podcast/thamtraisan/id1567326387?uo=4,https://podcasters.spotify.com/pod/show/khoi-tran6
2.64,11,Kiu Kể Lể,Quân Kiu,vi,https://anchor.fm/s/da1911a0/podcast/rss,https://podcasts.apple.com/us/podcast/kiu-k%E1%BB%83-l%E1%BB%83/id1675631679?uo=4,https://kiukele.wordpress.com/
2.64,11,Trạm ký gửi,xôn xao,vi,https://anchor.fm/s/947ea0ec/podcast/rss,https://podcasts.apple.com/vn/podcast/tr%E1%BA%A1m-k%C3%BD-g%E1%BB%ADi/id1621825769?uo=4,https://xonxao.vn/
2.64,24,Nghia Shin's Story,Nghia Shin,vi,https://anchor.fm/s/a114cea8/podcast/rss,https://podcasts.apple.com/vn/podcast/nghia-shins-story/id1647591656?uo=4,http://nghiashin.com
2.63,8,Ho'oponopono Việt Nam,Bầu Trời Bên Trong,vi,https://anchor.fm/s/d3700d40/podcast/rss,https://podcasts.apple.com/vn/podcast/hooponopono-vi%E1%BB%87t-nam/id1658007068?uo=4,https://bautroibentrong.com/
2.63,12,Trạm Nuôi Dưỡng Cảm Xúc,Tuyet Ngan,vi,https://anchor.fm/s/95004534/podcast/rss,https://podcasts.apple.com/vn/podcast/tr%E1%BA%A1m-nu%C3%B4i-d%C6%B0%E1%BB%A1ng-c%E1%BA%A3m-x%C3%BAc/id1624623308?uo=4,https://podcasters.spotify.com/pod/show/tramnuoiduongcamxuc
2.63,17,Góc nhìn,Mục vụ Tiên Phong – Tien Phong Ministries,vi,https://anchor.fm/s/6f9fbab8/podcast/rss,https://podcasts.apple.com/vn/podcast/g%C3%B3c-nh%C3%ACn/id1591110148?uo=4,https://tienphong.org
2.62,12,Radio Chạm,Nội Tâm,vi,https://anchor.fm/s/7d149330/podcast/rss,https://podcasts.apple.com/us/podcast/radio-ch%E1%BA%A1m/id1606840847?uo=4,https://podcasters.spotify.com/pod/show/radio-cham
2.62,9,PsychTalk - Tâm Lý Talk,DyuThang,vi,https://anchor.fm/s/65bd3444/podcast/rss,https://podcasts.apple.com/vn/podcast/psychtalk-t%C3%A2m-l%C3%BD-talk/id1612013292?uo=4,https://dyuthang.wordpress.com
2.62,10,Ngoài Ban Công Podcast,Tâm sự với Quang,vi,https://anchor.fm/s/103090854/podcast/rss,https://podcasts.apple.com/vn/podcast/ngo%C3%A0i-ban-c%C3%B4ng-podcast/id1805607649?uo=4,https://podcasters.spotify.com/pod/show/to72
2.62,13,Thảo Mộc Vườn Nhà,TKT,vi,https://anchor.fm/s/646c50e8/podcast/rss,https://podcasts.apple.com/vn/podcast/th%E1%BA%A3o-m%E1%BB%99c-v%C6%B0%E1%BB%9Dn-nh%C3%A0/id1577919420?uo=4,https://podcasters.spotify.com/pod/show/thaomocvuonnha
2.62,16,Minh Dà Chiện Podcast,Ngô hà Quốc Minh,vi,https://anchor.fm/s/6a500b6c/podcast/rss,https://podcasts.apple.com/us/podcast/minh-d%C3%A0-chi%E1%BB%87n-podcast/id1585673695?uo=4,https://podcasters.spotify.com/pod/show/minhgiachuyen
2.61,14,A PURE DAY,A PURE DAY,vi,https://anchor.fm/s/3ba52658/podcast/rss,https://podcasts.apple.com/us/podcast/a-pure-day/id1536075698?uo=4,apureday.com
2.61,12,Chuyện Thảo kể,Tran Thi Thu Thao,vi,https://anchor.fm/s/6a9eb488/podcast/rss,https://podcasts.apple.com/us/podcast/chuy%E1%BB%87n-th%E1%BA%A3o-k%E1%BB%83/id1588560301?uo=4,https://podcasters.spotify.com/pod/show/tran-thi-thu-thao
2.6,13,Songhanhphuc,Thuy Nguyen,vi,https://anchor.fm/s/8bab1d60/podcast/rss,https://podcasts.apple.com/vn/podcast/songhanhphuc/id1616518771?uo=4,https://podcasters.spotify.com/pod/show/thuy-nguyen84
2.58,16,Thành Nguyễn OneERA,Thành Nguyễn,vi,https://anchor.fm/s/6004f17c/podcast/rss,https://podcasts.apple.com/us/podcast/th%C3%A0nh-nguy%E1%BB%85n-oneera/id1572894216?uo=4,https://oneera.vn/
2.57,5,Trò Chuyện Cùng Tê Tê,WildAct,vi,https://anchor.fm/s/6181d2f4/podcast/rss,https://podcasts.apple.com/vn/podcast/tr%C3%B2-chuy%E1%BB%87n-c%C3%B9ng-t%C3%AA-t%C3%AA/id1574152373?uo=4,https://podcasters.spotify.com/pod/show/wildact
2.55,83,Luyện Nghe Tiếng Anh cùng Callum Nguyen,Callum Nguyen,vi,https://anchor.fm/s/55a1dda8/podcast/rss,https://podcasts.apple.com/vn/podcast/luy%E1%BB%87n-nghe-ti%E1%BA%BFng-anh-c%C3%B9ng-callum-nguyen/id1562026215?uo=4,https://www.english-learning.net/
2.55,16,Thiền,Hoài Trang,vi,https://anchor.fm/s/6101cb2c/podcast/rss,https://podcasts.apple.com/vn/podcast/thi%E1%BB%81n/id1573860509?uo=4,https://podcasters.spotify.com/pod/show/byhoaitrang
2.55,10,The Green Podcast,Phong vu,vi,https://anchor.fm/s/10b4cbefc/podcast/rss,https://podcasts.apple.com/vn/podcast/the-green-podcast/id1851167801?uo=4,https://podcasters.spotify.com/pod/show/phongvu6
2.54,70,Daily Stoic Việt Nam,mCoaching Team,vi,https://anchor.fm/s/422dcc00/podcast/rss,https://podcasts.apple.com/us/podcast/daily-stoic-vi%E1%BB%87t-nam/id1542523394?uo=4,https://mcoaching.wiki/
2.54,14,Tôi có một nỗi buồn thật đẹp,Ông Già Chill,vi,https://anchor.fm/s/6f9570bc/podcast/rss,https://podcasts.apple.com/us/podcast/t%C3%B4i-c%C3%B3-m%E1%BB%99t-n%E1%BB%97i-bu%E1%BB%93n-th%E1%BA%ADt-%C4%91%E1%BA%B9p/id1590537163?uo=4,https://www.instagram.com/trungoscar/
2.54,6,HAHA TALK - từ chuyện hài đến chuyện đời,Haha Hanoi,vi,https://anchor.fm/s/703f794/podcast/rss,https://podcasts.apple.com/vn/podcast/haha-talk-t%E1%BB%AB-chuy%E1%BB%87n-h%C3%A0i-%C4%91%E1%BA%BFn-chuy%E1%BB%87n-%C4%91%E1%BB%9Di/id1437545936?uo=4,https://podcasters.spotify.com/pod/show/hahahanoi
2.54,8,[Chuyện của mình] - Từ những ngày tìm chẳng thấy,Maythi,vi,https://anchor.fm/s/6acb83a0/podcast/rss,https://podcasts.apple.com/vn/podcast/chuy%E1%BB%87n-c%E1%BB%A7a-m%C3%ACnh-t%E1%BB%AB-nh%E1%BB%AFng-ng%C3%A0y-t%C3%ACm-ch%E1%BA%B3ng-th%E1%BA%A5y/id1586028533?uo=4,https://podcasters.spotify.com/pod/show/maayythhi
2.54,7,Bạn Thân Mến,Thanh Tâm,vi,https://anchor.fm/s/51e6beb8/podcast/rss,https://podcasts.apple.com/vn/podcast/b%E1%BA%A1n-th%C3%A2n-m%E1%BA%BFn/id1582747384?uo=4,http://thanhtam.blog/
2.53,19,Dù Sao Đi Nữa..,KT,vi,https://rss.buzzsprout.com/2390668.rss,https://podcasts.apple.com/vn/podcast/d%C3%B9-sao-%C4%91i-n%E1%BB%AFa/id1764078513?uo=4,https://dusaodinuapodcast.buzzsprout.com
2.51,45,Cô Kim Vui Vẻ - Kể Chuyện Cho Bé Trước Giờ Đi Ngủ - Đánh Thức Trí Thông Minh Cảm Xúc Của Bé,Cô Kim Vui Vẻ,vi,https://anchor.fm/s/db1d3f18/podcast/rss,https://podcasts.apple.com/us/podcast/c%C3%B4-kim-vui-v%E1%BA%BB-k%E1%BB%83-chuy%E1%BB%87n-cho-b%C3%A9-tr%C6%B0%E1%BB%9Bc-gi%E1%BB%9D-%C4%91i-ng%E1%BB%A7-%C4%91%C3%A1nh/id1673637488?uo=4,https://podcasters.spotify.com/pod/show/co-kim-vui-ve
2.51,21,SẼ - Lắng nghe em nói,SẼ - Lắng nghe em nói,vi,https://anchor.fm/s/83d0f6f0/podcast/rss,https://podcasts.apple.com/vn/podcast/s%E1%BA%BD-l%E1%BA%AFng-nghe-em-n%C3%B3i/id1610001646?uo=4,https://podcasters.spotify.com/pod/show/selangnghemnoi
2.51,9,DIALØGUE Tiếng Việt — AI Tin tức hàng ngày,DIALØGUE,vi,https://podcast.chandlernguyen.com/vi/feeds/general,https://podcasts.apple.com/vn/podcast/dial%C3%B8gue-ti%E1%BA%BFng-vi%E1%BB%87t-ai-tin-t%E1%BB%A9c-h%C3%A0ng-ng%C3%A0y/id6786851465?uo=4,https://podcast.chandlernguyen.com/vi?utm_source=spotify&utm_medium=podcast&utm_campaign=daily
2.51,7,Thanh Xuan's Radio,ThanhXuan's Radio,vi,https://anchor.fm/s/65771bbc/podcast/rss,https://podcasts.apple.com/us/podcast/thanh-xuans-radio/id1582767443?uo=4,https://www.facebook.com/groups/437788970554241/
2.51,14,Hanh trinh EMC Podcast,Hanh trinh EMC Podcast,vi,https://anchor.fm/s/10c9fc470/podcast/rss,https://podcasts.apple.com/vn/podcast/hanh-trinh-emc-podcast/id1860023203?uo=4,https://podcasters.spotify.com/pod/show/hanhtrinhemc
2.51,11,Thiều Thảo - 韶草,兰若,vi,https://anchor.fm/s/673db190/podcast/rss,https://podcasts.apple.com/vn/podcast/thi%E1%BB%81u-th%E1%BA%A3o-%E9%9F%B6%E8%8D%89/id1586573126?uo=4,https://podcasters.spotify.com/pod/show/shaocao
2.5,6,Người Lớn Mong Manh,Người Lớn Mong Manh,vi,https://anchor.fm/s/5732d67c/podcast/rss,https://podcasts.apple.com/us/podcast/ng%C6%B0%E1%BB%9Di-l%E1%BB%9Bn-mong-manh/id1571036091?uo=4,https://podcasters.spotify.com/pod/show/nlmm
2.5,10,DIALØGUE Tiếng Việt — World Cup 2026,DIALØGUE,vi,https://podcast.chandlernguyen.com/vi/feeds/dialogue,https://podcasts.apple.com/us/podcast/dial%C3%B8gue-ti%E1%BA%BFng-vi%E1%BB%87t-world-cup-2026/id6781775388?uo=4,https://podcast.chandlernguyen.com/vi?utm_source=spotify&utm_medium=podcast&utm_campaign=worldcup2026
2.49,8,Theo Dòng Sử Việt - Waves,A Sử,vi,https://anchor.fm/s/e751620/podcast/rss,https://podcasts.apple.com/vn/podcast/theo-d%C3%B2ng-s%E1%BB%AD-vi%E1%BB%87t-waves/id1483895055?uo=4,https://podcasters.spotify.com/pod/show/theodongsuviet-waves
2.48,5,Alpha Bánh Bèo,TràMie,vi,https://anchor.fm/s/1132837b4/podcast/rss,https://podcasts.apple.com/us/podcast/alpha-b%C3%A1nh-b%C3%A8o/id1713047517?uo=4,https://www.youtube.com/@TraMie/
2.48,30,Trên Đường Băng,Tony Buổi Sáng podcast,vi,https://anchor.fm/s/5d5ad658/podcast/rss,https://podcasts.apple.com/vn/podcast/tr%C3%AAn-%C4%91%C6%B0%E1%BB%9Dng-b%C4%83ng/id1620344295?uo=4,https://bit.ly/tnbsapp
2.45,24,Thành Võ Radio,Nhà báo Võ Văn Thành,vi,https://anchor.fm/s/ab925788/podcast/rss,https://podcasts.apple.com/vn/podcast/th%C3%A0nh-v%C3%B5-radio/id1709752822?uo=4,https://thanhvo.vn/
2.45,18,Bác sĩ Đoàn Vĩnh Bình - ECO Pharma,ECO Pharma,vi,https://anchor.fm/s/104c71118/podcast/rss,https://podcasts.apple.com/vn/podcast/b%C3%A1c-s%C4%A9-%C4%91o%C3%A0n-v%C4%A9nh-b%C3%ACnh-eco-pharma/id1815654361?uo=4,https://ecopharma.com.vn/chuyen-gia/doan-vinh-binh/
2.44,85,Đam Mê Ô Tô,hoctot247,vi,https://anchor.fm/s/ef86c0c8/podcast/rss,https://podcasts.apple.com/us/podcast/%C4%91am-m%C3%AA-%C3%B4-t%C3%B4/id1723118974?uo=4,https://podcasters.spotify.com/pod/show/hoctot2471
2.44,8,Tản mạn với Lyl,Là Ly thôi!,vi,https://anchor.fm/s/7fadbd9c/podcast/rss,https://podcasts.apple.com/vn/podcast/t%E1%BA%A3n-m%E1%BA%A1n-v%E1%BB%9Bi-lyl/id1702849775?uo=4,https://podcasters.spotify.com/pod/show/khanh-ly-phung
2.44,42,Nghi thức cúng khai trương trong văn hóa người Việt,Đồ Cúng Tâm Linh,vi,https://anchor.fm/s/10d90f944/podcast/rss,https://podcasts.apple.com/vn/podcast/nghi-th%E1%BB%A9c-c%C3%BAng-khai-tr%C6%B0%C6%A1ng-trong-v%C4%83n-h%C3%B3a-ng%C6%B0%E1%BB%9Di-vi%E1%BB%87t/id6788221907?uo=4,https://docungtamlinh.com.vn/bai-cung-khai-truong/
2.44,11,Người Tích Luỹ,"Quoc Trung, Blogger",vi,https://anchor.fm/s/7eba7f4c/podcast/rss,https://podcasts.apple.com/vn/podcast/ng%C6%B0%E1%BB%9Di-t%C3%ADch-lu%E1%BB%B9/id1607250286?uo=4,https://nguoitichluy.com/
2.43,13,THANH TỊNH ĐẠO - VISUDDHIMAGGA,MINH ĐĂNG PODCAST,vi,https://anchor.fm/s/1056bf598/podcast/rss,https://podcasts.apple.com/vn/podcast/thanh-t%E1%BB%8Bnh-%C4%91%E1%BA%A1o-visuddhimagga/id1819392964?uo=4,https://podcasters.spotify.com/pod/show/d-d-b8
2.41,20,Ngoac tv,Ngoac TV,vi,https://anchor.fm/s/627c7e0c/podcast/rss,https://podcasts.apple.com/us/podcast/ngoac-tv/id1576148214?uo=4,https://ngoactv.net/
2.4,9,Thanh Ngân's Little Life,Thanh Ngân's Little Life,vi,https://anchor.fm/s/68db5430/podcast/rss,https://podcasts.apple.com/vn/podcast/thanh-ng%C3%A2ns-little-life/id1584556266?uo=4,https://thanhnganlittlelife.com
2.4,7,Thiết Kế Đồ Họa có gì vui,Thuy Uyen,vi,https://anchor.fm/s/2b88aeac/podcast/rss,https://podcasts.apple.com/vn/podcast/thi%E1%BA%BFt-k%E1%BA%BF-%C4%91%E1%BB%93-h%E1%BB%8Da-c%C3%B3-g%C3%AC-vui/id1532119428?uo=4,https://uyen.vn
2.4,9,Vũ Radio,Tôi là Hảo,vi,https://anchor.fm/s/c3a22100/podcast/rss,https://podcasts.apple.com/vn/podcast/v%C5%A9-radio/id1651071619?uo=4,http://www.instagram.com/toilahao_m
2.39,7,Miên,Miên,vi,https://anchor.fm/s/69c83aac/podcast/rss,https://podcasts.apple.com/vn/podcast/mi%C3%AAn/id1585410416?uo=4,https://podcasters.spotify.com/pod/show/t-l-nht
2.38,10,Đừng Nghe Vì Nó Tiêu Cực,Đừng Nghe Vì Nó Tiêu Cực,vi,https://anchor.fm/s/53bf0768/podcast/rss,https://podcasts.apple.com/us/podcast/%C4%91%E1%BB%ABng-nghe-v%C3%AC-n%C3%B3-ti%C3%AAu-c%E1%BB%B1c/id1560363665?uo=4,https://podcasters.spotify.com/pod/show/dungnghevinotieucuc
2.38,40,iBiero Craft Beer - Văn hóa bia thủ công Việt Nam,Bia Thủ Công iBiero Craft Beer,vi,https://anchor.fm/s/dd709490/podcast/rss,https://podcasts.apple.com/us/podcast/ibiero-craft-beer-v%C4%83n-h%C3%B3a-bia-th%E1%BB%A7-c%C3%B4ng-vi%E1%BB%87t-nam/id1679214305?uo=4,https://podcasters.spotify.com/pod/show/ibierocraftbeer
2.38,7,Nhật ký IPC,Tada,vi,https://feeds.transistor.fm/nh-t-ky-ipc,https://podcasts.apple.com/vn/podcast/nh%E1%BA%ADt-k%C3%BD-ipc/id1894093565?uo=4,https://tadale.com
2.37,8,Piano Journal,Trang Trinh,vi,https://anchor.fm/s/628b1854/podcast/rss,https://podcasts.apple.com/us/podcast/piano-journal/id1575934183?uo=4,https://podcasters.spotify.com/pod/show/trang-trinh-pianist
2.37,9,Cùng nhau đọc sách,Thu Trang,vi,https://anchor.fm/s/598ed2cc/podcast/rss,https://podcasts.apple.com/us/podcast/c%C3%B9ng-nhau-%C4%91%E1%BB%8Dc-s%C3%A1ch/id1585661029?uo=4,https://podcasters.spotify.com/pod/show/thu-trang1
2.37,19,Nhượng Quyền Trung Tâm Tiếng Anh Mô Hình Sân Bay,Nguyễn Anh Thế - Nhà Sáng Lập Hanoi Connection - Saigon Connection,vi,https://anchor.fm/s/109018a60/podcast/rss,https://podcasts.apple.com/us/podcast/nh%C6%B0%E1%BB%A3ng-quy%E1%BB%81n-trung-t%C3%A2m-ti%E1%BA%BFng-anh-m%C3%B4-h%C3%ACnh-s%C3%A2n-bay/id1837876478?uo=4,https://hanoiconnection.com
2.37,33,AlexAlpha,Nhật Huy Chu,vi,https://anchor.fm/s/61c8b764/podcast/rss,https://podcasts.apple.com/us/podcast/alexalpha/id1574399229?uo=4,https://podcasters.spotify.com/pod/show/alexalpha
2.36,16,Lee Viet · Chill Man,Lee Viet · Chill Man,vi,https://anchor.fm/s/dcbcfc64/podcast/rss,https://podcasts.apple.com/us/podcast/lee-viet-chill-man/id1677819027?uo=4,https://leeviet.com/
2.36,5,SỐNG KỲ DIỆU,Toki Tran,vi,https://anchor.fm/s/9b571a20/podcast/rss,https://podcasts.apple.com/us/podcast/s%E1%BB%91ng-k%E1%BB%B3-di%E1%BB%87u/id1626918452?uo=4,https://podcasters.spotify.com/pod/show/songkydieu
2.36,8,ALL ABOUT WOMAN,Hana Giang Anh,vi,https://anchor.fm/s/10baa0bc/podcast/rss,https://podcasts.apple.com/vn/podcast/all-about-woman/id1489695962?uo=4,https://podcasters.spotify.com/pod/show/nguyu1ec5n-u0110u0103ng-giang-anh
2.35,31,Các vấn đề và cách giải quyết vấn đề trong Phật giáo,Quảng Kiến Nguyễn Việt Hồng,vi,https://anchor.fm/s/108ea6a10/podcast/rss,https://podcasts.apple.com/vn/podcast/c%C3%A1c-v%E1%BA%A5n-%C4%91%E1%BB%81-v%C3%A0-c%C3%A1ch-gi%E1%BA%A3i-quy%E1%BA%BFt-v%E1%BA%A5n-%C4%91%E1%BB%81-trong-ph%E1%BA%ADt-gi%C3%A1o/id1837510747?uo=4,https://hauhocquangkien.com
2.35,10,Để Dành Cho Con,Hoàng Xuân Thảo,vi,https://anchor.fm/s/de2f04e8/podcast/rss,https://podcasts.apple.com/vn/podcast/%C4%91%E1%BB%83-d%C3%A0nh-cho-con/id1681239137?uo=4,https://podcasters.spotify.com/pod/show/dedanhchocon
2.35,11,HealthWell Vietnam,HealthWell Vietnam,en,https://anchor.fm/s/7727c348/podcast/rss,https://podcasts.apple.com/vn/podcast/healthwell-vietnam/id1602334863?uo=4,https://podcasters.spotify.com/pod/show/healthwell-healthwell
2.34,13,nghe truyện cổ tích thế giới,it's a good day doing nothing,vi,https://anchor.fm/s/20741718/podcast/rss,https://podcasts.apple.com/us/podcast/nghe-truy%E1%BB%87n-c%E1%BB%95-t%C3%ADch-th%E1%BA%BF-gi%E1%BB%9Bi/id1514077630?uo=4,https://podcasters.spotify.com/pod/show/good-day-doing-nothing
2.34,20,Góc Nhìn Đầu Tư,FxPro Việt Nam,vi,https://anchor.fm/s/e2967afc/podcast/rss,https://podcasts.apple.com/vn/podcast/g%C3%B3c-nh%C3%ACn-%C4%91%E1%BA%A7u-t%C6%B0/id1690120449?uo=4,https://www.fxpro.vn/
2.34,6,Lại là mình...Trâm đây!,Mai Bao Tram,vi,https://anchor.fm/s/68b7cc7c/podcast/rss,https://podcasts.apple.com/vn/podcast/l%E1%BA%A1i-l%C3%A0-m%C3%ACnh-tr%C3%A2m-%C4%91%C3%A2y/id1584217732?uo=4,https://www.facebook.com/tram.maibao.330/
2.33,30,Thông Tin Tuyển Sinh,Chieu Tim,vi,https://anchor.fm/s/dd70ff34/podcast/rss,https://podcasts.apple.com/vn/podcast/th%C3%B4ng-tin-tuy%E1%BB%83n-sinh/id1679196642?uo=4,https://podcasters.spotify.com/pod/show/hoc-bong
2.32,8,Minh Xin Chào Podcast,Thiện Minh,vi,https://anchor.fm/s/7634f1f4/podcast/rss,https://podcasts.apple.com/us/podcast/minh-xin-ch%C3%A0o-podcast/id1597490222?uo=4,https://podcasters.spotify.com/pod/show/minh-thien6
2.31,8,Dan Foolish,Dan Foolish,vi,https://anchor.fm/s/ca1398ac/podcast/rss,https://podcasts.apple.com/us/podcast/dan-foolish/id1684483480?uo=4,https://podcasters.spotify.com/pod/show/danfoolish
2.31,21,Dear My Soul Podcast,rubytran,vi,https://anchor.fm/s/1056aa60c/podcast/rss,https://podcasts.apple.com/us/podcast/dear-my-soul-podcast/id1836582840?uo=4,https://dearmysoul.com/
2.31,13,Moonotes Podcast,Phạm Hoài Oanh,vi,https://anchor.fm/s/641fe668/podcast/rss,https://podcasts.apple.com/us/podcast/moonotes-podcast/id1577533209?uo=4,https://podcasters.spotify.com/pod/show/moonotes
2.31,14,Tịnh Phong Cư  Podcast,Tịnh Phong Cư,en,https://api.substack.com/feed/podcast/9608656.rss,https://podcasts.apple.com/vn/podcast/t%E1%BB%8Bnh-phong-c%C6%B0-podcast/id6783604704?uo=4,https://tinhphongcu.substack.com/podcast
2.31,8,Cà phê cùng Bác sĩ,AMOR GROUP VIETNAM,vi,https://anchor.fm/s/f6809e6c/podcast/rss,https://podcasts.apple.com/vn/podcast/c%C3%A0-ph%C3%AA-c%C3%B9ng-b%C3%A1c-s%C4%A9/id1747312117?uo=4,https://amorgroup.vn
2.31,14,Vũ Tuấn Anh Official,Vũ Tuấn Anh Official,vi,https://anchor.fm/s/57946fa4/podcast/rss,https://podcasts.apple.com/us/podcast/v%C5%A9-tu%E1%BA%A5n-anh-official/id1567577058?uo=4,https://podcasters.spotify.com/pod/show/bao-hiem-radio
2.3,11,Giải phóng sức mạnh bằng NLP,Nguyễn Xuân Hương,vi,https://anchor.fm/s/60d3eb6c/podcast/rss,https://podcasts.apple.com/us/podcast/gi%E1%BA%A3i-ph%C3%B3ng-s%E1%BB%A9c-m%E1%BA%A1nh-b%E1%BA%B1ng-nlp/id1573535663?uo=4,https://nlptraining.vn/radio-online
2.3,7,Phong Gocodo,Do Phong,vi,https://anchor.fm/s/689caac8/podcast/rss,https://podcasts.apple.com/us/podcast/phong-gocodo/id1584158393?uo=4,https://podcasters.spotify.com/pod/show/do-phong
2.3,14,Hãy Ăn Táo (H.A.T),Huynh Anh Thuan,vi,https://anchor.fm/s/32284f88/podcast/rss,https://podcasts.apple.com/vn/podcast/h%C3%A3y-%C4%83n-t%C3%A1o-h-a-t/id1585524716?uo=4,https://podcasters.spotify.com/pod/show/huynh-anh-thuan
2.29,5,"Below, Beloved - Những câu chuyện dưới tán cây",TEB Communications,vi,https://feeds.transistor.fm/below-beloved-nh-ng-cau-chuy-n-d-i-tan-cay,https://podcasts.apple.com/us/podcast/below-beloved-nh%E1%BB%AFng-c%C3%A2u-chuy%E1%BB%87n-d%C6%B0%E1%BB%9Bi-t%C3%A1n-c%C3%A2y/id1764432496?uo=4,
2.28,8,Những Trang Sách Thiền Audiobook Hub,Yukito Nguyễn,vi,https://anchor.fm/s/f0216128/podcast/rss,https://podcasts.apple.com/us/podcast/nh%E1%BB%AFng-trang-s%C3%A1ch-thi%E1%BB%81n-audiobook-hub/id1724443105?uo=4,https://podcasters.spotify.com/pod/show/alcides-nguyn
2.28,58,Mai Hien Minh Phat,Pham Minh Phat,vi-vn,https://maihienminhphat.com/podcast.xml,https://podcasts.apple.com/vn/podcast/mai-hien-minh-phat/id1652877818?uo=4,https://maihienminhphat.com/
2.28,9,Điều Z nói,Đặng Hương Giang,vi,https://anchor.fm/s/56af214c/podcast/rss,https://podcasts.apple.com/vn/podcast/%C4%91i%E1%BB%81u-z-n%C3%B3i/id1562939518?uo=4,https://podcasters.spotify.com/pod/show/ng-hng-giang
2.27,5,Tám Chuyện Hành,The Bridge Project,vi,https://anchor.fm/s/6a08beb0/podcast/rss,https://podcasts.apple.com/vn/podcast/t%C3%A1m-chuy%E1%BB%87n-h%C3%A0nh/id1586012698?uo=4,https://podcasters.spotify.com/pod/show/the-bridge-project
2.27,7,Bóc Hành,Bóc Hành,vi,https://anchor.fm/s/7f401ad0/podcast/rss,https://podcasts.apple.com/vn/podcast/b%C3%B3c-h%C3%A0nh/id1606926218?uo=4,https://podcasters.spotify.com/pod/show/bochanh
2.26,17,Review Book PodCast,Review Book PodCast,vi,https://anchor.fm/s/10481419c/podcast/rss,https://podcasts.apple.com/us/podcast/review-book-podcast/id1812455961?uo=4,https://podcasters.spotify.com/pod/show/huynh5
2.25,14,Đảo Cảm Xúc,Đảo Cảm Xúc,vi,https://anchor.fm/s/dec32d6c/podcast/rss,https://podcasts.apple.com/vn/podcast/%C4%91%E1%BA%A3o-c%E1%BA%A3m-x%C3%BAc/id1686567817?uo=4,https://podcasters.spotify.com/pod/show/o-cm-xc
2.25,38,ATZ LUXURY,Duc Nguyen,vi,https://anchor.fm/s/db2adbdc/podcast/rss,https://podcasts.apple.com/us/podcast/atz-luxury/id1673285996?uo=4,https://thietkenoithatatz.com
2.24,51,booknest — Nghe sách Nobel Văn học,booknest,vi,https://booknest.codes/podcast.xml,https://podcasts.apple.com/us/podcast/booknest-nghe-s%C3%A1ch-nobel-v%C4%83n-h%E1%BB%8Dc/id6790556248?uo=4,https://booknest.codes/
2.23,20,SUNWIN - Cổng game bài uy tín cập nhật link tải Sunwin APK/IOS mới nhất 2024,Huy Nguyễn,vi,https://feeds.hubhopper.com/73b498332bbee67bb50d12def3061fc5.rss,https://podcasts.apple.com/us/podcast/sunwin-c%E1%BB%95ng-game-b%C3%A0i-uy-t%C3%ADn-c%E1%BA%ADp-nh%E1%BA%ADt-link-t%E1%BA%A3i-sunwin/id1821812936?uo=4,https://hubhopper.com/podcast/sunwin-cong-game-bai-uy-tin-cap-nhat-link-tai-sunwin-apkios-moi-nhat-2024/449565
2.23,7,Thien Giang,Thien Giang,vi,https://anchor.fm/s/d8c69ea8/podcast/rss,https://podcasts.apple.com/vn/podcast/thien-giang/id1663566378?uo=4,https://podcasters.spotify.com/pod/show/thiengiang
2.21,28,KINH PHÁP CÚ,MINH ĐĂNG PODCAST,vi,https://anchor.fm/s/103480b94/podcast/rss,https://podcasts.apple.com/us/podcast/kinh-ph%C3%A1p-c%C3%BA/id1807912602?uo=4,https://podcasters.spotify.com/pod/show/minhdangpodcast
2.21,14,Sharing Is Caring,HÓI,vi,https://anchor.fm/s/69a52634/podcast/rss,https://podcasts.apple.com/vn/podcast/sharing-is-caring/id1586119334?uo=4,https://podcasters.spotify.com/pod/show/hoipodcast
2.2,26,PTGO,"PTGO - Thuê PT đến nhà, tập luyện thả ga",vi,https://ptgo.vn/feed/podcast/,https://podcasts.apple.com/us/podcast/ptgo/id1645853413?uo=4,https://ptgo.vn/podcasts/ptgo/
2.2,7,LinhLe Way,LinhLe Way,vi,https://anchor.fm/s/62a4d564/podcast/rss,https://podcasts.apple.com/vn/podcast/linhle-way/id1586163900?uo=4,https://linhleway.com
2.19,13,Hành Trình Tâm Linh,Trần Quang Thế,vi,https://anchor.fm/s/c935de2c/podcast/rss,https://podcasts.apple.com/vn/podcast/h%C3%A0nh-tr%C3%ACnh-t%C3%A2m-linh/id1725891757?uo=4,https://podcasters.spotify.com/pod/show/thailanshop
2.18,15,Nice Radio,Nice Radio,vi,https://anchor.fm/s/aac29980/podcast/rss,https://podcasts.apple.com/us/podcast/nice-radio/id1636211326?uo=4,https://podcasters.spotify.com/pod/show/gn-bng
2.18,18,Cà Phê Cùng Tony,Tony Buổi Sáng podcast,vi,https://anchor.fm/s/9241d178/podcast/rss,https://podcasts.apple.com/vn/podcast/c%C3%A0-ph%C3%AA-c%C3%B9ng-tony/id1620344011?uo=4,https://bit.ly/tnbsapp
2.18,13,Tôi nhìn Thế giới,Tôi nhìn Thế giới,vi,https://anchor.fm/s/df676e40/podcast/rss,https://podcasts.apple.com/vn/podcast/t%C3%B4i-nh%C3%ACn-th%E1%BA%BF-gi%E1%BB%9Bi/id1683335340?uo=4,https://www.youtube.com/@ToinhinThegioi
2.17,23,Chuyện của Chaly,Chuyện của Chaly,vi,https://anchor.fm/s/679e5a18/podcast/rss,https://podcasts.apple.com/us/podcast/chuy%E1%BB%87n-c%E1%BB%A7a-chaly/id1582884318?uo=4,https://chuyencuachaly.wordpress.com/
2.17,8,Chuyện của Kiên,Nguyen Trung Kien,vi,https://anchor.fm/s/47469ff0/podcast/rss,https://podcasts.apple.com/vn/podcast/chuy%E1%BB%87n-c%E1%BB%A7a-ki%C3%AAn/id1548192324?uo=4,https://www.facebook.com/ntkien214/
2.16,16,BancaH5 - Game Bắn cá đổi thưởng uy tín top 1,BanCaH5 - Game bắn cá đổi thưởng top 1,vi,https://anchor.fm/s/5d71ec80/podcast/rss,https://podcasts.apple.com/us/podcast/bancah5-game-b%E1%BA%AFn-c%C3%A1-%C4%91%E1%BB%95i-th%C6%B0%E1%BB%9Fng-uy-t%C3%ADn-top-1/id1572259674?uo=4,https://bancah5.vip/
2.16,9,Nói Được Làm Được,Nguyen Huynh Thien Phuc,vi,https://anchor.fm/s/d95b1c54/podcast/rss,https://podcasts.apple.com/us/podcast/n%C3%B3i-%C4%91%C6%B0%E1%BB%A3c-l%C3%A0m-%C4%91%C6%B0%E1%BB%A3c/id1666201517?uo=4,https://podcasters.spotify.com/pod/show/noiduoclamduoc
2.16,21,Sống An Nhiên,Sống An Nhiên,vi,https://anchor.fm/s/48038750/podcast/rss,https://podcasts.apple.com/vn/podcast/s%E1%BB%91ng-an-nhi%C3%AAn/id1555112822?uo=4,https://podcasters.spotify.com/pod/show/song-an-nhien
2.16,9,Call Một Chút,Call Một Chút,vi,https://anchor.fm/s/db67ef04/podcast/rss,https://podcasts.apple.com/vn/podcast/call-m%E1%BB%99t-ch%C3%BAt/id1674325326?uo=4,https://podcasters.spotify.com/pod/show/callmotchut
2.15,8,Cuộc Sống Mà!,Trinh Pham,vi,https://rss.buzzsprout.com/2074874.rss,https://podcasts.apple.com/us/podcast/cu%E1%BB%99c-s%E1%BB%91ng-m%C3%A0/id1652151629?uo=4,https://www.buzzsprout.com/2074874
2.15,13,Ở Đây Có Chuyện Bạn Muốn Nghe,Thiên Bảo,vi,https://anchor.fm/s/78d931e0/podcast/rss,https://podcasts.apple.com/vn/podcast/%E1%BB%9F-%C4%91%C3%A2y-c%C3%B3-chuy%E1%BB%87n-b%E1%BA%A1n-mu%E1%BB%91n-nghe/id1601080834?uo=4,https://odaycochuyenbanmuonnghe.com
2.15,6,Đỗ Đức Thông,Đỗ Đức Thông,vi,https://anchor.fm/s/101e9f7a8/podcast/rss,https://podcasts.apple.com/vn/podcast/%C4%91%E1%BB%97-%C4%91%E1%BB%A9c-th%C3%B4ng/id1799743837?uo=4,https://ducthongdo.com
2.14,36,HiSim.VN by Trần Trí Hiệp,Trần Trí Hiệp,vi,https://anchor.fm/s/cae27a64/podcast/rss,https://podcasts.apple.com/vn/podcast/hisim-vn-by-tr%E1%BA%A7n-tr%C3%AD-hi%E1%BB%87p/id1654319719?uo=4,https://hisim.vn/
2.13,11,Bạn ơi Radio,Ken Hoang,vi,https://anchor.fm/s/ea8930ec/podcast/rss,https://podcasts.apple.com/us/podcast/b%E1%BA%A1n-%C6%A1i-radio/id1710479863?uo=4,https://podcasters.spotify.com/pod/show/hong-ng6
2.11,7,Tâm sự kinh doanh Amway,anh,en,https://anchor.fm/s/302321e0/podcast/rss,https://podcasts.apple.com/vn/podcast/t%C3%A2m-s%E1%BB%B1-kinh-doanh-amway/id1528409746?uo=4,https://podcasters.spotify.com/pod/show/anh046
2.11,17,Doanh Nhân Hướng Nội,Business Coach Đỗ Văn Học,vi,https://anchor.fm/s/4e07701c/podcast/rss,https://podcasts.apple.com/vn/podcast/doanh-nh%C3%A2n-h%C6%B0%E1%BB%9Bng-n%E1%BB%99i/id1554998219?uo=4,https://dovanhoc.com
2.11,16,Mr Thức Radio,Mr Thức Máy Pha Chế Đồ Uống UY TÍN CHẤT LƯỢNG,vi,https://anchor.fm/s/6a0e9984/podcast/rss,https://podcasts.apple.com/vn/podcast/mr-th%E1%BB%A9c-radio/id1592310881?uo=4,https://mrthuc.com
2.1,18,蕊希|Nhụy Hy 2018,Jade,zh,https://anchor.fm/s/5c659b70/podcast/rss,https://podcasts.apple.com/us/podcast/%E8%95%8A%E5%B8%8C-nh%E1%BB%A5y-hy-2018/id1569051737?uo=4,https://podcasters.spotify.com/pod/show/u0110an-thanh-nguyu1ec5n-
2.1,15,Healthy Vietnamese,Nhan & Giap,vi,https://anchor.fm/s/52849c00/podcast/rss,https://podcasts.apple.com/us/podcast/healthy-vietnamese/id1562429580?uo=4,https://healthyvietnamese.com/
2.09,11,Em Bé Má Hồng,Em Be Ma Hong,vi,https://www.spreaker.com/show/3548926/episodes/feed,https://podcasts.apple.com/us/podcast/em-b%C3%A9-m%C3%A1-h%E1%BB%93ng/id1467101726?uo=4,https://www.spreaker.com/podcast/em-be-ma-hong--3548926
2.09,19,Hiểu đúng về Tâm lý học,Hiểu đúng về Tâm lý học,vi,https://anchor.fm/s/eefe7a10/podcast/rss,https://podcasts.apple.com/vn/podcast/hi%E1%BB%83u-%C4%91%C3%BAng-v%E1%BB%81-t%C3%A2m-l%C3%BD-h%E1%BB%8Dc/id1721128201?uo=4,https://podcasters.spotify.com/pod/show/hiu-ng-v-tm-l-hc
2.08,8,Chuyện Marketing Linh Kể,Linh Khánh,vi,https://anchor.fm/s/5a5cf2c4/podcast/rss,https://podcasts.apple.com/us/podcast/chuy%E1%BB%87n-marketing-linh-k%E1%BB%83/id1567354062?uo=4,https://podcasters.spotify.com/pod/show/imlynn
2.08,6,Chuyện nghề BANK,Chuyện nghề BANK,vi,https://anchor.fm/s/fcdf05a0/podcast/rss,https://podcasts.apple.com/us/podcast/chuy%E1%BB%87n-ngh%E1%BB%81-bank/id1776845615?uo=4,https://podcasters.spotify.com/pod/show/chuyennghebank
2.08,11,Chuyện của Hạnh,Lê Minh Hạnh,vi,https://anchor.fm/s/76a2ddcc/podcast/rss,https://podcasts.apple.com/vn/podcast/chuy%E1%BB%87n-c%E1%BB%A7a-h%E1%BA%A1nh/id1598294700?uo=4,https://podcasters.spotify.com/pod/show/le-minh-hnh
2.07,12,Làm gì một mình?,Thanh Thanh,vi,https://anchor.fm/s/639a311c/podcast/rss,https://podcasts.apple.com/us/podcast/l%C3%A0m-g%C3%AC-m%E1%BB%99t-m%C3%ACnh/id1577121346?uo=4,https://podcasters.spotify.com/pod/show/lm-g-mt-mnh
2.07,13,Thư viện Dương Liễu,Duong Lieu Library,vi,https://anchor.fm/s/64b3d51c/podcast/rss,https://podcasts.apple.com/vn/podcast/th%C6%B0-vi%E1%BB%87n-d%C6%B0%C6%A1ng-li%E1%BB%85u/id1584275505?uo=4,https://podcasters.spotify.com/pod/show/duong-lieu-library
2.06,10,"Hằng Mii Podcast - Lối sống, làm đẹp, du lịch của một cô gái ở độ tuổi đôi mươi - WAVES",Hằng Mii & Waves,vi-vn,https://pinecast.com/feed/h-ng-mii-podcast-waves,https://podcasts.apple.com/vn/podcast/h%E1%BA%B1ng-mii-podcast-l%E1%BB%91i-s%E1%BB%91ng-l%C3%A0m-%C4%91%E1%BA%B9p-du-l%E1%BB%8Bch-c%E1%BB%A7a-m%E1%BB%99t-c%C3%B4/id1493898190?uo=4,https://waves8.com/
2.06,11,Cát Có Cách❗️,Linh Cát,vi,https://anchor.fm/s/6b639938/podcast/rss,https://podcasts.apple.com/vn/podcast/c%C3%A1t-c%C3%B3-c%C3%A1ch/id1591400801?uo=4,https://podcasters.spotify.com/pod/show/linh-c341t
2.05,10,Thích Nhật Từ - Giải đáp về những vấn đề trong cuộc sống với Phật Giáo - WAVES,Thích Nhật Từ & Waves,vi-vn,https://pinecast.com/feed/van-dap-phat-phap-thich-nhat-t,https://podcasts.apple.com/vn/podcast/th%C3%ADch-nh%E1%BA%ADt-t%E1%BB%AB-gi%E1%BA%A3i-%C4%91%C3%A1p-v%E1%BB%81-nh%E1%BB%AFng-v%E1%BA%A5n-%C4%91%E1%BB%81-trong-cu%E1%BB%99c-s%E1%BB%91ng/id1491313786?uo=4,https://waves8.com/
2.04,10,Hẻm Radio,Hẻm Radio,vi,https://anchor.fm/s/eab880a4/podcast/rss,https://podcasts.apple.com/us/podcast/h%E1%BA%BBm-radio/id1727823905?uo=4,https://podcasters.spotify.com/pod/show/hem-radio
2.04,10,CoGiHayMinhCungHoc,ByAnna,vi,https://anchor.fm/s/112a0e390/podcast/rss,https://podcasts.apple.com/vn/podcast/cogihayminhcunghoc/id1896872058?uo=4,https://podcasters.spotify.com/pod/show/cogihayminhcunghoc
2.03,9,LeBIn Bookstore,Thu Ha Pham,vi,http://rss.castbox.fm/everest/523b2b1fe244460b9c9288b9dcfe05e4.xml,https://podcasts.apple.com/vn/podcast/lebin-bookstore/id1563224899?uo=4,https://castbox.fm/ch/4042042
2.03,21,Tin học Anh Phát,Tin hoc Anh Phat,vi,https://anchor.fm/s/dc928740/podcast/rss,https://podcasts.apple.com/vn/podcast/tin-h%E1%BB%8Dc-anh-ph%C3%A1t/id1677779963?uo=4,https://tinhocanhphat.vn/
2.02,48,Mắt Đông Đô - Trung Tâm Mắt Kỹ Thuật Cao Bệnh viện Đông Đô,Đinh Thị Phương Thủy,vi-vn,https://matdongdo.com.vn/podcast.xml,https://podcasts.apple.com/us/podcast/m%E1%BA%AFt-%C4%91%C3%B4ng-%C4%91%C3%B4-trung-t%C3%A2m-m%E1%BA%AFt-k%E1%BB%B9-thu%E1%BA%ADt-cao-b%E1%BB%87nh-vi%E1%BB%87n-%C4%91%C3%B4ng-%C4%91%C3%B4/id1712627742?uo=4,https://matdongdo.com.vn/
2.02,10,Audio Truyện - Những câu chuyện kiếm hiệp hay và hấp dẫn nhất - WAVES,Audio Truyện & Waves,vi-vn,https://pinecast.com/feed/audio-truyen,https://podcasts.apple.com/vn/podcast/audio-truy%E1%BB%87n-nh%E1%BB%AFng-c%C3%A2u-chuy%E1%BB%87n-ki%E1%BA%BFm-hi%E1%BB%87p-hay-v%C3%A0-h%E1%BA%A5p/id1493767031?uo=4,https://waves8.com
2.02,13,Tâm Lành,Cát Tường,vi,https://anchor.fm/s/a5dca6f4/podcast/rss,https://podcasts.apple.com/vn/podcast/t%C3%A2m-l%C3%A0nh/id1633763480?uo=4,http://cattuongbook.com
2.02,50,Nha khoa DAISY,Nha khoa DAISY,vi-vn,https://nhakhoadaisy.vn/podcast.xml,https://podcasts.apple.com/vn/podcast/nha-khoa-daisy/id1628968373?uo=4,https://nhakhoadaisy.vn/
2.01,26,Ngày Hôm Nay Của Bạn Thế Nào ?,H!,vi,https://anchor.fm/s/760f1d30/podcast/rss,https://podcasts.apple.com/vn/podcast/ng%C3%A0y-h%C3%B4m-nay-c%E1%BB%A7a-b%E1%BA%A1n-th%E1%BA%BF-n%C3%A0o/id1616707743?uo=4,https://www.facebook.com/huyhoangsocute
2.01,11,LUÂN XA podcast,Bầu Trời Bên Trong,vi,https://anchor.fm/s/d40d7df0/podcast/rss,https://podcasts.apple.com/vn/podcast/lu%C3%A2n-xa-podcast/id1658497400?uo=4,https://bautroibentrong.com
2.01,19,hoaoop,hoa nguyen,vi,https://anchor.fm/s/59315278/podcast/rss,https://podcasts.apple.com/vn/podcast/hoaoop/id1565822094?uo=4,https://podcasters.spotify.com/pod/show/hoa.oop
2.01,10,Xuân Quỳnh - Cuộc Sống Ở Melbourne - WAVES,Xuân Quỳnh & Waves,en-us,https://pinecast.com/feed/xuan-quynh-cuoc-song-o-melbour,https://podcasts.apple.com/vn/podcast/xu%C3%A2n-qu%E1%BB%B3nh-cu%E1%BB%99c-s%E1%BB%91ng-%E1%BB%9F-melbourne-waves/id1491310425?uo=4,https://waves8.com/
2.0,11,Đời sống văn phòng - LPTech.Asia,Lê Văn Phú,vi,https://podcast.lptech.asia/podcast/playlist/2,https://podcasts.apple.com/us/podcast/%C4%91%E1%BB%9Di-s%E1%BB%91ng-v%C4%83n-ph%C3%B2ng-lptech-asia/id1658448732?uo=4,https://podcast.lptech.asia/
2.0,14,Khoa Khoa podcast,Nguyen Anh Khoa,en,https://anchor.fm/s/61b68ef4/podcast/rss,https://podcasts.apple.com/vn/podcast/khoa-khoa-podcast/id1577126090?uo=4,https://podcasters.spotify.com/pod/show/nguyen-anh-khoa
